#	X	Y	Planet	Star System	Type	Massive	Hot	Electric	Frozen	Singularity	Notes	Connections	Constellation
1	41	58	Talos	Talos	Sun	TRUE	TRUE	FALSE	FALSE	FALSE		Pothos	Pasithea
2	41	58	Alpha Talos	Talos	Gas giant	FALSE	FALSE	FALSE	FALSE	FALSE			Pasithea
3	41	58	Beta Talos	Talos	Gas giant	FALSE	FALSE	FALSE	FALSE	FALSE			Pasithea
4	41	58	Gamma Talos	Talos	Gas giant	FALSE	FALSE	TRUE	FALSE	FALSE			Pasithea
5	28	82	Pothos	Pothos	Sun	TRUE	TRUE	FALSE	FALSE	FALSE		Talos, Creusa	Pasithea
6	28	82	Alpha Pothos	Pothos	Inferno	FALSE	TRUE	FALSE	FALSE	FALSE			Pasithea
7	28	82	Beta Pothos	Pothos	Alien world	FALSE	FALSE	FALSE	FALSE	FALSE			Pasithea
8	28	82	Chi Pothos	Pothos	Barren rock	FALSE	FALSE	FALSE	FALSE	FALSE	moon		Pasithea
9	28	82	Phi Pothos	Pothos	Alien world	FALSE	FALSE	FALSE	FALSE	FALSE	moon		Pasithea
10	28	82	Epsilon Pothos	Pothos	Terran planet	FALSE	FALSE	FALSE	FALSE	FALSE			Pasithea
11	28	82	Madam Una	Pothos	Fortune Teller	FALSE	FALSE	FALSE	FALSE	FALSE			Pasithea
12	28	82	Eta Pothos	Pothos	Alien world	FALSE	FALSE	FALSE	FALSE	FALSE			Pasithea
13	42	111	Creusa	Creusa	Sun	TRUE	TRUE	FALSE	FALSE	FALSE		Pothos, Argea	Pasithea
14	42	111	Alpha Creusa	Creusa	Terran planet	FALSE	FALSE	FALSE	FALSE	FALSE			Pasithea
15	42	111	Creusa campus	Creusa	Heroes Academy	FALSE	FALSE	FALSE	FALSE	FALSE			Pasithea
16	42	111	Chi Creusa	Creusa	Alien world	FALSE	FALSE	FALSE	FALSE	FALSE	moon		Pasithea
17	42	111	Delta Creusa	Creusa	Gas giant	FALSE	FALSE	FALSE	FALSE	FALSE			Pasithea
18	42	111	Epsilon Creusa	Creusa	Alien world	FALSE	FALSE	FALSE	FALSE	FALSE			Pasithea
19	42	111	Tau Creusa	Creusa	Barren rock	FALSE	FALSE	FALSE	FALSE	FALSE	moon		Pasithea
20	42	111	Sigma Creusa	Creusa	Alien world	FALSE	FALSE	TRUE	FALSE	FALSE	moon		Pasithea
21	42	111	Theta Creusa	Creusa	Terran planet	FALSE	FALSE	FALSE	FALSE	FALSE			Pasithea
22	42	111	Pi Creusa	Creusa	Artificial moon	FALSE	FALSE	FALSE	FALSE	FALSE	moon		Pasithea
23	42	111	Omicron Creusa	Creusa	Alien world	FALSE	FALSE	FALSE	FALSE	FALSE	moon		Pasithea
24	33	137	Argea	Argea	Sun	TRUE	TRUE	FALSE	FALSE	FALSE		Creusa, Telesphorus, Alcinous, Limos, Pyrrhichos	Pasithea
25	33	137	Alpha Argea	Argea	Alien world	FALSE	FALSE	FALSE	FALSE	FALSE			Pasithea
26	33	137	Argea dealership	Argea	Heroware	FALSE	FALSE	FALSE	FALSE	FALSE			Pasithea
27	33	137	Gamma Argea	Argea	Alien world	FALSE	FALSE	FALSE	FALSE	FALSE			Pasithea
28	33	137	Delta Argea	Argea	Terran planet	FALSE	FALSE	FALSE	FALSE	FALSE			Pasithea
29	33	137	Epsilon Argea	Argea	Terran planet	FALSE	FALSE	FALSE	FALSE	FALSE			Pasithea
30	33	137	Zeta Argea	Argea	Gas giant	FALSE	FALSE	FALSE	FALSE	FALSE			Pasithea
31	37	158	Telesphorus	Telesphorus	Sun	TRUE	TRUE	FALSE	FALSE	FALSE		Argea	Pasithea
32	37	158	Alpha Telesphorus	Telesphorus	Alien world	FALSE	FALSE	TRUE	FALSE	FALSE			Pasithea
33	37	158	Beta Telesphorus	Telesphorus	Alien world	FALSE	FALSE	FALSE	FALSE	FALSE			Pasithea
34	37	158	Chi Telesphorus	Telesphorus	Alien world	FALSE	FALSE	TRUE	FALSE	FALSE	moon		Pasithea
35	44	138	Limos	Limos	Sun	TRUE	TRUE	FALSE	FALSE	FALSE		Argea	Pasithea
36	44	138	Alpha Limos	Limos	Alien world	FALSE	FALSE	FALSE	FALSE	FALSE			Pasithea
37	44	138	Beta Limos	Limos	Terran planet	FALSE	FALSE	FALSE	FALSE	FALSE			Pasithea
38	44	138	Madam Mercy	Limos	Fortune Teller	FALSE	FALSE	FALSE	FALSE	FALSE			Pasithea
39	61	168	Alcinous	Alcinous	Sun	TRUE	TRUE	FALSE	FALSE	FALSE		Argea, Pronax	Pasithea
40	61	168	Alpha Alcinous	Alcinous	Terran planet	FALSE	FALSE	FALSE	FALSE	FALSE			Pasithea
41	61	168	Beta Alcinous	Alcinous	Alien world	FALSE	FALSE	FALSE	FALSE	FALSE			Pasithea
42	61	168	Chi Alcinous	Alcinous	Alien world	FALSE	FALSE	FALSE	FALSE	FALSE	moon		Pasithea
43	61	168	Delta Alcinous	Alcinous	Alien world	FALSE	FALSE	FALSE	FALSE	FALSE			Pasithea
44	61	168	Epsilon Alcinous	Alcinous	Gas giant	FALSE	FALSE	FALSE	FALSE	FALSE			Pasithea
45	61	168	Tau Alcinous	Alcinous	Artificial moon	FALSE	FALSE	FALSE	FALSE	FALSE	moon		Pasithea
46	61	168	Eta Alcinous	Alcinous	Terran planet	FALSE	FALSE	FALSE	FALSE	FALSE			Pasithea
47	74	145	Pronax	Pronax	Sun	TRUE	TRUE	FALSE	FALSE	FALSE		Alcinous, Amphithea	Pasithea
48	74	145	Alpha Pronax	Pronax	Alien world	FALSE	FALSE	FALSE	FALSE	FALSE			Pasithea
49	74	145	Psi Pronax	Pronax	Alien world	FALSE	FALSE	FALSE	FALSE	FALSE	moon		Pasithea
50	74	145	Chi Pronax	Pronax	Alien world	FALSE	FALSE	TRUE	FALSE	FALSE	moon		Pasithea
51	74	145	Phi Pronax	Pronax	Alien world	FALSE	FALSE	FALSE	FALSE	FALSE	moon		Pasithea
52	74	145	Epsilon Pronax	Pronax	Terran planet	FALSE	FALSE	FALSE	FALSE	FALSE			Pasithea
53	74	145	Tau Pronax	Pronax	Barren rock	FALSE	FALSE	FALSE	FALSE	FALSE	moon		Pasithea
54	74	145	Sigma Pronax	Pronax	Alien world	FALSE	FALSE	TRUE	FALSE	FALSE	moon		Pasithea
55	74	145	Theta Pronax	Pronax	Alien world	FALSE	FALSE	TRUE	FALSE	FALSE			Pasithea
56	74	145	Restaurant #5066	Pronax	Space Burger	FALSE	FALSE	FALSE	FALSE	FALSE			Pasithea
57	76	158	Amphithea	Amphithea	Sun	TRUE	TRUE	FALSE	FALSE	FALSE		Pronax	Pasithea
58	76	158	Alpha Amphithea	Amphithea	Alien world	FALSE	FALSE	FALSE	FALSE	FALSE			Pasithea
59	76	158	Beta Amphithea	Amphithea	Gas giant	FALSE	FALSE	FALSE	FALSE	FALSE			Pasithea
60	76	158	Chi Amphithea	Amphithea	Barren rock	FALSE	FALSE	FALSE	FALSE	FALSE	moon		Pasithea
61	70	118	Pyrrhichos	Pyrrhichos	Sun	TRUE	TRUE	FALSE	FALSE	FALSE		Argea	Pasithea
62	70	118	Alpha Pyrrhichos	Pyrrhichos	Alien world	FALSE	FALSE	TRUE	FALSE	FALSE			Pasithea
63	70	118	Psi Pyrrhichos	Pyrrhichos	Alien world	FALSE	FALSE	FALSE	FALSE	FALSE	moon		Pasithea
64	70	118	Chi Pyrrhichos	Pyrrhichos	Alien world	FALSE	FALSE	TRUE	FALSE	FALSE	moon		Pasithea
65	70	118	Delta Pyrrhichos	Pyrrhichos	Inferno	FALSE	TRUE	FALSE	FALSE	FALSE			Pasithea
66	70	118	Outlet 2442.3881	Pyrrhichos	Gus's Gas	FALSE	FALSE	FALSE	FALSE	FALSE			Pasithea
67	70	118	Zeta Pyrrhichos	Pyrrhichos	Alien world	FALSE	FALSE	FALSE	FALSE	FALSE			Pasithea
68	70	118	Eta Pyrrhichos	Pyrrhichos	Terran planet	FALSE	FALSE	FALSE	FALSE	FALSE			Pasithea
69	60	86	Delphin	Delphin	Sun	TRUE	TRUE	FALSE	FALSE	FALSE		Demeter	Thoosa
70	60	86	Alpha Delphin	Delphin	Terran planet	FALSE	FALSE	FALSE	FALSE	FALSE			Thoosa
71	66	85	Demeter	Demeter	Sun	TRUE	TRUE	FALSE	FALSE	FALSE		Delphin, Calchas	Thoosa
72	66	85	Alpha Demeter	Demeter	Alien world	FALSE	FALSE	FALSE	FALSE	FALSE			Thoosa
73	66	85	Demeter station	Demeter	Aftermarket Station	FALSE	FALSE	FALSE	FALSE	FALSE			Thoosa
74	66	85	Gamma Demeter	Demeter	Gas giant	FALSE	FALSE	FALSE	FALSE	FALSE			Thoosa
75	78	80	Calchas	Calchas	Sun	TRUE	TRUE	FALSE	FALSE	FALSE		Demeter, Simon, Pallas	Thoosa
76	78	80	Alpha Calchas	Calchas	Alien world	FALSE	FALSE	FALSE	FALSE	FALSE			Thoosa
77	78	80	Psi Calchas	Calchas	Alien world	FALSE	FALSE	FALSE	FALSE	FALSE	moon		Thoosa
78	78	80	Moloch	Calchas	Asteroid belt	FALSE	FALSE	FALSE	FALSE	FALSE			Thoosa
79	78	80	Delta Calchas	Calchas	Alien world	FALSE	FALSE	FALSE	FALSE	FALSE			Thoosa
80	78	80	Epsilon Calchas	Calchas	Terran planet	FALSE	FALSE	FALSE	FALSE	FALSE			Thoosa
81	78	80	Tau Calchas	Calchas	Artificial moon	FALSE	FALSE	FALSE	FALSE	FALSE	moon		Thoosa
82	78	80	Eta Calchas	Calchas	Terran planet	FALSE	FALSE	FALSE	FALSE	FALSE			Thoosa
83	81	91	Simon	Simon	Sun	TRUE	TRUE	FALSE	FALSE	FALSE		Calchas	Thoosa
84	81	91	Alpha Simon	Simon	Alien world	FALSE	FALSE	FALSE	FALSE	FALSE			Thoosa
85	81	91	Beta Simon	Simon	Alien world	FALSE	FALSE	FALSE	FALSE	FALSE			Thoosa
86	81	91	Chi Simon	Simon	Alien world	FALSE	FALSE	FALSE	FALSE	FALSE	moon		Thoosa
87	112	107	Pallas	Pallas	Sun	TRUE	TRUE	FALSE	FALSE	FALSE		Melantho, Calchas, Deipyle	Thoosa
88	112	107	Alpha Pallas	Pallas	Inferno	FALSE	TRUE	FALSE	FALSE	FALSE			Thoosa
89	112	107	Beta Pallas	Pallas	Alien world	FALSE	FALSE	FALSE	FALSE	FALSE			Thoosa
90	112	107	Gamma Pallas	Pallas	Terran planet	FALSE	FALSE	FALSE	FALSE	FALSE			Thoosa
91	112	107	Delta Pallas	Pallas	Gas giant	FALSE	FALSE	FALSE	FALSE	FALSE			Thoosa
92	112	107	Epsilon Pallas	Pallas	Frozen wasteland	FALSE	FALSE	FALSE	TRUE	FALSE			Thoosa
93	92	105	Melantho	Melantho	Sun	TRUE	TRUE	FALSE	FALSE	FALSE		Pallas	Thoosa
94	92	105	Alpha Melantho	Melantho	Terran planet	FALSE	FALSE	FALSE	FALSE	FALSE			Thoosa
95	92	105	Melantho dealership	Melantho	Heroware	FALSE	FALSE	FALSE	FALSE	FALSE			Thoosa
96	92	105	Gamma Melantho	Melantho	Alien world	FALSE	FALSE	FALSE	FALSE	FALSE			Thoosa
97	92	105	Phi Melantho	Melantho	Barren rock	FALSE	FALSE	FALSE	FALSE	FALSE	moon		Thoosa
98	92	105	Epsilon Melantho	Melantho	Gas giant	FALSE	FALSE	FALSE	FALSE	FALSE			Thoosa
99	113	146	Deipyle	Deipyle	Sun	TRUE	TRUE	FALSE	FALSE	FALSE		Eurynome, Agamemnon, Pallas	Thoosa
100	113	146	Alpha Deipyle	Deipyle	Terran planet	FALSE	FALSE	FALSE	FALSE	FALSE			Thoosa
101	113	146	Beta Deipyle	Deipyle	Inferno	FALSE	TRUE	FALSE	FALSE	FALSE			Thoosa
102	113	146	Gamma Deipyle	Deipyle	Alien world	FALSE	FALSE	FALSE	FALSE	FALSE			Thoosa
103	113	146	Delta Deipyle	Deipyle	Alien world	FALSE	FALSE	FALSE	FALSE	FALSE			Thoosa
104	113	146	Epsilon Deipyle	Deipyle	Alien world	FALSE	FALSE	FALSE	FALSE	FALSE			Thoosa
105	125	131	Agamemnon	Agamemnon	Sun	TRUE	TRUE	FALSE	FALSE	FALSE		Deipyle	Thoosa
106	125	131	Alpha Agamemnon	Agamemnon	Gas giant	FALSE	FALSE	FALSE	FALSE	FALSE			Thoosa
107	125	131	Beta Agamemnon	Agamemnon	Alien world	FALSE	FALSE	FALSE	FALSE	FALSE			Thoosa
108	125	131	Chi Agamemnon	Agamemnon	Artificial moon	FALSE	FALSE	FALSE	FALSE	FALSE	moon		Thoosa
109	125	131	Delta Agamemnon	Agamemnon	Alien world	FALSE	FALSE	FALSE	FALSE	FALSE			Thoosa
110	125	131	Upsilon Agamemnon	Agamemnon	Barren rock	FALSE	FALSE	FALSE	FALSE	FALSE	moon		Thoosa
111	125	131	Zeta Agamemnon	Agamemnon	Alien world	FALSE	FALSE	FALSE	FALSE	FALSE			Thoosa
112	125	131	Eta Agamemnon	Agamemnon	Terran planet	FALSE	FALSE	FALSE	FALSE	FALSE			Thoosa
113	116	161	Eurynome	Eurynome	Sun	TRUE	TRUE	FALSE	FALSE	FALSE		Gelos, Deipyle	Thoosa
114	116	161	Alpha Eurynome	Eurynome	Terran planet	FALSE	FALSE	FALSE	FALSE	FALSE			Thoosa
115	116	161	Psi Eurynome	Eurynome	Alien world	FALSE	FALSE	FALSE	FALSE	FALSE	moon		Thoosa
116	116	161	Restaurant #2464	Eurynome	Space Burger	FALSE	FALSE	FALSE	FALSE	FALSE			Thoosa
117	116	161	Delta Eurynome	Eurynome	Alien world	FALSE	FALSE	FALSE	FALSE	FALSE			Thoosa
118	116	161	Outlet 3902.5298	Eurynome	Gus's Gas	FALSE	FALSE	FALSE	FALSE	FALSE			Thoosa
119	125	174	Gelos	Gelos	Sun	TRUE	TRUE	FALSE	FALSE	FALSE		Eurynome	Thoosa
120	125	174	Alpha Gelos	Gelos	Terran planet	FALSE	FALSE	FALSE	FALSE	FALSE			Thoosa
121	125	174	Psi Gelos	Gelos	Barren rock	FALSE	FALSE	FALSE	FALSE	FALSE	moon		Thoosa
122	101	175	Sophrosyne	Sophrosyne	Sun	TRUE	TRUE	FALSE	FALSE	FALSE		Mylas	Ponos
123	101	175	Alpha Sophrosyne	Sophrosyne	Terran planet	FALSE	FALSE	FALSE	FALSE	FALSE			Ponos
124	101	175	Sophrosyne campus	Sophrosyne	Heroes Academy	FALSE	FALSE	FALSE	FALSE	FALSE			Ponos
125	101	175	Gamma Sophrosyne	Sophrosyne	Alien world	FALSE	FALSE	FALSE	FALSE	FALSE			Ponos
126	92	178	Mylas	Mylas	Sun	TRUE	TRUE	FALSE	FALSE	FALSE		Sophrosyne, Oebalus, Ariadne	Ponos
127	92	178	Alpha Mylas	Mylas	Inferno	FALSE	TRUE	TRUE	FALSE	FALSE			Ponos
128	92	178	Beta Mylas	Mylas	Alien world	FALSE	FALSE	TRUE	FALSE	FALSE			Ponos
129	92	178	Chi Mylas	Mylas	Alien world	FALSE	FALSE	FALSE	FALSE	FALSE	moon		Ponos
130	92	178	Delta Mylas	Mylas	Alien world	FALSE	FALSE	FALSE	FALSE	FALSE			Ponos
131	92	178	Mylas dealership	Mylas	Heroware	FALSE	FALSE	FALSE	FALSE	FALSE			Ponos
132	81	191	Oebalus	Oebalus	Sun	TRUE	TRUE	FALSE	FALSE	FALSE		Mylas	Ponos
133	81	191	Alpha Oebalus	Oebalus	Alien world	FALSE	FALSE	FALSE	FALSE	FALSE			Ponos
134	81	191	Psi Oebalus	Oebalus	Alien world	FALSE	FALSE	FALSE	FALSE	FALSE	moon		Ponos
135	81	191	Chi Oebalus	Oebalus	Alien world	FALSE	FALSE	FALSE	FALSE	FALSE	moon		Ponos
136	81	191	Phi Oebalus	Oebalus	Artificial moon	FALSE	FALSE	FALSE	FALSE	FALSE	moon		Ponos
137	81	191	Epsilon Oebalus	Oebalus	Inferno	FALSE	TRUE	FALSE	FALSE	FALSE			Ponos
138	81	191	Zeta Oebalus	Oebalus	Alien world	FALSE	FALSE	FALSE	FALSE	FALSE			Ponos
139	81	191	Eta Oebalus	Oebalus	Alien world	FALSE	FALSE	FALSE	FALSE	FALSE			Ponos
140	81	191	Rho Oebalus	Oebalus	Alien world	FALSE	FALSE	FALSE	FALSE	FALSE	moon		Ponos
141	81	191	Iota Oebalus	Oebalus	Frozen wasteland	FALSE	FALSE	FALSE	TRUE	FALSE			Ponos
142	118	190	Ariadne	Ariadne	Sun	TRUE	TRUE	FALSE	FALSE	FALSE		Mylas, Matton, Ersa	Ponos
143	118	190	Alpha Ariadne	Ariadne	Alien world	FALSE	FALSE	FALSE	FALSE	FALSE			Ponos
144	118	190	Beta Ariadne	Ariadne	Inferno	FALSE	TRUE	TRUE	FALSE	FALSE			Ponos
145	118	190	Gamma Ariadne	Ariadne	Gas giant	FALSE	FALSE	FALSE	FALSE	FALSE			Ponos
146	112	194	Matton	Matton	Sun	TRUE	TRUE	FALSE	FALSE	FALSE		Ariadne	Ponos
147	112	194	Alpha Matton	Matton	Alien world	FALSE	FALSE	TRUE	FALSE	FALSE			Ponos
148	112	194	Bagba	Matton	Asteroid belt	FALSE	FALSE	FALSE	FALSE	FALSE			Ponos
149	112	194	Gamma Matton	Matton	Gas giant	FALSE	FALSE	TRUE	FALSE	FALSE			Ponos
150	140	190	Ersa	Ersa	Sun	TRUE	TRUE	FALSE	FALSE	FALSE		Cybele, Ariadne	Ponos
151	140	190	Alpha Ersa	Ersa	Terran planet	FALSE	FALSE	FALSE	FALSE	FALSE			Ponos
152	140	190	Madam Malina	Ersa	Fortune Teller	FALSE	FALSE	FALSE	FALSE	FALSE			Ponos
153	140	190	Gamma Ersa	Ersa	Terran planet	FALSE	FALSE	FALSE	FALSE	FALSE			Ponos
154	139	195	Cybele	Cybele	Sun	TRUE	TRUE	FALSE	FALSE	FALSE		Ersa	Ponos
155	139	195	Alpha Cybele	Cybele	Terran planet	FALSE	FALSE	FALSE	FALSE	FALSE			Ponos
156	161	230	Menelaus	Menelaus	Sun	TRUE	TRUE	FALSE	FALSE	FALSE		Antiope	Pentheus
157	161	230	Alpha Menelaus	Menelaus	Inferno	FALSE	TRUE	FALSE	FALSE	FALSE			Pentheus
158	161	230	Beta Menelaus	Menelaus	Gas giant	FALSE	FALSE	FALSE	FALSE	FALSE			Pentheus
159	161	230	Chi Menelaus	Menelaus	Barren rock	FALSE	FALSE	FALSE	FALSE	FALSE	moon		Pentheus
160	161	230	Delta Menelaus	Menelaus	Terran planet	FALSE	FALSE	FALSE	FALSE	FALSE			Pentheus
161	161	230	Epsilon Menelaus	Menelaus	Alien world	FALSE	FALSE	FALSE	FALSE	FALSE			Pentheus
162	161	230	Menelaus dealership	Menelaus	Heroware	FALSE	FALSE	FALSE	FALSE	FALSE			Pentheus
163	161	230	Eta Menelaus	Menelaus	Terran planet	FALSE	FALSE	FALSE	FALSE	FALSE			Pentheus
164	161	230	Outlet 5428.7567	Menelaus	Gus's Gas	FALSE	FALSE	FALSE	FALSE	FALSE			Pentheus
165	111	222	Bia	Bia	Sun	TRUE	TRUE	FALSE	FALSE	FALSE		Phantasos	Pentheus
166	111	222	Alpha Bia	Bia	Alien world	FALSE	FALSE	FALSE	FALSE	FALSE			Pentheus
167	111	222	Beta Bia	Bia	Gas giant	FALSE	FALSE	FALSE	FALSE	FALSE			Pentheus
168	111	222	Outlet 3715.7298	Bia	Gus's Gas	FALSE	FALSE	FALSE	FALSE	FALSE			Pentheus
169	111	222	Delta Bia	Bia	Frozen wasteland	FALSE	FALSE	FALSE	TRUE	FALSE			Pentheus
170	125	224	Phantasos	Phantasos	Sun	TRUE	TRUE	FALSE	FALSE	FALSE		Bia, Antiope	Pentheus
171	125	224	Alpha Phantasos	Phantasos	Gas giant	FALSE	FALSE	FALSE	FALSE	FALSE			Pentheus
172	125	224	Psi Phantasos	Phantasos	Barren rock	FALSE	FALSE	FALSE	FALSE	FALSE	moon		Pentheus
173	125	224	Gamma Phantasos	Phantasos	Alien world	FALSE	FALSE	FALSE	FALSE	FALSE			Pentheus
174	125	224	Delta Phantasos	Phantasos	Alien world	FALSE	FALSE	TRUE	FALSE	FALSE			Pentheus
175	125	224	Upsilon Phantasos	Phantasos	Alien world	FALSE	FALSE	FALSE	FALSE	FALSE	moon		Pentheus
176	106	247	Lachesis	Lachesis	Sun	TRUE	TRUE	FALSE	FALSE	FALSE		Antiope	Pentheus
177	106	247	Alpha Lachesis	Lachesis	Gas giant	FALSE	FALSE	TRUE	FALSE	FALSE			Pentheus
178	104	235	Antiope	Antiope	Sun	TRUE	TRUE	FALSE	FALSE	FALSE		Acamas, Calydon, Lachesis, Phantasos, Menelaus	Pentheus
179	104	235	Alpha Antiope	Antiope	Alien world	FALSE	FALSE	FALSE	FALSE	FALSE			Pentheus
180	104	235	Psi Antiope	Antiope	Artificial moon	FALSE	FALSE	FALSE	FALSE	FALSE	moon		Pentheus
181	104	235	Chi Antiope	Antiope	Artificial moon	FALSE	FALSE	FALSE	FALSE	FALSE	moon		Pentheus
182	104	235	Delta Antiope	Antiope	Alien world	FALSE	FALSE	FALSE	FALSE	FALSE			Pentheus
183	104	235	Epsilon Antiope	Antiope	Alien world	FALSE	FALSE	FALSE	FALSE	FALSE			Pentheus
184	104	235	Tau Antiope	Antiope	Alien world	FALSE	FALSE	TRUE	FALSE	FALSE	moon		Pentheus
185	104	235	Eta Antiope	Antiope	Terran planet	FALSE	FALSE	FALSE	FALSE	FALSE			Pentheus
186	104	235	Rho Antiope	Antiope	Alien world	FALSE	FALSE	FALSE	FALSE	FALSE	moon		Pentheus
187	104	235	Pi Antiope	Antiope	Artificial moon	FALSE	FALSE	FALSE	FALSE	FALSE	moon		Pentheus
188	104	235	Kappa Antiope	Antiope	Alien world	FALSE	FALSE	FALSE	FALSE	FALSE			Pentheus
189	104	235	Antiope station	Antiope	Aftermarket Station	FALSE	FALSE	FALSE	FALSE	FALSE			Pentheus
190	31	190	Morpheus	Morpheus	Sun	TRUE	TRUE	FALSE	FALSE	FALSE		Deioneus	Pentheus
191	31	190	Alpha Morpheus	Morpheus	Gas giant	FALSE	FALSE	TRUE	FALSE	FALSE			Pentheus
192	31	190	Madam Naomie	Morpheus	Fortune Teller	FALSE	FALSE	FALSE	FALSE	FALSE			Pentheus
193	31	190	Gamma Morpheus	Morpheus	Alien world	FALSE	FALSE	FALSE	FALSE	FALSE			Pentheus
194	31	190	Delta Morpheus	Morpheus	Gas giant	FALSE	FALSE	FALSE	FALSE	FALSE			Pentheus
195	31	190	Morpheus station	Morpheus	Aftermarket Station	FALSE	FALSE	FALSE	FALSE	FALSE			Pentheus
196	31	190	Zeta Morpheus	Morpheus	Alien world	FALSE	FALSE	TRUE	FALSE	FALSE			Pentheus
197	31	190	Outlet 1151.6227	Morpheus	Gus's Gas	FALSE	FALSE	FALSE	FALSE	FALSE			Pentheus
198	39	203	Deioneus	Deioneus	Sun	TRUE	TRUE	FALSE	FALSE	FALSE		Morpheus, Calydon	Pentheus
199	39	203	Alpha Deioneus	Deioneus	Terran planet	FALSE	FALSE	FALSE	FALSE	FALSE			Pentheus
200	39	203	Beta Deioneus	Deioneus	Alien world	FALSE	FALSE	FALSE	FALSE	FALSE			Pentheus
201	39	203	Chi Deioneus	Deioneus	Alien world	FALSE	FALSE	FALSE	FALSE	FALSE	moon		Pentheus
202	39	203	Delta Deioneus	Deioneus	Gas giant	FALSE	FALSE	FALSE	FALSE	FALSE			Pentheus
203	39	203	Epsilon Deioneus	Deioneus	Gas giant	FALSE	FALSE	FALSE	FALSE	FALSE			Pentheus
204	39	203	Tau Deioneus	Deioneus	Barren rock	FALSE	FALSE	FALSE	FALSE	FALSE	moon		Pentheus
205	39	203	Eta Deioneus	Deioneus	Gas giant	FALSE	FALSE	FALSE	FALSE	FALSE			Pentheus
206	39	203	Mujaji	Deioneus	Asteroid belt	FALSE	FALSE	FALSE	TRUE	FALSE			Pentheus
207	39	203	Restaurant #921	Deioneus	Space Burger	FALSE	FALSE	FALSE	FALSE	FALSE			Pentheus
208	62	209	Empusa	Empusa	Sun	TRUE	TRUE	FALSE	FALSE	FALSE		Perimede	Pentheus
209	62	209	Alpha Empusa	Empusa	Terran planet	FALSE	FALSE	FALSE	FALSE	FALSE			Pentheus
210	65	217	Perimede	Perimede	Sun	TRUE	TRUE	FALSE	FALSE	FALSE		Empusa, Dindymene	Pentheus
211	65	217	Alpha Perimede	Perimede	Alien world	FALSE	FALSE	FALSE	FALSE	FALSE			Pentheus
212	65	217	Beta Perimede	Perimede	Gas giant	FALSE	FALSE	FALSE	FALSE	FALSE			Pentheus
213	75	225	Dindymene	Dindymene	Sun	TRUE	TRUE	FALSE	FALSE	FALSE		Perimede, Calydon	Pentheus
214	75	225	Alpha Dindymene	Dindymene	Alien world	FALSE	FALSE	FALSE	FALSE	FALSE			Pentheus
215	75	225	Dindymene dealership	Dindymene	Heroware	FALSE	FALSE	FALSE	FALSE	FALSE			Pentheus
216	75	225	Gamma Dindymene	Dindymene	Inferno	FALSE	TRUE	FALSE	FALSE	FALSE			Pentheus
217	75	225	Phi Dindymene	Dindymene	Artificial moon	FALSE	FALSE	FALSE	FALSE	FALSE	moon		Pentheus
218	75	225	Upsilon Dindymene	Dindymene	Artificial moon	FALSE	FALSE	FALSE	FALSE	FALSE	moon		Pentheus
219	75	225	Zeta Dindymene	Dindymene	Alien world	FALSE	FALSE	FALSE	FALSE	FALSE			Pentheus
220	75	225	Restaurant #983	Dindymene	Space Burger	FALSE	FALSE	FALSE	FALSE	FALSE			Pentheus
221	81	209	Calydon	Calydon	Sun	TRUE	TRUE	FALSE	FALSE	FALSE		Deioneus, Dindymene, Antiope	Pentheus
222	81	209	Alpha Calydon	Calydon	Alien world	FALSE	FALSE	FALSE	FALSE	FALSE			Pentheus
223	81	209	Beta Calydon	Calydon	Alien world	FALSE	FALSE	TRUE	FALSE	FALSE			Pentheus
224	81	209	Gamma Calydon	Calydon	Gas giant	FALSE	FALSE	FALSE	FALSE	FALSE			Pentheus
225	81	209	Delta Calydon	Calydon	Alien world	FALSE	FALSE	FALSE	FALSE	FALSE			Pentheus
226	81	209	Epsilon Calydon	Calydon	Frozen wasteland	FALSE	FALSE	FALSE	TRUE	FALSE			Pentheus
227	90	235	Acamas	Acamas	Sun	TRUE	TRUE	FALSE	FALSE	FALSE		Antiope, Chrysanthis	Pentheus
228	90	235	Alpha Acamas	Acamas	Alien world	FALSE	FALSE	FALSE	FALSE	FALSE			Pentheus
229	90	235	Acamas campus	Acamas	Heroes Academy	FALSE	FALSE	FALSE	FALSE	FALSE			Pentheus
230	90	235	Gamma Acamas	Acamas	Terran planet	FALSE	FALSE	FALSE	FALSE	FALSE			Pentheus
231	90	235	Delta Acamas	Acamas	Gas giant	FALSE	FALSE	FALSE	FALSE	FALSE			Pentheus
232	90	235	Epsilon Acamas	Acamas	Alien world	FALSE	FALSE	FALSE	FALSE	FALSE			Pentheus
233	55	250	Chrysanthis	Chrysanthis	Sun	TRUE	TRUE	FALSE	FALSE	FALSE		Acamas	Pentheus
234	55	250	Alpha Chrysanthis	Chrysanthis	Alien world	FALSE	FALSE	FALSE	FALSE	FALSE			Pentheus
235	55	250	Beta Chrysanthis	Chrysanthis	Gas giant	FALSE	FALSE	FALSE	FALSE	FALSE			Pentheus
236	55	250	Nakiwulo	Chrysanthis	Asteroid belt	FALSE	FALSE	FALSE	FALSE	FALSE			Pentheus
237	55	250	Delta Chrysanthis	Chrysanthis	Alien world	FALSE	FALSE	FALSE	FALSE	FALSE			Pentheus
238	62	285	Tanu'la	Tanu'la	Wormhole	TRUE	FALSE	FALSE	FALSE	TRUE			Tanu'la
239	113	38	Assaracus	Assaracus	Sun	TRUE	TRUE	FALSE	FALSE	FALSE		Agapenor	Thestius
240	113	38	Alpha Assaracus	Assaracus	Terran planet	FALSE	FALSE	FALSE	FALSE	FALSE			Thestius
241	113	38	Assaracus campus	Assaracus	Heroes Academy	FALSE	FALSE	FALSE	FALSE	FALSE			Thestius
242	113	38	Nyesaa	Assaracus	Asteroid belt	FALSE	FALSE	FALSE	TRUE	FALSE			Thestius
243	113	38	Restaurant #8415	Assaracus	Space Burger	FALSE	FALSE	FALSE	FALSE	FALSE	Droid #A70E		Thestius
244	125	34	Agapenor	Agapenor	Sun	TRUE	TRUE	FALSE	FALSE	FALSE		Comaetho, Assaracus	Thestius
245	125	34	Alpha Agapenor	Agapenor	Alien world	FALSE	FALSE	FALSE	FALSE	FALSE			Thestius
246	125	34	Agapenor dealership	Agapenor	Heroware	FALSE	FALSE	FALSE	FALSE	FALSE			Thestius
247	125	34	Gamma Agapenor	Agapenor	Terran planet	FALSE	FALSE	FALSE	FALSE	FALSE			Thestius
248	125	34	Outlet 4211.1143	Agapenor	Gus's Gas	FALSE	FALSE	FALSE	FALSE	FALSE			Thestius
249	125	34	Upsilon Agapenor	Agapenor	Artificial moon	FALSE	FALSE	FALSE	FALSE	FALSE	moon		Thestius
250	125	34	Zeta Agapenor	Agapenor	Gas giant	FALSE	FALSE	FALSE	FALSE	FALSE			Thestius
251	130	52	Comaetho	Comaetho	Sun	TRUE	TRUE	FALSE	FALSE	FALSE		Agapenor, Iphigenia, Antinoe	Thestius
252	130	52	Alpha Comaetho	Comaetho	Gas giant	FALSE	FALSE	FALSE	FALSE	FALSE			Thestius
253	130	52	Beta Comaetho	Comaetho	Gas giant	FALSE	FALSE	TRUE	FALSE	FALSE			Thestius
254	130	52	Gamma Comaetho	Comaetho	Alien world	FALSE	FALSE	FALSE	FALSE	FALSE			Thestius
255	130	52	Phi Comaetho	Comaetho	Alien world	FALSE	FALSE	FALSE	FALSE	FALSE	moon		Thestius
256	130	52	Epsilon Comaetho	Comaetho	Alien world	FALSE	FALSE	FALSE	FALSE	FALSE			Thestius
257	130	52	Zeta Comaetho	Comaetho	Frozen wasteland	FALSE	FALSE	FALSE	TRUE	FALSE			Thestius
258	130	52	Sigma Comaetho	Comaetho	Artificial moon	FALSE	FALSE	FALSE	FALSE	FALSE	moon		Thestius
259	130	52	Rho Comaetho	Comaetho	Alien world	FALSE	FALSE	FALSE	FALSE	FALSE	moon		Thestius
260	146	63	Iphigenia	Iphigenia	Sun	TRUE	TRUE	FALSE	FALSE	FALSE		Comaetho, Autonoë	Thestius
261	146	63	Alpha Iphigenia	Iphigenia	Terran planet	FALSE	FALSE	FALSE	FALSE	FALSE			Thestius
262	146	63	Beta Iphigenia	Iphigenia	Alien world	FALSE	FALSE	FALSE	FALSE	FALSE			Thestius
263	146	63	Gamma Iphigenia	Iphigenia	Gas giant	FALSE	FALSE	FALSE	FALSE	FALSE			Thestius
264	146	63	Delta Iphigenia	Iphigenia	Alien world	FALSE	FALSE	FALSE	FALSE	FALSE			Thestius
265	157	67	Autonoë	Autonoë	Sun	TRUE	TRUE	FALSE	FALSE	FALSE		Iphigenia	Thestius
266	157	67	Alpha Autonoë	Autonoë	Inferno	FALSE	TRUE	FALSE	FALSE	FALSE			Thestius
267	157	67	Beta Autonoë	Autonoë	Inferno	FALSE	TRUE	FALSE	FALSE	FALSE			Thestius
268	157	67	Chi Autonoë	Autonoë	Artificial moon	FALSE	FALSE	FALSE	FALSE	FALSE	moon		Thestius
269	157	67	Delta Autonoë	Autonoë	Gas giant	FALSE	FALSE	FALSE	FALSE	FALSE			Thestius
270	135	28	Cerdo	Cerdo	Sun	TRUE	TRUE	FALSE	FALSE	FALSE		Antinoe	Thestius
271	135	28	Alpha Cerdo	Cerdo	Alien world	FALSE	FALSE	TRUE	FALSE	FALSE			Thestius
272	135	28	Cerdo station	Cerdo	Aftermarket Station	FALSE	FALSE	FALSE	FALSE	FALSE			Thestius
273	135	28	Chi Cerdo	Cerdo	Barren rock	FALSE	FALSE	FALSE	FALSE	FALSE	moon		Thestius
274	147	29	Antinoe	Antinoe	Sun	TRUE	TRUE	FALSE	FALSE	FALSE		Comaetho, Cerdo, Phaethon, Pepromene	Thestius
275	147	29	Alpha Antinoe	Antinoe	Inferno	FALSE	TRUE	FALSE	FALSE	FALSE			Thestius
276	147	29	Beta Antinoe	Antinoe	Alien world	FALSE	FALSE	TRUE	FALSE	FALSE			Thestius
277	147	29	Gamma Antinoe	Antinoe	Frozen wasteland	FALSE	FALSE	FALSE	TRUE	FALSE			Thestius
278	147	29	Delta Antinoe	Antinoe	Terran planet	FALSE	FALSE	FALSE	FALSE	FALSE			Thestius
279	147	29	Upsilon Antinoe	Antinoe	Barren rock	FALSE	FALSE	FALSE	FALSE	FALSE	moon		Thestius
280	147	29	Tau Antinoe	Antinoe	Alien world	FALSE	FALSE	FALSE	FALSE	FALSE	moon		Thestius
281	147	29	Sigma Antinoe	Antinoe	Alien world	FALSE	FALSE	FALSE	FALSE	FALSE	moon		Thestius
282	147	29	Theta Antinoe	Antinoe	Gas giant	FALSE	FALSE	FALSE	FALSE	FALSE			Thestius
283	172	52	Phaethon	Phaethon	Sun	TRUE	TRUE	FALSE	FALSE	FALSE		Antinoe	Thestius
284	172	52	Alpha Phaethon	Phaethon	Alien world	FALSE	FALSE	FALSE	FALSE	FALSE			Thestius
285	172	52	Beta Phaethon	Phaethon	Gas giant	FALSE	FALSE	FALSE	FALSE	FALSE			Thestius
286	172	52	Chi Phaethon	Phaethon	Artificial moon	FALSE	FALSE	FALSE	FALSE	FALSE	moon		Thestius
287	172	52	Phi Phaethon	Phaethon	Alien world	FALSE	FALSE	FALSE	FALSE	FALSE	moon		Thestius
288	172	52	Upsilon Phaethon	Phaethon	Artificial moon	FALSE	FALSE	FALSE	FALSE	FALSE	moon		Thestius
289	172	52	Tau Phaethon	Phaethon	Artificial moon	FALSE	FALSE	FALSE	FALSE	FALSE	moon		Thestius
290	172	52	Eta Phaethon	Phaethon	Alien world	FALSE	FALSE	FALSE	FALSE	FALSE			Thestius
291	172	52	Theta Phaethon	Phaethon	Alien world	FALSE	FALSE	TRUE	FALSE	FALSE			Thestius
292	172	52	Pi Phaethon	Phaethon	Artificial moon	FALSE	FALSE	FALSE	FALSE	FALSE	moon		Thestius
293	172	52	Omicron Phaethon	Phaethon	Alien world	FALSE	FALSE	FALSE	FALSE	FALSE	moon		Thestius
294	172	52	Lambda Phaethon	Phaethon	Alien world	FALSE	FALSE	FALSE	FALSE	FALSE			Thestius
295	172	52	Nu Phaethon	Phaethon	Barren rock	FALSE	FALSE	FALSE	FALSE	FALSE	moon		Thestius
296	172	52	Mu Phaethon	Phaethon	Artificial moon	FALSE	FALSE	FALSE	FALSE	FALSE	moon		Thestius
297	172	52	Omega Phaethon	Phaethon	Barren rock	FALSE	FALSE	FALSE	FALSE	FALSE	moon		Thestius
298	159	30	Pepromene	Pepromene	Sun	TRUE	TRUE	FALSE	FALSE	FALSE		Antinoe	Thestius
299	159	30	Alpha Pepromene	Pepromene	Gas giant	FALSE	FALSE	FALSE	FALSE	FALSE			Thestius
300	159	30	Beta Pepromene	Pepromene	Inferno	FALSE	TRUE	FALSE	FALSE	FALSE			Thestius
301	159	30	Madam Astra	Pepromene	Fortune Teller	FALSE	FALSE	FALSE	FALSE	FALSE			Thestius
302	159	30	Delta Pepromene	Pepromene	Alien world	FALSE	FALSE	FALSE	FALSE	FALSE			Thestius
303	183	29	Theiodamas	Theiodamas	Sun	TRUE	TRUE	FALSE	FALSE	FALSE		Apheidas	Jason
304	183	29	Alpha Theiodamas	Theiodamas	Alien world	FALSE	FALSE	FALSE	FALSE	FALSE			Jason
305	183	29	Psi Theiodamas	Theiodamas	Alien world	FALSE	FALSE	FALSE	FALSE	FALSE	moon		Jason
306	183	29	Chi Theiodamas	Theiodamas	Alien world	FALSE	FALSE	FALSE	FALSE	FALSE	moon		Jason
307	183	29	Phi Theiodamas	Theiodamas	Alien world	FALSE	FALSE	FALSE	FALSE	FALSE	moon		Jason
308	183	29	Upsilon Theiodamas	Theiodamas	Alien world	FALSE	FALSE	FALSE	FALSE	FALSE	moon		Jason
309	183	29	Tau Theiodamas	Theiodamas	Alien world	FALSE	FALSE	FALSE	FALSE	FALSE	moon		Jason
310	183	29	Eta Theiodamas	Theiodamas	Alien world	FALSE	FALSE	FALSE	FALSE	FALSE			Jason
311	183	29	Theta Theiodamas	Theiodamas	Alien world	FALSE	FALSE	FALSE	FALSE	FALSE			Jason
312	183	29	Restaurant #5001	Theiodamas	Space Burger	FALSE	FALSE	FALSE	FALSE	FALSE			Jason
313	197	35	Apheidas	Apheidas	Sun	TRUE	TRUE	FALSE	FALSE	FALSE		Taygete, Theiodamas	Jason
314	197	35	Alpha Apheidas	Apheidas	Terran planet	FALSE	FALSE	FALSE	FALSE	FALSE			Jason
315	197	35	Beta Apheidas	Apheidas	Alien world	FALSE	FALSE	FALSE	FALSE	FALSE			Jason
316	197	35	Gamma Apheidas	Apheidas	Alien world	FALSE	FALSE	FALSE	FALSE	FALSE			Jason
317	197	35	Delta Apheidas	Apheidas	Terran planet	FALSE	FALSE	FALSE	FALSE	FALSE			Jason
318	197	35	Upsilon Apheidas	Apheidas	Artificial moon	FALSE	FALSE	FALSE	FALSE	FALSE	moon		Jason
319	218	34	Taygete	Taygete	Sun	TRUE	TRUE	FALSE	FALSE	FALSE		Apheidas, Raidne, Zetes, Oncius	Jason
320	218	34	Alpha Taygete	Taygete	Alien world	FALSE	FALSE	FALSE	FALSE	FALSE			Jason
321	218	34	Beta Taygete	Taygete	Inferno	FALSE	TRUE	FALSE	FALSE	FALSE			Jason
322	218	34	Gamma Taygete	Taygete	Alien world	FALSE	FALSE	FALSE	FALSE	FALSE			Jason
323	218	34	Delta Taygete	Taygete	Terran planet	FALSE	FALSE	FALSE	FALSE	FALSE			Jason
324	218	34	Upsilon Taygete	Taygete	Barren rock	FALSE	FALSE	FALSE	FALSE	FALSE	moon		Jason
325	218	34	Tau Taygete	Taygete	Artificial moon	FALSE	FALSE	FALSE	FALSE	FALSE	moon		Jason
326	218	34	Sigma Taygete	Taygete	Alien world	FALSE	FALSE	FALSE	FALSE	FALSE	moon		Jason
327	218	34	Theta Taygete	Taygete	Frozen wasteland	FALSE	FALSE	FALSE	TRUE	FALSE			Jason
328	218	34	Outlet 7332.1128	Taygete	Gus's Gas	FALSE	FALSE	FALSE	FALSE	FALSE			Jason
329	215	22	Oncius Majoris	Oncius	Binary Sun	TRUE	TRUE	FALSE	FALSE	FALSE		Taygete	Jason
330	215	22	Oncius Minoris	Oncius	Binary Sun	TRUE	TRUE	FALSE	FALSE	FALSE			Jason
331	215	22	Alpha Oncius	Oncius	Inferno	FALSE	TRUE	FALSE	FALSE	FALSE			Jason
332	215	22	Beta Oncius	Oncius	Inferno	FALSE	TRUE	FALSE	FALSE	FALSE			Jason
333	215	22	Oncius campus	Oncius	Heroes Academy	FALSE	FALSE	FALSE	FALSE	FALSE			Jason
334	215	22	Phi Oncius	Oncius	Alien world	FALSE	FALSE	FALSE	FALSE	FALSE	moon		Jason
335	215	22	Epsilon Oncius	Oncius	Terran planet	FALSE	FALSE	FALSE	FALSE	FALSE			Jason
336	217	48	Raidne	Raidne	Sun	TRUE	TRUE	FALSE	FALSE	FALSE		Lamia, Taygete	Jason
337	217	48	Alpha Raidne	Raidne	Alien world	FALSE	FALSE	FALSE	FALSE	FALSE			Jason
338	217	48	Beta Raidne	Raidne	Inferno	FALSE	TRUE	FALSE	FALSE	FALSE			Jason
339	217	48	Kaang	Raidne	Asteroid belt	FALSE	FALSE	FALSE	FALSE	FALSE			Jason
340	217	48	Delta Raidne	Raidne	Alien world	FALSE	FALSE	TRUE	FALSE	FALSE			Jason
341	217	48	Epsilon Raidne	Raidne	Frozen wasteland	FALSE	FALSE	FALSE	TRUE	FALSE			Jason
342	217	48	Tau Raidne	Raidne	Barren rock	FALSE	FALSE	FALSE	FALSE	FALSE	moon		Jason
343	217	48	Sigma Raidne	Raidne	Barren rock	FALSE	FALSE	FALSE	FALSE	FALSE	moon		Jason
344	207	53	Lamia	Lamia	Sun	TRUE	TRUE	FALSE	FALSE	FALSE		Raidne	Jason
345	207	53	Alpha Lamia	Lamia	Alien world	FALSE	FALSE	TRUE	FALSE	FALSE			Jason
346	240	33	Zetes	Zetes	Sun	TRUE	TRUE	FALSE	FALSE	FALSE		Taygete, Philophrosyne, Cilla	Jason
347	240	33	Alpha Zetes	Zetes	Terran planet	FALSE	FALSE	FALSE	FALSE	FALSE			Jason
348	240	33	Psi Zetes	Zetes	Alien world	FALSE	FALSE	FALSE	FALSE	FALSE	moon		Jason
349	240	33	Chi Zetes	Zetes	Artificial moon	FALSE	FALSE	FALSE	FALSE	FALSE	moon		Jason
350	240	33	Delta Zetes	Zetes	Gas giant	FALSE	FALSE	FALSE	FALSE	FALSE			Jason
351	240	33	Epsilon Zetes	Zetes	Alien world	FALSE	FALSE	FALSE	FALSE	FALSE			Jason
352	240	33	Eta Zetes	Zetes	Alien world	FALSE	FALSE	FALSE	FALSE	FALSE			Jason
353	240	33	Madam Tamala	Zetes	Fortune Teller	FALSE	FALSE	FALSE	FALSE	FALSE			Jason
354	240	33	Zeta Zetes	Zetes	Terran planet	FALSE	FALSE	FALSE	FALSE	FALSE			Jason
355	260	50	Philophrosyne	Philophrosyne	Sun	TRUE	TRUE	FALSE	FALSE	FALSE		Zetes	Jason
356	260	50	Alpha Philophrosyne	Philophrosyne	Terran planet	FALSE	FALSE	FALSE	FALSE	FALSE			Jason
357	260	50	Beta Philophrosyne	Philophrosyne	Alien world	FALSE	FALSE	FALSE	FALSE	FALSE			Jason
358	260	50	Gamma Philophrosyne	Philophrosyne	Alien world	FALSE	FALSE	FALSE	FALSE	FALSE			Jason
359	260	50	Philophrosyne dealership	Philophrosyne	Heroware	FALSE	FALSE	FALSE	FALSE	FALSE			Jason
360	258	22	Cilla	Cilla	Sun	TRUE	TRUE	FALSE	FALSE	FALSE		Zetes	Jason
361	258	22	Alpha Cilla	Cilla	Gas giant	FALSE	FALSE	FALSE	FALSE	FALSE			Jason
362	258	22	Cilla station	Cilla	Aftermarket Station	FALSE	FALSE	FALSE	FALSE	FALSE			Jason
363	258	22	Gamma Cilla	Cilla	Gas giant	FALSE	FALSE	FALSE	FALSE	FALSE			Jason
364	258	22	Phi Cilla	Cilla	Alien world	FALSE	FALSE	FALSE	FALSE	FALSE	moon		Jason
365	258	22	Epsilon Cilla	Cilla	Alien world	FALSE	FALSE	FALSE	FALSE	FALSE			Jason
366	306	22	Eurypylus	Eurypylus	Sun	TRUE	TRUE	FALSE	FALSE	FALSE		Eleius	Asteropaios
367	306	22	Alpha Eurypylus	Eurypylus	Alien world	FALSE	FALSE	FALSE	FALSE	FALSE			Asteropaios
368	306	22	Oboto	Eurypylus	Asteroid belt	FALSE	FALSE	FALSE	FALSE	FALSE			Asteropaios
369	306	22	Psi Eurypylus	Eurypylus	Artificial moon	FALSE	FALSE	FALSE	FALSE	FALSE	moon		Asteropaios
370	306	22	Delta Eurypylus	Eurypylus	Alien world	FALSE	FALSE	FALSE	FALSE	FALSE			Asteropaios
371	306	22	Epsilon Eurypylus	Eurypylus	Gas giant	FALSE	FALSE	FALSE	FALSE	FALSE			Asteropaios
372	302	84	Eleius	Eleius	Sun	TRUE	TRUE	FALSE	FALSE	FALSE		Eurypylus, Lepreus, Anemoi, Calesius	Asteropaios
373	302	84	Alpha Eleius	Eleius	Inferno	FALSE	TRUE	FALSE	FALSE	FALSE			Asteropaios
374	302	84	Beta Eleius	Eleius	Alien world	FALSE	FALSE	FALSE	FALSE	FALSE			Asteropaios
375	302	84	Gamma Eleius	Eleius	Terran planet	FALSE	FALSE	FALSE	FALSE	FALSE			Asteropaios
376	302	84	Delta Eleius	Eleius	Gas giant	FALSE	FALSE	FALSE	FALSE	FALSE			Asteropaios
377	302	84	Tau Eleius	Eleius	Barren rock	FALSE	FALSE	FALSE	FALSE	FALSE	moon		Asteropaios
378	302	84	Upsilon Eleius	Eleius	Alien world	FALSE	FALSE	FALSE	FALSE	FALSE	moon		Asteropaios
379	302	84	Eta Eleius	Eleius	Gas giant	FALSE	FALSE	FALSE	FALSE	FALSE			Asteropaios
380	313	64	Anemoi	Anemoi	Sun	TRUE	TRUE	FALSE	FALSE	FALSE		Amphitryon, Eleius	Asteropaios
381	313	64	Alpha Anemoi	Anemoi	Alien world	FALSE	FALSE	FALSE	FALSE	FALSE			Asteropaios
382	313	64	Psi Anemoi	Anemoi	Barren rock	FALSE	FALSE	FALSE	FALSE	FALSE	moon		Asteropaios
383	313	64	Gamma Anemoi	Anemoi	Alien world	FALSE	FALSE	FALSE	FALSE	FALSE			Asteropaios
384	307	66	Amphitryon	Amphitryon	Sun	TRUE	TRUE	FALSE	FALSE	FALSE		Anemoi	Asteropaios
385	307	66	Alpha Amphitryon	Amphitryon	Alien world	FALSE	FALSE	TRUE	FALSE	FALSE			Asteropaios
386	307	66	Madam Nadja	Amphitryon	Fortune Teller	FALSE	FALSE	FALSE	FALSE	FALSE			Asteropaios
387	308	93	Lepreus	Lepreus	Sun	TRUE	TRUE	FALSE	FALSE	FALSE		Pyrrha, Eleius	Asteropaios
388	308	93	Alpha Lepreus	Lepreus	Terran planet	FALSE	FALSE	FALSE	FALSE	FALSE			Asteropaios
389	308	93	Lepreus dealership	Lepreus	Heroware	FALSE	FALSE	FALSE	FALSE	FALSE			Asteropaios
390	308	93	Gamma Lepreus	Lepreus	Terran planet	FALSE	FALSE	FALSE	FALSE	FALSE			Asteropaios
391	308	93	Delta Lepreus	Lepreus	Gas giant	FALSE	FALSE	FALSE	FALSE	FALSE			Asteropaios
392	308	93	Upsilon Lepreus	Lepreus	Alien world	FALSE	FALSE	FALSE	FALSE	FALSE	moon		Asteropaios
393	308	93	Tau Lepreus	Lepreus	Alien world	FALSE	FALSE	FALSE	FALSE	FALSE	moon		Asteropaios
394	323	93	Pyrrha	Pyrrha	Sun	TRUE	TRUE	FALSE	FALSE	FALSE		Eurylochus, Lepreus	Asteropaios
395	323	93	Alpha Pyrrha	Pyrrha	Inferno	FALSE	TRUE	FALSE	FALSE	FALSE			Asteropaios
396	323	93	Psi Pyrrha	Pyrrha	Alien world	FALSE	FALSE	FALSE	FALSE	FALSE	moon		Asteropaios
397	323	93	Outlet 10673.3058	Pyrrha	Gus's Gas	FALSE	FALSE	FALSE	FALSE	FALSE			Asteropaios
398	323	93	Delta Pyrrha	Pyrrha	Alien world	FALSE	FALSE	FALSE	FALSE	FALSE			Asteropaios
399	323	93	Pyrrha station	Pyrrha	Aftermarket Station	FALSE	FALSE	FALSE	FALSE	FALSE			Asteropaios
400	333	87	Eurylochus	Eurylochus	Sun	TRUE	TRUE	FALSE	FALSE	FALSE		Pyrrha	Asteropaios
401	333	87	Alpha Eurylochus	Eurylochus	Alien world	FALSE	FALSE	FALSE	FALSE	FALSE			Asteropaios
402	333	87	Psi Eurylochus	Eurylochus	Alien world	FALSE	FALSE	FALSE	FALSE	FALSE	moon		Asteropaios
403	333	87	Imana Banyarwanda	Eurylochus	Asteroid belt	FALSE	FALSE	FALSE	TRUE	FALSE			Asteropaios
404	333	87	Eurylochus campus	Eurylochus	Heroes Academy	FALSE	FALSE	FALSE	FALSE	FALSE			Asteropaios
405	285	84	Calesius	Calesius	Sun	TRUE	TRUE	FALSE	FALSE	FALSE		Dictys, Eleius	Asteropaios
406	285	84	Alpha Calesius	Calesius	Alien world	FALSE	FALSE	FALSE	FALSE	FALSE			Asteropaios
407	285	84	Beta Calesius	Calesius	Terran planet	FALSE	FALSE	FALSE	FALSE	FALSE			Asteropaios
408	285	84	Gamma Calesius	Calesius	Gas giant	FALSE	FALSE	FALSE	FALSE	FALSE			Asteropaios
409	285	84	Delta Calesius	Calesius	Frozen wasteland	FALSE	FALSE	FALSE	TRUE	FALSE			Asteropaios
410	285	84	Epsilon Calesius	Calesius	Frozen wasteland	FALSE	FALSE	FALSE	TRUE	FALSE			Asteropaios
411	257	84	Dictys	Dictys	Sun	TRUE	TRUE	FALSE	FALSE	FALSE		Calesius	Asteropaios
412	257	84	Alpha Dictys	Dictys	Alien world	FALSE	FALSE	FALSE	FALSE	FALSE			Asteropaios
413	257	84	Beta Dictys	Dictys	Gas giant	FALSE	FALSE	FALSE	FALSE	FALSE			Asteropaios
414	257	84	Madam Xandra	Dictys	Fortune Teller	FALSE	FALSE	FALSE	FALSE	FALSE			Asteropaios
415	202	163	Glaucus	Glaucus	Sun	TRUE	TRUE	FALSE	FALSE	FALSE		Teuthras, Alpheus	Cleitus
416	202	163	Alpha Glaucus	Glaucus	Alien world	FALSE	FALSE	TRUE	FALSE	FALSE			Cleitus
417	202	163	Restaurant #9197	Glaucus	Space Burger	FALSE	FALSE	FALSE	FALSE	FALSE	Droid #8AC7		Cleitus
418	202	163	Chi Glaucus	Glaucus	Artificial moon	FALSE	FALSE	FALSE	FALSE	FALSE	moon		Cleitus
419	202	163	Delta Glaucus	Glaucus	Gas giant	FALSE	FALSE	FALSE	FALSE	FALSE			Cleitus
420	202	163	Upsilon Glaucus	Glaucus	Barren rock	FALSE	FALSE	FALSE	FALSE	FALSE	moon		Cleitus
421	202	163	Tau Glaucus	Glaucus	Barren rock	FALSE	FALSE	FALSE	FALSE	FALSE	moon		Cleitus
422	202	163	Eta Glaucus	Glaucus	Alien world	FALSE	FALSE	FALSE	FALSE	FALSE			Cleitus
423	202	163	Theta Glaucus	Glaucus	Gas giant	FALSE	FALSE	FALSE	FALSE	FALSE			Cleitus
424	202	163	Pi Glaucus	Glaucus	Barren rock	FALSE	FALSE	TRUE	FALSE	FALSE	moon		Cleitus
425	186	93	Euryalus	Euryalus	Sun	TRUE	TRUE	FALSE	FALSE	FALSE		Epiphron	Cleitus
426	186	93	Alpha Euryalus	Euryalus	Alien world	FALSE	FALSE	TRUE	FALSE	FALSE			Cleitus
427	186	93	Euryalus campus	Euryalus	Heroes Academy	FALSE	FALSE	FALSE	FALSE	FALSE			Cleitus
428	186	93	Gamma Euryalus	Euryalus	Alien world	FALSE	FALSE	FALSE	FALSE	FALSE			Cleitus
429	186	93	Delta Euryalus	Euryalus	Alien world	FALSE	FALSE	FALSE	FALSE	FALSE			Cleitus
430	186	93	Euryalus station	Euryalus	Aftermarket Station	FALSE	FALSE	FALSE	FALSE	FALSE			Cleitus
431	196	128	Epiphron	Epiphron	Sun	TRUE	TRUE	FALSE	FALSE	FALSE		Teuthras, Euryalus	Cleitus
432	196	128	Alpha Epiphron	Epiphron	Gas giant	FALSE	FALSE	FALSE	FALSE	FALSE			Cleitus
433	196	128	Psi Epiphron	Epiphron	Barren rock	FALSE	FALSE	FALSE	FALSE	FALSE	moon		Cleitus
434	196	128	Chi Epiphron	Epiphron	Artificial moon	FALSE	FALSE	FALSE	FALSE	FALSE	moon		Cleitus
435	196	128	Phi Epiphron	Epiphron	Barren rock	FALSE	FALSE	TRUE	FALSE	FALSE	moon		Cleitus
436	196	128	Epsilon Epiphron	Epiphron	Gas giant	FALSE	FALSE	FALSE	FALSE	FALSE			Cleitus
437	196	128	Zeta Epiphron	Epiphron	Alien world	FALSE	FALSE	FALSE	FALSE	FALSE			Cleitus
438	196	128	Sigma Epiphron	Epiphron	Barren rock	FALSE	FALSE	FALSE	FALSE	FALSE	moon		Cleitus
439	196	128	Theta Epiphron	Epiphron	Frozen wasteland	FALSE	FALSE	FALSE	TRUE	FALSE			Cleitus
440	180	147	Teuthras	Teuthras	Sun	TRUE	TRUE	FALSE	FALSE	FALSE		Codrus, Charops, Glaucus, Epiphron	Cleitus
441	180	147	Alpha Teuthras	Teuthras	Alien world	FALSE	FALSE	TRUE	FALSE	FALSE			Cleitus
442	180	147	Beta Teuthras	Teuthras	Alien world	FALSE	FALSE	FALSE	FALSE	FALSE			Cleitus
443	180	147	Gamma Teuthras	Teuthras	Alien world	FALSE	FALSE	FALSE	FALSE	FALSE			Cleitus
444	180	147	Delta Teuthras	Teuthras	Alien world	FALSE	FALSE	FALSE	FALSE	FALSE			Cleitus
445	180	147	Outlet 5998.4838	Teuthras	Gus's Gas	FALSE	FALSE	FALSE	FALSE	FALSE			Cleitus
446	180	147	Zeta Teuthras	Teuthras	Frozen wasteland	FALSE	FALSE	FALSE	TRUE	FALSE			Cleitus
447	170	157	Codrus	Codrus	Sun	TRUE	TRUE	FALSE	FALSE	FALSE		Aloeus, Teuthras	Cleitus
448	170	157	Alpha Codrus	Codrus	Gas giant	FALSE	FALSE	TRUE	FALSE	FALSE			Cleitus
449	170	157	Psi Codrus	Codrus	Alien world	FALSE	FALSE	FALSE	FALSE	FALSE	moon		Cleitus
450	170	157	Gamma Codrus	Codrus	Gas giant	FALSE	FALSE	FALSE	FALSE	FALSE			Cleitus
451	170	157	Delta Codrus	Codrus	Terran planet	FALSE	FALSE	FALSE	FALSE	FALSE			Cleitus
452	170	157	Epsilon Codrus	Codrus	Gas giant	FALSE	FALSE	FALSE	FALSE	FALSE			Cleitus
453	167	166	Aloeus	Aloeus	Sun	TRUE	TRUE	FALSE	FALSE	FALSE		Codrus	Cleitus
454	167	166	Alpha Aloeus	Aloeus	Gas giant	FALSE	FALSE	FALSE	FALSE	FALSE			Cleitus
455	167	166	Psi Aloeus	Aloeus	Barren rock	FALSE	FALSE	FALSE	FALSE	FALSE	moon		Cleitus
456	167	166	Chi Aloeus	Aloeus	Alien world	FALSE	FALSE	FALSE	FALSE	FALSE	moon		Cleitus
457	167	166	Delta Aloeus	Aloeus	Gas giant	FALSE	FALSE	FALSE	FALSE	FALSE			Cleitus
458	167	166	Upsilon Aloeus	Aloeus	Alien world	FALSE	FALSE	FALSE	FALSE	FALSE	moon		Cleitus
459	167	166	Aloeus dealership	Aloeus	Heroware	FALSE	FALSE	FALSE	FALSE	FALSE			Cleitus
460	182	188	Charops	Charops	Sun	TRUE	TRUE	FALSE	FALSE	FALSE		Autochthe, Teuthras	Cleitus
461	182	188	Koolukoolwani	Charops	Asteroid belt	FALSE	TRUE	FALSE	FALSE	FALSE			Cleitus
462	182	188	Beta Charops	Charops	Inferno	FALSE	TRUE	FALSE	FALSE	FALSE			Cleitus
463	182	188	Gamma Charops	Charops	Alien world	FALSE	FALSE	FALSE	FALSE	FALSE			Cleitus
464	182	188	Phi Charops	Charops	Barren rock	FALSE	FALSE	TRUE	FALSE	FALSE	moon		Cleitus
465	182	188	Upsilon Charops	Charops	Barren rock	FALSE	FALSE	FALSE	FALSE	FALSE	moon		Cleitus
466	182	188	Zeta Charops	Charops	Gas giant	FALSE	FALSE	FALSE	FALSE	FALSE			Cleitus
467	182	188	Eta Charops	Charops	Gas giant	FALSE	FALSE	FALSE	FALSE	FALSE			Cleitus
468	182	188	Theta Charops	Charops	Terran planet	FALSE	FALSE	FALSE	FALSE	FALSE			Cleitus
469	182	188	Charops station	Charops	Aftermarket Station	FALSE	FALSE	FALSE	FALSE	FALSE			Cleitus
470	168	194	Autochthe	Autochthe	Sun	TRUE	TRUE	FALSE	FALSE	FALSE		Charops	Cleitus
471	168	194	Alpha Autochthe	Autochthe	Alien world	FALSE	FALSE	FALSE	FALSE	FALSE			Cleitus
472	168	194	Autochthe campus	Autochthe	Heroes Academy	FALSE	FALSE	FALSE	FALSE	FALSE			Cleitus
473	168	194	Gamma Autochthe	Autochthe	Inferno	FALSE	TRUE	FALSE	FALSE	FALSE			Cleitus
474	239	200	Alpheus	Alpheus	Sun	TRUE	TRUE	FALSE	FALSE	FALSE		Glaucus	Cleitus
475	239	200	Alpha Alpheus	Alpheus	Inferno	FALSE	TRUE	FALSE	FALSE	FALSE			Cleitus
476	239	200	Psi Alpheus	Alpheus	Alien world	FALSE	FALSE	FALSE	FALSE	FALSE	moon		Cleitus
477	239	200	Chi Alpheus	Alpheus	Artificial moon	FALSE	FALSE	FALSE	FALSE	FALSE	moon		Cleitus
478	239	200	Restaurant #5641	Alpheus	Space Burger	FALSE	FALSE	FALSE	FALSE	FALSE			Cleitus
479	239	200	Upsilon Alpheus	Alpheus	Artificial moon	FALSE	FALSE	FALSE	FALSE	FALSE	moon		Cleitus
480	239	200	Zeta Alpheus	Alpheus	Alien world	FALSE	FALSE	FALSE	FALSE	FALSE			Cleitus
481	239	200	Eta Alpheus	Alpheus	Alien world	FALSE	FALSE	FALSE	FALSE	FALSE			Cleitus
482	234	132	Ina'hitelan	Ina'hitelan	Wormhole	TRUE	FALSE	FALSE	FALSE	TRUE			Ina'hitelan
483	769	906	Tomituka	Tomituka	Wormhole	TRUE	FALSE	FALSE	FALSE	TRUE			Tomituka
484	278	174	Plexippus	Plexippus	Sun	TRUE	TRUE	FALSE	FALSE	FALSE		Alcmene	Hyettus
485	278	174	Alpha Plexippus	Plexippus	Alien world	FALSE	FALSE	FALSE	FALSE	FALSE			Hyettus
486	278	174	Outlet 9172.5723	Plexippus	Gus's Gas	FALSE	FALSE	FALSE	FALSE	FALSE			Hyettus
487	292	199	Alcmene	Alcmene	Sun	TRUE	TRUE	FALSE	FALSE	FALSE		Augeas, Plexippus	Hyettus
488	292	199	Alpha Alcmene	Alcmene	Alien world	FALSE	FALSE	FALSE	FALSE	FALSE			Hyettus
489	292	199	Alcmene station	Alcmene	Aftermarket Station	FALSE	FALSE	FALSE	FALSE	FALSE			Hyettus
490	292	199	Alcmene campus	Alcmene	Heroes Academy	FALSE	FALSE	FALSE	FALSE	FALSE			Hyettus
491	289	205	Augeas	Augeas	Sun	TRUE	TRUE	FALSE	FALSE	FALSE		Corinthus, Telephassa, Alcmene	Hyettus
492	289	205	Alpha Augeas	Augeas	Alien world	FALSE	FALSE	FALSE	FALSE	FALSE			Hyettus
493	289	205	Augeas dealership	Augeas	Heroware	FALSE	FALSE	FALSE	FALSE	FALSE			Hyettus
494	289	205	Gamma Augeas	Augeas	Alien world	FALSE	FALSE	FALSE	FALSE	FALSE			Hyettus
495	272	203	Corinthus	Corinthus	Sun	TRUE	TRUE	FALSE	FALSE	FALSE		Augeas	Hyettus
496	272	203	Alpha Corinthus	Corinthus	Alien world	FALSE	FALSE	FALSE	FALSE	FALSE			Hyettus
497	270	238	Telephassa	Telephassa	Sun	TRUE	TRUE	FALSE	FALSE	FALSE		Capaneus, Augeas	Hyettus
498	270	238	Alpha Telephassa	Telephassa	Terran planet	FALSE	FALSE	FALSE	FALSE	FALSE			Hyettus
499	270	238	Beta Telephassa	Telephassa	Inferno	FALSE	TRUE	FALSE	FALSE	FALSE			Hyettus
500	269	248	Capaneus	Capaneus	Sun	TRUE	TRUE	FALSE	FALSE	FALSE		Epirus, Telephassa	Hyettus
501	269	248	Alpha Capaneus	Capaneus	Alien world	FALSE	FALSE	FALSE	FALSE	FALSE			Hyettus
502	269	248	Psi Capaneus	Capaneus	Alien world	FALSE	FALSE	FALSE	FALSE	FALSE	moon		Hyettus
503	269	248	Chi Capaneus	Capaneus	Barren rock	FALSE	FALSE	FALSE	FALSE	FALSE	moon		Hyettus
504	269	248	Delta Capaneus	Capaneus	Alien world	FALSE	FALSE	FALSE	FALSE	FALSE			Hyettus
505	269	248	Epsilon Capaneus	Capaneus	Alien world	FALSE	FALSE	TRUE	FALSE	FALSE			Hyettus
506	242	258	Epirus	Epirus	Sun	TRUE	TRUE	FALSE	FALSE	FALSE		Mimas, Eurythemis, Capaneus	Hyettus
507	242	258	Alpha Epirus	Epirus	Alien world	FALSE	FALSE	FALSE	FALSE	FALSE			Hyettus
508	242	258	Beta Epirus	Epirus	Alien world	FALSE	FALSE	TRUE	FALSE	FALSE			Hyettus
509	242	258	Gamma Epirus	Epirus	Gas giant	FALSE	FALSE	FALSE	FALSE	FALSE			Hyettus
510	242	258	Phi Epirus	Epirus	Artificial moon	FALSE	FALSE	FALSE	FALSE	FALSE	moon		Hyettus
511	242	258	Epirus campus	Epirus	Heroes Academy	FALSE	FALSE	FALSE	FALSE	FALSE			Hyettus
512	242	258	Tau Epirus	Epirus	Artificial moon	FALSE	FALSE	FALSE	FALSE	FALSE	moon		Hyettus
513	242	258	Sigma Epirus	Epirus	Alien world	FALSE	FALSE	FALSE	FALSE	FALSE	moon		Hyettus
514	242	258	Theta Epirus	Epirus	Alien world	FALSE	FALSE	FALSE	FALSE	FALSE			Hyettus
515	242	258	Iota Epirus	Epirus	Terran planet	FALSE	FALSE	FALSE	FALSE	FALSE			Hyettus
516	242	258	Omicron Epirus	Epirus	Alien world	FALSE	FALSE	FALSE	FALSE	FALSE	moon		Hyettus
517	242	258	Xi Epirus	Epirus	Barren rock	FALSE	FALSE	FALSE	FALSE	FALSE	moon		Hyettus
518	242	258	Nu Epirus	Epirus	Artificial moon	FALSE	FALSE	FALSE	FALSE	FALSE	moon		Hyettus
519	242	258	Mu Epirus	Epirus	Artificial moon	FALSE	FALSE	FALSE	FALSE	FALSE	moon		Hyettus
520	219	237	Eurythemis	Eurythemis	Sun	TRUE	TRUE	FALSE	FALSE	FALSE		Epirus	Hyettus
521	219	237	Loa	Eurythemis	Asteroid belt	FALSE	TRUE	FALSE	FALSE	FALSE			Hyettus
522	219	237	Madam Priya	Eurythemis	Fortune Teller	FALSE	FALSE	FALSE	FALSE	FALSE			Hyettus
523	219	237	Gamma Eurythemis	Eurythemis	Terran planet	FALSE	FALSE	FALSE	FALSE	FALSE			Hyettus
524	219	237	Phi Eurythemis	Eurythemis	Alien world	FALSE	FALSE	FALSE	FALSE	FALSE	moon		Hyettus
525	219	237	Epsilon Eurythemis	Eurythemis	Inferno	FALSE	TRUE	FALSE	FALSE	FALSE			Hyettus
526	219	237	Eurythemis station	Eurythemis	Aftermarket Station	FALSE	FALSE	FALSE	FALSE	FALSE			Hyettus
527	203	274	Mimas	Mimas	Sun	TRUE	TRUE	FALSE	FALSE	FALSE		Aidos, Epirus	Hyettus
528	203	274	Alpha Mimas	Mimas	Alien world	FALSE	FALSE	FALSE	FALSE	FALSE			Hyettus
529	203	274	Beta Mimas	Mimas	Alien world	FALSE	FALSE	FALSE	FALSE	FALSE			Hyettus
530	203	274	Gamma Mimas	Mimas	Alien world	FALSE	FALSE	FALSE	FALSE	FALSE			Hyettus
531	203	274	Delta Mimas	Mimas	Terran planet	FALSE	FALSE	FALSE	FALSE	FALSE			Hyettus
532	203	274	Upsilon Mimas	Mimas	Alien world	FALSE	FALSE	FALSE	FALSE	FALSE	moon		Hyettus
533	203	274	Zeta Mimas	Mimas	Alien world	FALSE	FALSE	FALSE	FALSE	FALSE			Hyettus
534	203	274	Outlet 6781.9006	Mimas	Gus's Gas	FALSE	FALSE	FALSE	FALSE	FALSE			Hyettus
535	187	277	Aidos	Aidos	Sun	TRUE	TRUE	FALSE	FALSE	FALSE		Mimas	Hyettus
536	187	277	Alpha Aidos	Aidos	Terran planet	FALSE	FALSE	FALSE	FALSE	FALSE			Hyettus
537	187	277	Beta Aidos	Aidos	Gas giant	FALSE	FALSE	FALSE	FALSE	FALSE			Hyettus
538	187	277	Gamma Aidos	Aidos	Gas giant	FALSE	FALSE	FALSE	FALSE	FALSE			Hyettus
539	187	277	Aidos campus	Aidos	Heroes Academy	FALSE	FALSE	FALSE	FALSE	FALSE			Hyettus
540	315	109	Aretaon	Aretaon	Sun	TRUE	TRUE	FALSE	FALSE	FALSE		Amphictyonis	Asterodia
541	315	109	Alpha Aretaon	Aretaon	Inferno	FALSE	TRUE	FALSE	FALSE	FALSE			Asterodia
542	315	109	Beta Aretaon	Aretaon	Terran planet	FALSE	FALSE	FALSE	FALSE	FALSE			Asterodia
543	315	109	Gamma Aretaon	Aretaon	Alien world	FALSE	FALSE	FALSE	FALSE	FALSE			Asterodia
544	315	109	Phi Aretaon	Aretaon	Artificial moon	FALSE	FALSE	FALSE	FALSE	FALSE	moon		Asterodia
545	315	109	Epsilon Aretaon	Aretaon	Terran planet	FALSE	FALSE	FALSE	FALSE	FALSE			Asterodia
546	315	109	Zeta Aretaon	Aretaon	Terran planet	FALSE	FALSE	FALSE	FALSE	FALSE			Asterodia
547	339	195	Megalesius	Megalesius	Sun	TRUE	TRUE	FALSE	FALSE	FALSE		Nephelai, Amphictyonis	Asterodia
548	339	195	Alpha Megalesius	Megalesius	Terran planet	FALSE	FALSE	FALSE	FALSE	FALSE			Asterodia
549	339	195	Megalesius campus	Megalesius	Heroes Academy	FALSE	FALSE	FALSE	FALSE	FALSE			Asterodia
550	339	195	Gamma Megalesius	Megalesius	Alien world	FALSE	FALSE	FALSE	FALSE	FALSE			Asterodia
551	339	195	Madam Damara	Megalesius	Fortune Teller	FALSE	FALSE	FALSE	FALSE	FALSE			Asterodia
552	339	195	Epsilon Megalesius	Megalesius	Alien world	FALSE	FALSE	TRUE	FALSE	FALSE			Asterodia
553	339	195	Tau Megalesius	Megalesius	Barren rock	FALSE	FALSE	FALSE	FALSE	FALSE	moon		Asterodia
554	339	195	Eta Megalesius	Megalesius	Terran planet	FALSE	FALSE	FALSE	FALSE	FALSE			Asterodia
555	339	195	Megalesius station	Megalesius	Aftermarket Station	FALSE	FALSE	FALSE	FALSE	FALSE			Asterodia
556	339	195	Iota Megalesius	Megalesius	Terran planet	FALSE	FALSE	FALSE	FALSE	FALSE			Asterodia
557	344	98	Amphictyonis	Amphictyonis	Sun	TRUE	TRUE	FALSE	FALSE	FALSE		Aretaon, Themisto, Megalesius	Asterodia
558	344	98	Alpha Amphictyonis	Amphictyonis	Terran planet	FALSE	FALSE	FALSE	FALSE	FALSE			Asterodia
559	344	98	Beta Amphictyonis	Amphictyonis	Alien world	FALSE	FALSE	FALSE	FALSE	FALSE			Asterodia
560	344	98	Gamma Amphictyonis	Amphictyonis	Frozen wasteland	FALSE	FALSE	FALSE	TRUE	FALSE			Asterodia
561	344	98	Delta Amphictyonis	Amphictyonis	Terran planet	FALSE	FALSE	FALSE	FALSE	FALSE			Asterodia
562	344	98	Epsilon Amphictyonis	Amphictyonis	Alien world	FALSE	FALSE	TRUE	FALSE	FALSE			Asterodia
563	351	92	Themisto	Themisto	Sun	TRUE	TRUE	FALSE	FALSE	FALSE		Amphictyonis	Asterodia
564	351	92	Alpha Themisto	Themisto	Alien world	FALSE	FALSE	FALSE	FALSE	FALSE			Asterodia
565	351	92	Psi Themisto	Themisto	Alien world	FALSE	FALSE	FALSE	FALSE	FALSE	moon		Asterodia
566	351	92	Gamma Themisto	Themisto	Alien world	FALSE	FALSE	TRUE	FALSE	FALSE			Asterodia
567	351	92	Restaurant #8758	Themisto	Space Burger	FALSE	FALSE	FALSE	FALSE	FALSE			Asterodia
568	351	92	Epsilon Themisto	Themisto	Terran planet	FALSE	FALSE	FALSE	FALSE	FALSE			Asterodia
569	351	92	Zeta Themisto	Themisto	Alien world	FALSE	FALSE	FALSE	FALSE	FALSE			Asterodia
570	351	92	Eta Themisto	Themisto	Alien world	FALSE	FALSE	FALSE	FALSE	FALSE			Asterodia
571	351	92	Madam Adria	Themisto	Fortune Teller	FALSE	FALSE	FALSE	FALSE	FALSE			Asterodia
572	330	197	Nephelai	Nephelai	Sun	TRUE	TRUE	FALSE	FALSE	FALSE		Megalesius, Lysippe	Asterodia
573	330	197	Alpha Nephelai	Nephelai	Inferno	FALSE	TRUE	FALSE	FALSE	FALSE			Asterodia
574	330	197	Beta Nephelai	Nephelai	Gas giant	FALSE	FALSE	FALSE	FALSE	FALSE			Asterodia
575	318	195	Lysippe	Lysippe	Sun	TRUE	TRUE	FALSE	FALSE	FALSE		Nephelai, Hypsenor	Asterodia
576	318	195	Alpha Lysippe	Lysippe	Inferno	FALSE	TRUE	FALSE	FALSE	FALSE			Asterodia
577	318	195	Beta Lysippe	Lysippe	Alien world	FALSE	FALSE	FALSE	FALSE	FALSE			Asterodia
578	318	195	Restaurant #3565	Lysippe	Space Burger	FALSE	FALSE	FALSE	FALSE	FALSE			Asterodia
579	328	161	Hypsenor	Hypsenor	Sun	TRUE	TRUE	FALSE	FALSE	FALSE		Lysippe	Asterodia
580	328	161	Alpha Hypsenor	Hypsenor	Terran planet	FALSE	FALSE	FALSE	FALSE	FALSE			Asterodia
581	328	161	Outlet 10792.5304	Hypsenor	Gus's Gas	FALSE	FALSE	FALSE	FALSE	FALSE			Asterodia
582	224	293	Polymele	Polymele	Sun	TRUE	TRUE	FALSE	FALSE	FALSE		Telete	Acrisius
583	224	293	Alpha Polymele	Polymele	Alien world	FALSE	FALSE	FALSE	FALSE	FALSE			Acrisius
584	224	293	Polymele station	Polymele	Aftermarket Station	FALSE	FALSE	FALSE	FALSE	FALSE			Acrisius
585	224	293	Gamma Polymele	Polymele	Gas giant	FALSE	FALSE	FALSE	FALSE	FALSE			Acrisius
586	224	293	Phi Polymele	Polymele	Barren rock	FALSE	FALSE	TRUE	FALSE	FALSE	moon		Acrisius
587	224	293	Epsilon Polymele	Polymele	Terran planet	FALSE	FALSE	FALSE	FALSE	FALSE			Acrisius
588	232	316	Telete	Telete	Sun	TRUE	TRUE	FALSE	FALSE	FALSE		Polydorus, Polymele	Acrisius
589	232	316	Alpha Telete	Telete	Terran planet	FALSE	FALSE	FALSE	FALSE	FALSE			Acrisius
590	232	316	Beta Telete	Telete	Alien world	FALSE	FALSE	FALSE	FALSE	FALSE			Acrisius
591	232	316	Gamma Telete	Telete	Alien world	FALSE	FALSE	FALSE	FALSE	FALSE			Acrisius
592	232	316	Delta Telete	Telete	Frozen wasteland	FALSE	FALSE	FALSE	TRUE	FALSE			Acrisius
593	223	333	Polydorus	Polydorus	Sun	TRUE	TRUE	FALSE	FALSE	FALSE		Dysnomia, Telete	Acrisius
594	223	333	Alpha Polydorus	Polydorus	Terran planet	FALSE	FALSE	FALSE	FALSE	FALSE			Acrisius
595	223	333	Psi Polydorus	Polydorus	Alien world	FALSE	FALSE	FALSE	FALSE	FALSE	moon		Acrisius
596	223	333	Gamma Polydorus	Polydorus	Terran planet	FALSE	FALSE	FALSE	FALSE	FALSE			Acrisius
597	223	333	Delta Polydorus	Polydorus	Gas giant	FALSE	FALSE	FALSE	FALSE	FALSE			Acrisius
598	223	333	Epsilon Polydorus	Polydorus	Alien world	FALSE	FALSE	FALSE	FALSE	FALSE			Acrisius
599	211	332	Dysnomia	Dysnomia	Sun	TRUE	TRUE	FALSE	FALSE	FALSE		Iaso, Polydorus	Acrisius
600	211	332	Alpha Dysnomia	Dysnomia	Gas giant	FALSE	FALSE	FALSE	FALSE	FALSE			Acrisius
601	211	332	Beta Dysnomia	Dysnomia	Inferno	FALSE	TRUE	FALSE	FALSE	FALSE			Acrisius
602	211	332	Gamma Dysnomia	Dysnomia	Alien world	FALSE	FALSE	FALSE	FALSE	FALSE			Acrisius
603	211	332	Delta Dysnomia	Dysnomia	Frozen wasteland	FALSE	FALSE	FALSE	TRUE	FALSE			Acrisius
604	211	332	Epsilon Dysnomia	Dysnomia	Gas giant	FALSE	FALSE	FALSE	FALSE	FALSE			Acrisius
605	211	332	Dysnomia dealership	Dysnomia	Heroware	FALSE	FALSE	FALSE	FALSE	FALSE			Acrisius
606	193	351	Iaso	Iaso	Sun	TRUE	TRUE	FALSE	FALSE	FALSE		Chaos, Dysnomia	Acrisius
607	193	351	Alpha Iaso	Iaso	Alien world	FALSE	FALSE	FALSE	FALSE	FALSE			Acrisius
608	193	351	Beta Iaso	Iaso	Gas giant	FALSE	FALSE	FALSE	FALSE	FALSE			Acrisius
609	193	351	Chi Iaso	Iaso	Alien world	FALSE	FALSE	FALSE	FALSE	FALSE	moon		Acrisius
610	193	351	Delta Iaso	Iaso	Gas giant	FALSE	FALSE	FALSE	FALSE	FALSE			Acrisius
611	193	351	Restaurant #5486	Iaso	Space Burger	FALSE	FALSE	FALSE	FALSE	FALSE			Acrisius
612	193	351	Iaso station	Iaso	Aftermarket Station	FALSE	FALSE	FALSE	FALSE	FALSE			Acrisius
613	193	351	Eta Iaso	Iaso	Alien world	FALSE	FALSE	FALSE	FALSE	FALSE			Acrisius
614	193	351	Theta Iaso	Iaso	Gas giant	FALSE	FALSE	FALSE	FALSE	FALSE			Acrisius
615	156	333	Chaos	Chaos	Sun	TRUE	TRUE	FALSE	FALSE	FALSE		Medusa, Titan, Iaso	Acrisius
616	156	333	Alpha Chaos	Chaos	Alien world	FALSE	FALSE	FALSE	FALSE	FALSE			Acrisius
617	156	333	Chaos campus	Chaos	Heroes Academy	FALSE	FALSE	FALSE	FALSE	FALSE			Acrisius
618	156	333	Gamma Chaos	Chaos	Alien world	FALSE	FALSE	FALSE	FALSE	FALSE			Acrisius
619	156	333	Phi Chaos	Chaos	Artificial moon	FALSE	FALSE	FALSE	FALSE	FALSE	moon		Acrisius
620	156	333	Upsilon Chaos	Chaos	Alien world	FALSE	FALSE	FALSE	FALSE	FALSE	moon		Acrisius
621	156	333	Tau Chaos	Chaos	Artificial moon	FALSE	FALSE	FALSE	FALSE	FALSE	moon		Acrisius
622	156	333	Eta Chaos	Chaos	Alien world	FALSE	FALSE	FALSE	FALSE	FALSE			Acrisius
623	156	333	Theta Chaos	Chaos	Alien world	FALSE	FALSE	FALSE	FALSE	FALSE			Acrisius
624	156	333	Pi Chaos	Chaos	Barren rock	FALSE	FALSE	FALSE	FALSE	FALSE	moon		Acrisius
625	163	317	Medusa	Medusa	Sun	TRUE	TRUE	FALSE	FALSE	FALSE		Chaos	Acrisius
626	163	317	Alpha Medusa	Medusa	Inferno	FALSE	TRUE	FALSE	FALSE	FALSE			Acrisius
627	163	317	Psi Medusa	Medusa	Artificial moon	FALSE	FALSE	FALSE	FALSE	FALSE	moon		Acrisius
628	163	317	Chi Medusa	Medusa	Alien world	FALSE	FALSE	TRUE	FALSE	FALSE	moon		Acrisius
629	163	317	Phi Medusa	Medusa	Alien world	FALSE	FALSE	FALSE	FALSE	FALSE	moon		Acrisius
630	163	317	Epsilon Medusa	Medusa	Terran planet	FALSE	FALSE	FALSE	FALSE	FALSE			Acrisius
631	163	317	Medusa dealership	Medusa	Heroware	FALSE	FALSE	FALSE	FALSE	FALSE			Acrisius
632	163	317	Eta Medusa	Medusa	Terran planet	FALSE	FALSE	FALSE	FALSE	FALSE			Acrisius
633	163	317	Rho Medusa	Medusa	Alien world	FALSE	FALSE	FALSE	FALSE	FALSE	moon		Acrisius
634	163	317	Pi Medusa	Medusa	Artificial moon	FALSE	FALSE	FALSE	FALSE	FALSE	moon		Acrisius
635	151	346	Titan	Titan	Sun	TRUE	TRUE	FALSE	FALSE	FALSE		Chaos	Acrisius
636	151	346	Alpha Titan	Titan	Alien world	FALSE	FALSE	TRUE	FALSE	FALSE			Acrisius
637	151	346	Beta Titan	Titan	Inferno	FALSE	TRUE	FALSE	FALSE	FALSE			Acrisius
638	151	346	Chi Titan	Titan	Alien world	FALSE	FALSE	FALSE	FALSE	FALSE	moon		Acrisius
639	151	346	Outlet 5036.11338	Titan	Gus's Gas	FALSE	FALSE	FALSE	FALSE	FALSE			Acrisius
640	151	346	Epsilon Titan	Titan	Alien world	FALSE	FALSE	FALSE	FALSE	FALSE			Acrisius
641	107	413	Anaxagoras	Anaxagoras	Sun	TRUE	TRUE	FALSE	FALSE	FALSE		Nereus	Leos
642	107	413	Osanyin	Anaxagoras	Asteroid belt	FALSE	TRUE	FALSE	FALSE	FALSE			Leos
643	107	413	Beta Anaxagoras	Anaxagoras	Inferno	FALSE	TRUE	FALSE	FALSE	FALSE			Leos
644	107	413	Gamma Anaxagoras	Anaxagoras	Terran planet	FALSE	FALSE	FALSE	FALSE	FALSE			Leos
645	107	413	Phi Anaxagoras	Anaxagoras	Barren rock	FALSE	FALSE	FALSE	FALSE	FALSE	moon		Leos
646	107	413	Upsilon Anaxagoras	Anaxagoras	Barren rock	FALSE	FALSE	FALSE	FALSE	FALSE	moon		Leos
647	107	413	Zeta Anaxagoras	Anaxagoras	Terran planet	FALSE	FALSE	FALSE	FALSE	FALSE			Leos
648	107	413	Sigma Anaxagoras	Anaxagoras	Artificial moon	FALSE	FALSE	FALSE	FALSE	FALSE	moon		Leos
649	101	296	Thersites	Thersites	Sun	TRUE	TRUE	FALSE	FALSE	FALSE		Clytemnestra	Leos
650	101	296	Alpha Thersites	Thersites	Alien world	FALSE	FALSE	TRUE	FALSE	FALSE			Leos
651	101	296	Beta Thersites	Thersites	Alien world	FALSE	FALSE	FALSE	FALSE	FALSE			Leos
652	101	296	Gamma Thersites	Thersites	Alien world	FALSE	FALSE	FALSE	FALSE	FALSE			Leos
653	101	296	Thersites dealership	Thersites	Heroware	FALSE	FALSE	FALSE	FALSE	FALSE			Leos
654	101	296	Epsilon Thersites	Thersites	Alien world	FALSE	FALSE	FALSE	FALSE	FALSE			Leos
655	101	296	Tau Thersites	Thersites	Artificial moon	FALSE	FALSE	FALSE	FALSE	FALSE	moon		Leos
656	101	296	Sigma Thersites	Thersites	Alien world	FALSE	FALSE	TRUE	FALSE	FALSE	moon		Leos
657	103	329	Clytemnestra	Clytemnestra	Sun	TRUE	TRUE	FALSE	FALSE	FALSE		Askalaphos, Thersites, Anaxarete	Leos
658	103	329	Alpha Clytemnestra	Clytemnestra	Alien world	FALSE	FALSE	TRUE	FALSE	FALSE			Leos
659	103	329	Psi Clytemnestra	Clytemnestra	Alien world	FALSE	FALSE	FALSE	FALSE	FALSE	moon		Leos
660	103	329	Chi Clytemnestra	Clytemnestra	Barren rock	FALSE	FALSE	FALSE	FALSE	FALSE	moon		Leos
661	103	329	Phi Clytemnestra	Clytemnestra	Alien world	FALSE	FALSE	FALSE	FALSE	FALSE	moon		Leos
662	103	329	Epsilon Clytemnestra	Clytemnestra	Terran planet	FALSE	FALSE	FALSE	FALSE	FALSE			Leos
663	103	329	Restaurant #6429	Clytemnestra	Space Burger	FALSE	FALSE	FALSE	FALSE	FALSE			Leos
664	103	329	Eta Clytemnestra	Clytemnestra	Terran planet	FALSE	FALSE	FALSE	FALSE	FALSE			Leos
665	103	329	Theta Clytemnestra	Clytemnestra	Gas giant	FALSE	FALSE	FALSE	FALSE	FALSE			Leos
666	103	329	Pi Clytemnestra	Clytemnestra	Alien world	FALSE	FALSE	FALSE	FALSE	FALSE	moon		Leos
667	103	329	Omicron Clytemnestra	Clytemnestra	Barren rock	FALSE	FALSE	FALSE	FALSE	FALSE	moon		Leos
668	103	329	Lambda Clytemnestra	Clytemnestra	Alien world	FALSE	FALSE	TRUE	FALSE	FALSE			Leos
669	103	329	Clytemnestra campus	Clytemnestra	Heroes Academy	FALSE	FALSE	FALSE	FALSE	FALSE			Leos
670	94	319	Askalaphos	Askalaphos	Sun	TRUE	TRUE	FALSE	FALSE	FALSE		Clytemnestra	Leos
671	94	319	Alpha Askalaphos	Askalaphos	Alien world	FALSE	FALSE	FALSE	FALSE	FALSE			Leos
672	94	319	Beta Askalaphos	Askalaphos	Alien world	FALSE	FALSE	FALSE	FALSE	FALSE			Leos
673	94	319	Askalaphos station	Askalaphos	Aftermarket Station	FALSE	FALSE	FALSE	FALSE	FALSE			Leos
674	94	319	Delta Askalaphos	Askalaphos	Terran planet	FALSE	FALSE	FALSE	FALSE	FALSE			Leos
675	91	382	Anaxarete	Anaxarete	Sun	TRUE	TRUE	FALSE	FALSE	FALSE		Nereus, Clytemnestra	Leos
676	91	382	Alpha Anaxarete	Anaxarete	Terran planet	FALSE	FALSE	FALSE	FALSE	FALSE			Leos
677	91	382	Beta Anaxarete	Anaxarete	Terran planet	FALSE	FALSE	FALSE	FALSE	FALSE			Leos
678	91	382	Gamma Anaxarete	Anaxarete	Alien world	FALSE	FALSE	FALSE	FALSE	FALSE			Leos
679	91	382	Delta Anaxarete	Anaxarete	Terran planet	FALSE	FALSE	FALSE	FALSE	FALSE			Leos
680	91	382	Epsilon Anaxarete	Anaxarete	Frozen wasteland	FALSE	FALSE	FALSE	TRUE	FALSE			Leos
681	91	382	Tau Anaxarete	Anaxarete	Alien world	FALSE	FALSE	FALSE	FALSE	FALSE	moon		Leos
682	91	382	Sigma Anaxarete	Anaxarete	Barren rock	FALSE	FALSE	FALSE	FALSE	FALSE	moon		Leos
683	91	382	Rho Anaxarete	Anaxarete	Artificial moon	FALSE	FALSE	FALSE	FALSE	FALSE	moon		Leos
684	119	384	Nereus	Nereus	Sun	TRUE	TRUE	FALSE	FALSE	FALSE		Antaeus, Anaxagoras, Anaxarete	Leos
685	119	384	Alpha Nereus	Nereus	Terran planet	FALSE	FALSE	FALSE	FALSE	FALSE			Leos
686	119	384	Beta Nereus	Nereus	Terran planet	FALSE	FALSE	FALSE	FALSE	FALSE			Leos
687	119	384	Gamma Nereus	Nereus	Gas giant	FALSE	FALSE	FALSE	FALSE	FALSE			Leos
688	119	384	Delta Nereus	Nereus	Frozen wasteland	FALSE	FALSE	FALSE	TRUE	FALSE			Leos
689	131	385	Antaeus	Antaeus	Sun	TRUE	TRUE	FALSE	FALSE	FALSE		Nereus	Leos
690	131	385	Alpha Antaeus	Antaeus	Terran planet	FALSE	FALSE	FALSE	FALSE	FALSE			Leos
691	131	385	Antaeus station	Antaeus	Aftermarket Station	FALSE	FALSE	FALSE	FALSE	FALSE			Leos
692	131	385	Outlet 4377.12623	Antaeus	Gus's Gas	FALSE	FALSE	FALSE	FALSE	FALSE			Leos
693	131	385	Madam Esmeralda	Antaeus	Fortune Teller	FALSE	FALSE	FALSE	FALSE	FALSE			Leos
694	252	316	Phanes	Phanes	Sun	TRUE	TRUE	FALSE	FALSE	FALSE		Dorus, Creon, Lampades	Melite
695	252	316	Wuni	Phanes	Asteroid belt	FALSE	TRUE	FALSE	FALSE	FALSE			Melite
696	252	316	Beta Phanes	Phanes	Alien world	FALSE	FALSE	FALSE	FALSE	FALSE			Melite
697	252	316	Gamma Phanes	Phanes	Inferno	FALSE	TRUE	FALSE	FALSE	FALSE			Melite
698	252	316	Delta Phanes	Phanes	Gas giant	FALSE	FALSE	FALSE	FALSE	FALSE			Melite
699	252	316	Epsilon Phanes	Phanes	Alien world	FALSE	FALSE	FALSE	FALSE	FALSE			Melite
700	251	368	Apheliotes	Apheliotes	Sun	TRUE	TRUE	FALSE	FALSE	FALSE		Epimetheus	Melite
701	251	368	Alpha Apheliotes	Apheliotes	Terran planet	FALSE	FALSE	FALSE	FALSE	FALSE			Melite
702	251	368	Apheliotes dealership	Apheliotes	Heroware	FALSE	FALSE	FALSE	FALSE	FALSE			Melite
703	255	355	Epimetheus	Epimetheus	Sun	TRUE	TRUE	FALSE	FALSE	FALSE		Apheliotes, Lampades	Melite
704	255	355	Alpha Epimetheus	Epimetheus	Alien world	FALSE	FALSE	FALSE	FALSE	FALSE			Melite
705	255	355	Psi Epimetheus	Epimetheus	Alien world	FALSE	FALSE	FALSE	FALSE	FALSE	moon		Melite
706	255	355	Chi Epimetheus	Epimetheus	Artificial moon	FALSE	FALSE	FALSE	FALSE	FALSE	moon		Melite
707	255	355	Phi Epimetheus	Epimetheus	Barren rock	FALSE	FALSE	TRUE	FALSE	FALSE	moon		Melite
708	255	355	Epsilon Epimetheus	Epimetheus	Alien world	FALSE	FALSE	FALSE	FALSE	FALSE			Melite
709	255	355	Zeta Epimetheus	Epimetheus	Terran planet	FALSE	FALSE	FALSE	FALSE	FALSE			Melite
710	250	339	Lampades	Lampades	Sun	TRUE	TRUE	FALSE	FALSE	FALSE		Epimetheus, Phanes	Melite
711	250	339	Alpha Lampades	Lampades	Alien world	FALSE	FALSE	FALSE	FALSE	FALSE			Melite
712	250	339	Psi Lampades	Lampades	Alien world	FALSE	FALSE	FALSE	FALSE	FALSE	moon		Melite
713	250	339	Madam Llensenia	Lampades	Fortune Teller	FALSE	FALSE	FALSE	FALSE	FALSE			Melite
714	250	339	Phi Lampades	Lampades	Alien world	FALSE	FALSE	FALSE	FALSE	FALSE	moon		Melite
715	250	339	Upsilon Lampades	Lampades	Alien world	FALSE	FALSE	FALSE	FALSE	FALSE	moon		Melite
716	250	339	Tau Lampades	Lampades	Alien world	FALSE	FALSE	FALSE	FALSE	FALSE	moon		Melite
717	250	339	Sigma Lampades	Lampades	Artificial moon	FALSE	FALSE	FALSE	FALSE	FALSE	moon		Melite
718	250	339	Theta Lampades	Lampades	Terran planet	FALSE	FALSE	FALSE	FALSE	FALSE			Melite
719	250	339	Iota Lampades	Lampades	Alien world	FALSE	FALSE	FALSE	FALSE	FALSE			Melite
720	261	313	Dorus	Dorus	Sun	TRUE	TRUE	FALSE	FALSE	FALSE		Phanes	Melite
721	261	313	Alpha Dorus	Dorus	Alien world	FALSE	FALSE	TRUE	FALSE	FALSE			Melite
722	261	313	Beta Dorus	Dorus	Alien world	FALSE	FALSE	FALSE	FALSE	FALSE			Melite
723	268	321	Creon	Creon	Sun	TRUE	TRUE	FALSE	FALSE	FALSE		Phanes, Proioxis	Melite
724	268	321	Alpha Creon	Creon	Terran planet	FALSE	FALSE	FALSE	FALSE	FALSE			Melite
725	268	321	Psi Creon	Creon	Artificial moon	FALSE	FALSE	FALSE	FALSE	FALSE	moon		Melite
726	268	321	Restaurant #1300	Creon	Space Burger	FALSE	FALSE	FALSE	FALSE	FALSE			Melite
727	268	321	Delta Creon	Creon	Alien world	FALSE	FALSE	FALSE	FALSE	FALSE			Melite
728	268	321	Epsilon Creon	Creon	Alien world	FALSE	FALSE	FALSE	FALSE	FALSE			Melite
729	268	321	Zeta Creon	Creon	Terran planet	FALSE	FALSE	FALSE	FALSE	FALSE			Melite
730	268	321	Sigma Creon	Creon	Alien world	FALSE	FALSE	FALSE	FALSE	FALSE	moon		Melite
731	268	321	Theta Creon	Creon	Alien world	FALSE	FALSE	FALSE	FALSE	FALSE			Melite
732	291	295	Proioxis	Proioxis	Sun	TRUE	TRUE	FALSE	FALSE	FALSE		Cychreus, Lityerses, Creon	Melite
733	291	295	Alpha Proioxis	Proioxis	Alien world	FALSE	FALSE	FALSE	FALSE	FALSE			Melite
734	291	295	Beta Proioxis	Proioxis	Inferno	FALSE	TRUE	FALSE	FALSE	FALSE			Melite
735	291	295	Proioxis station	Proioxis	Aftermarket Station	FALSE	FALSE	FALSE	FALSE	FALSE			Melite
736	291	295	Delta Proioxis	Proioxis	Alien world	FALSE	FALSE	FALSE	FALSE	FALSE			Melite
737	291	295	Epsilon Proioxis	Proioxis	Alien world	FALSE	FALSE	FALSE	FALSE	FALSE			Melite
738	291	295	Zeta Proioxis	Proioxis	Alien world	FALSE	FALSE	FALSE	FALSE	FALSE			Melite
739	291	295	Sigma Proioxis	Proioxis	Alien world	FALSE	FALSE	FALSE	FALSE	FALSE	moon		Melite
740	302	307	Lityerses	Lityerses	Sun	TRUE	TRUE	FALSE	FALSE	FALSE		Daemones, Proioxis	Melite
741	302	307	Alpha Lityerses	Lityerses	Terran planet	FALSE	FALSE	FALSE	FALSE	FALSE			Melite
742	302	307	Beta Lityerses	Lityerses	Inferno	FALSE	TRUE	FALSE	FALSE	FALSE			Melite
743	302	307	Gamma Lityerses	Lityerses	Alien world	FALSE	FALSE	FALSE	FALSE	FALSE			Melite
744	302	307	Delta Lityerses	Lityerses	Terran planet	FALSE	FALSE	FALSE	FALSE	FALSE			Melite
745	295	326	Daemones	Daemones	Sun	TRUE	TRUE	FALSE	FALSE	FALSE		Lityerses	Melite
746	295	326	Alpha Daemones	Daemones	Alien world	FALSE	FALSE	FALSE	FALSE	FALSE			Melite
747	295	326	Psi Daemones	Daemones	Barren rock	FALSE	FALSE	FALSE	FALSE	FALSE	moon		Melite
748	295	326	Gamma Daemones	Daemones	Alien world	FALSE	FALSE	FALSE	FALSE	FALSE			Melite
749	295	326	Delta Daemones	Daemones	Gas giant	FALSE	FALSE	FALSE	FALSE	FALSE			Melite
750	295	326	Upsilon Daemones	Daemones	Alien world	FALSE	FALSE	FALSE	FALSE	FALSE	moon		Melite
751	281	290	Cychreus	Cychreus	Sun	TRUE	TRUE	FALSE	FALSE	FALSE		Proioxis	Melite
752	281	290	Alpha Cychreus	Cychreus	Inferno	FALSE	TRUE	FALSE	FALSE	FALSE			Melite
753	281	290	Beta Cychreus	Cychreus	Alien world	FALSE	FALSE	TRUE	FALSE	FALSE			Melite
754	281	290	Gamma Cychreus	Cychreus	Alien world	FALSE	FALSE	FALSE	FALSE	FALSE			Melite
755	281	290	Madam Soraya	Cychreus	Fortune Teller	FALSE	FALSE	FALSE	FALSE	FALSE			Melite
756	54	410	Qaitakalnin	Qaitakalnin	Wormhole	TRUE	FALSE	FALSE	FALSE	TRUE			Qaitakalnin
757	286	391	Almus	Almus	Sun	TRUE	TRUE	FALSE	FALSE	FALSE		Myrtilus, Polyboea	Nomos
758	286	391	Mahalbiya Hausa	Almus	Asteroid belt	FALSE	TRUE	FALSE	FALSE	FALSE			Nomos
759	286	391	Beta Almus	Almus	Terran planet	FALSE	FALSE	FALSE	FALSE	FALSE			Nomos
760	286	391	Madam Drabardi	Almus	Fortune Teller	FALSE	FALSE	FALSE	FALSE	FALSE			Nomos
761	286	391	Delta Almus	Almus	Alien world	FALSE	FALSE	TRUE	FALSE	FALSE			Nomos
762	286	391	Epsilon Almus	Almus	Alien world	FALSE	FALSE	FALSE	FALSE	FALSE			Nomos
763	286	391	Zeta Almus	Almus	Frozen wasteland	FALSE	FALSE	FALSE	TRUE	FALSE			Nomos
764	286	391	Sigma Almus	Almus	Barren rock	FALSE	FALSE	FALSE	FALSE	FALSE	moon		Nomos
765	286	391	Almus station	Almus	Aftermarket Station	FALSE	FALSE	FALSE	FALSE	FALSE			Nomos
766	316	263	Leuconoe	Leuconoe	Sun	TRUE	TRUE	FALSE	FALSE	FALSE		Myrtilus, Roma, Olenus, Epaphus	Nomos
767	316	263	Alpha Leuconoe	Leuconoe	Alien world	FALSE	FALSE	FALSE	FALSE	FALSE			Nomos
768	316	263	Adroa	Leuconoe	Asteroid belt	FALSE	FALSE	FALSE	FALSE	FALSE			Nomos
769	316	263	Gamma Leuconoe	Leuconoe	Alien world	FALSE	FALSE	FALSE	FALSE	FALSE			Nomos
770	316	263	Delta Leuconoe	Leuconoe	Alien world	FALSE	FALSE	FALSE	FALSE	FALSE			Nomos
771	316	263	Epsilon Leuconoe	Leuconoe	Alien world	FALSE	FALSE	FALSE	FALSE	FALSE			Nomos
772	316	263	Zeta Leuconoe	Leuconoe	Terran planet	FALSE	FALSE	FALSE	FALSE	FALSE			Nomos
773	314	227	Olympian	Olympian	Sun	TRUE	TRUE	FALSE	FALSE	FALSE		Leucippus	Nomos
774	314	227	Alpha Olympian	Olympian	Gas giant	FALSE	FALSE	FALSE	FALSE	FALSE			Nomos
775	314	227	Psi Olympian	Olympian	Alien world	FALSE	FALSE	FALSE	FALSE	FALSE	moon		Nomos
776	314	227	Outlet 10377.7461	Olympian	Gus's Gas	FALSE	FALSE	FALSE	FALSE	FALSE			Nomos
777	326	247	Leucippus	Leucippus	Sun	TRUE	TRUE	FALSE	FALSE	FALSE		Epaphus, Olympian	Nomos
778	326	247	Alpha Leucippus	Leucippus	Alien world	FALSE	FALSE	FALSE	FALSE	FALSE			Nomos
779	326	247	Psi Leucippus	Leucippus	Barren rock	FALSE	FALSE	FALSE	FALSE	FALSE	moon		Nomos
780	326	247	Chi Leucippus	Leucippus	Alien world	FALSE	FALSE	FALSE	FALSE	FALSE	moon		Nomos
781	319	252	Epaphus	Epaphus	Sun	TRUE	TRUE	FALSE	FALSE	FALSE		Leuconoe, Asopus, Leucippus	Nomos
782	319	252	Alpha Epaphus	Epaphus	Alien world	FALSE	FALSE	FALSE	FALSE	FALSE			Nomos
783	319	252	Beta Epaphus	Epaphus	Gas giant	FALSE	FALSE	FALSE	FALSE	FALSE			Nomos
784	319	252	Gamma Epaphus	Epaphus	Alien world	FALSE	FALSE	FALSE	FALSE	FALSE			Nomos
785	319	252	Delta Epaphus	Epaphus	Gas giant	FALSE	FALSE	FALSE	FALSE	FALSE			Nomos
786	319	252	Epsilon Epaphus	Epaphus	Alien world	FALSE	FALSE	FALSE	FALSE	FALSE			Nomos
787	319	252	Restaurant #4746	Epaphus	Space Burger	FALSE	FALSE	FALSE	FALSE	FALSE			Nomos
788	332	255	Asopus	Asopus	Sun	TRUE	TRUE	FALSE	FALSE	FALSE		Epaphus	Nomos
789	332	255	Alpha Asopus	Asopus	Inferno	FALSE	TRUE	FALSE	FALSE	FALSE			Nomos
790	332	255	Beta Asopus	Asopus	Alien world	FALSE	FALSE	FALSE	FALSE	FALSE			Nomos
791	332	255	Gamma Asopus	Asopus	Gas giant	FALSE	FALSE	FALSE	FALSE	FALSE			Nomos
792	307	260	Olenus	Olenus	Sun	TRUE	TRUE	FALSE	FALSE	FALSE		Leuconoe	Nomos
793	307	260	Alpha Olenus	Olenus	Alien world	FALSE	FALSE	FALSE	FALSE	FALSE			Nomos
794	307	260	Beta Olenus	Olenus	Alien world	FALSE	FALSE	FALSE	FALSE	FALSE			Nomos
795	307	260	Gamma Olenus	Olenus	Terran planet	FALSE	FALSE	FALSE	FALSE	FALSE			Nomos
796	307	260	Phi Olenus	Olenus	Barren rock	FALSE	FALSE	FALSE	FALSE	FALSE	moon		Nomos
797	307	260	Epsilon Olenus	Olenus	Alien world	FALSE	FALSE	FALSE	FALSE	FALSE			Nomos
798	309	271	Roma	Roma	Sun	TRUE	TRUE	FALSE	FALSE	FALSE		Leuconoe	Nomos
799	309	271	Alpha Roma	Roma	Gas giant	FALSE	FALSE	FALSE	FALSE	FALSE			Nomos
800	297	390	Myrtilus	Myrtilus	Sun	TRUE	TRUE	FALSE	FALSE	FALSE		Leuconoe, Electra, Almus	Nomos
801	297	390	Alpha Myrtilus	Myrtilus	Gas giant	FALSE	FALSE	FALSE	FALSE	FALSE			Nomos
802	297	390	Outlet 9786.12805	Myrtilus	Gus's Gas	FALSE	FALSE	FALSE	FALSE	FALSE			Nomos
803	297	390	Gamma Myrtilus	Myrtilus	Gas giant	FALSE	FALSE	FALSE	FALSE	FALSE			Nomos
804	297	390	Phi Myrtilus	Myrtilus	Alien world	FALSE	FALSE	FALSE	FALSE	FALSE	moon		Nomos
805	297	390	Epsilon Myrtilus	Myrtilus	Terran planet	FALSE	FALSE	FALSE	FALSE	FALSE			Nomos
806	297	390	Zeta Myrtilus	Myrtilus	Gas giant	FALSE	FALSE	FALSE	FALSE	FALSE			Nomos
807	297	390	Eta Myrtilus	Myrtilus	Alien world	FALSE	FALSE	FALSE	FALSE	FALSE			Nomos
808	242	385	Polyboea	Polyboea	Sun	TRUE	TRUE	FALSE	FALSE	FALSE		Almus	Nomos
809	242	385	Alpha Polyboea	Polyboea	Alien world	FALSE	FALSE	FALSE	FALSE	FALSE			Nomos
810	242	385	Psi Polyboea	Polyboea	Artificial moon	FALSE	FALSE	FALSE	FALSE	FALSE	moon		Nomos
811	242	385	Gamma Polyboea	Polyboea	Alien world	FALSE	FALSE	FALSE	FALSE	FALSE			Nomos
812	242	385	Delta Polyboea	Polyboea	Alien world	FALSE	FALSE	FALSE	FALSE	FALSE			Nomos
813	303	381	Electra	Electra	Sun	TRUE	TRUE	FALSE	FALSE	FALSE		Myrtilus	Nomos
814	303	381	Alpha Electra	Electra	Alien world	FALSE	FALSE	FALSE	FALSE	FALSE			Nomos
815	303	381	Beta Electra	Electra	Terran planet	FALSE	FALSE	FALSE	FALSE	FALSE			Nomos
816	348	329	Harpalyce	Harpalyce	Sun	TRUE	TRUE	FALSE	FALSE	FALSE		Peristhenes, Aglaulus, Ananke, Amphidamas	Antenor
817	348	329	Alpha Harpalyce	Harpalyce	Terran planet	FALSE	FALSE	FALSE	FALSE	FALSE			Antenor
818	348	329	Madam Adara	Harpalyce	Fortune Teller	FALSE	FALSE	FALSE	FALSE	FALSE			Antenor
819	348	329	Gamma Harpalyce	Harpalyce	Alien world	FALSE	FALSE	FALSE	FALSE	FALSE			Antenor
820	348	329	Restaurant #840	Harpalyce	Space Burger	FALSE	FALSE	FALSE	FALSE	FALSE	Droid #E898 and Droid #E85F and Droid #AA58		Antenor
821	348	329	Epsilon Harpalyce	Harpalyce	Alien world	FALSE	FALSE	FALSE	FALSE	FALSE			Antenor
822	348	329	Zeta Harpalyce	Harpalyce	Alien world	FALSE	FALSE	FALSE	FALSE	FALSE			Antenor
823	348	329	Sigma Harpalyce	Harpalyce	Barren rock	FALSE	FALSE	FALSE	FALSE	FALSE	moon		Antenor
824	348	329	Rho Harpalyce	Harpalyce	Alien world	FALSE	FALSE	FALSE	FALSE	FALSE	moon		Antenor
825	348	329	Pi Harpalyce	Harpalyce	Artificial moon	FALSE	FALSE	FALSE	FALSE	FALSE	moon		Antenor
826	348	329	Omicron Harpalyce	Harpalyce	Barren rock	FALSE	FALSE	FALSE	FALSE	FALSE	moon		Antenor
827	348	329	Lambda Harpalyce	Harpalyce	Terran planet	FALSE	FALSE	FALSE	FALSE	FALSE			Antenor
828	338	336	Peristhenes	Peristhenes	Sun	TRUE	TRUE	FALSE	FALSE	FALSE		Zeuxippe, Harpalyce	Antenor
829	338	336	Alpha Peristhenes	Peristhenes	Alien world	FALSE	FALSE	FALSE	FALSE	FALSE			Antenor
830	338	336	Beta Peristhenes	Peristhenes	Alien world	FALSE	FALSE	FALSE	FALSE	FALSE			Antenor
831	338	336	Chi Peristhenes	Peristhenes	Artificial moon	FALSE	FALSE	FALSE	FALSE	FALSE	moon		Antenor
832	338	336	Phi Peristhenes	Peristhenes	Barren rock	FALSE	FALSE	FALSE	FALSE	FALSE	moon		Antenor
833	338	336	Epsilon Peristhenes	Peristhenes	Alien world	FALSE	FALSE	FALSE	FALSE	FALSE			Antenor
834	332	328	Zeuxippe	Zeuxippe	Sun	TRUE	TRUE	FALSE	FALSE	FALSE		Thalia, Peristhenes	Antenor
835	332	328	Alpha Zeuxippe	Zeuxippe	Gas giant	FALSE	FALSE	TRUE	FALSE	FALSE			Antenor
836	332	328	Psi Zeuxippe	Zeuxippe	Alien world	FALSE	FALSE	FALSE	FALSE	FALSE	moon		Antenor
837	332	328	Chi Zeuxippe	Zeuxippe	Alien world	FALSE	FALSE	FALSE	FALSE	FALSE	moon		Antenor
838	332	328	Delta Zeuxippe	Zeuxippe	Alien world	FALSE	FALSE	FALSE	FALSE	FALSE			Antenor
839	337	329	Thalia	Thalia	Sun	TRUE	TRUE	FALSE	FALSE	FALSE		Zeuxippe	Antenor
840	337	329	Alpha Thalia	Thalia	Gas giant	FALSE	FALSE	FALSE	FALSE	FALSE			Antenor
841	337	329	Thalia station	Thalia	Aftermarket Station	FALSE	FALSE	FALSE	FALSE	FALSE			Antenor
842	367	311	Ananke	Ananke	Sun	TRUE	TRUE	FALSE	FALSE	FALSE		Harpalyce	Antenor
843	367	311	Alpha Ananke	Ananke	Inferno	FALSE	TRUE	FALSE	FALSE	FALSE			Antenor
844	367	311	Psi Ananke	Ananke	Alien world	FALSE	FALSE	FALSE	FALSE	FALSE	moon		Antenor
845	367	311	Gamma Ananke	Ananke	Gas giant	FALSE	FALSE	FALSE	FALSE	FALSE			Antenor
846	348	315	Aglaulus	Aglaulus	Sun	TRUE	TRUE	FALSE	FALSE	FALSE		Harpalyce	Antenor
847	348	315	Alpha Aglaulus	Aglaulus	Inferno	FALSE	TRUE	FALSE	FALSE	FALSE			Antenor
848	348	315	Psi Aglaulus	Aglaulus	Artificial moon	FALSE	FALSE	FALSE	FALSE	FALSE	moon		Antenor
849	337	304	Eosphorus	Eosphorus	Sun	TRUE	TRUE	FALSE	FALSE	FALSE		Amphidamas	Antenor
850	337	304	Alpha Eosphorus	Eosphorus	Alien world	FALSE	FALSE	FALSE	FALSE	FALSE			Antenor
851	337	304	Beta Eosphorus	Eosphorus	Terran planet	FALSE	FALSE	FALSE	FALSE	FALSE			Antenor
852	337	304	Gamma Eosphorus	Eosphorus	Gas giant	FALSE	FALSE	TRUE	FALSE	FALSE			Antenor
853	337	304	Delta Eosphorus	Eosphorus	Gas giant	FALSE	FALSE	FALSE	FALSE	FALSE			Antenor
854	337	304	Upsilon Eosphorus	Eosphorus	Barren rock	FALSE	FALSE	FALSE	FALSE	FALSE	moon		Antenor
855	337	304	Tau Eosphorus	Eosphorus	Alien world	FALSE	FALSE	FALSE	FALSE	FALSE	moon		Antenor
856	320	301	Laothoe	Laothoe	Sun	TRUE	TRUE	FALSE	FALSE	FALSE		Amphidamas	Antenor
857	320	301	Alpha Laothoe	Laothoe	Terran planet	FALSE	FALSE	FALSE	FALSE	FALSE			Antenor
858	320	301	Laothoe campus	Laothoe	Heroes Academy	FALSE	FALSE	FALSE	FALSE	FALSE			Antenor
859	320	301	Gamma Laothoe	Laothoe	Gas giant	FALSE	FALSE	FALSE	FALSE	FALSE			Antenor
860	320	301	Phi Laothoe	Laothoe	Alien world	FALSE	FALSE	TRUE	FALSE	FALSE	moon		Antenor
861	320	301	Upsilon Laothoe	Laothoe	Alien world	FALSE	FALSE	FALSE	FALSE	FALSE	moon		Antenor
862	320	310	Aetna	Aetna	Sun	TRUE	TRUE	FALSE	FALSE	FALSE		Amphidamas	Antenor
863	320	310	Alpha Aetna	Aetna	Terran planet	FALSE	FALSE	FALSE	FALSE	FALSE			Antenor
864	320	310	Beta Aetna	Aetna	Gas giant	FALSE	FALSE	FALSE	FALSE	FALSE			Antenor
865	327	312	Amphidamas	Amphidamas	Sun	TRUE	TRUE	FALSE	FALSE	FALSE		Aetna, Cranaus, Harpalyce, Eosphorus, Laothoe	Antenor
866	327	312	Alpha Amphidamas	Amphidamas	Alien world	FALSE	FALSE	FALSE	FALSE	FALSE			Antenor
867	327	312	Beta Amphidamas	Amphidamas	Terran planet	FALSE	FALSE	FALSE	FALSE	FALSE			Antenor
868	327	312	Gamma Amphidamas	Amphidamas	Alien world	FALSE	FALSE	FALSE	FALSE	FALSE			Antenor
869	327	312	Delta Amphidamas	Amphidamas	Alien world	FALSE	FALSE	FALSE	FALSE	FALSE			Antenor
870	322	326	Cranaus	Cranaus	Sun	TRUE	TRUE	FALSE	FALSE	FALSE		Atlas, Amphidamas	Antenor
871	322	326	Alpha Cranaus	Cranaus	Terran planet	FALSE	FALSE	FALSE	FALSE	FALSE			Antenor
872	322	326	Psi Cranaus	Cranaus	Barren rock	FALSE	FALSE	FALSE	FALSE	FALSE	moon		Antenor
873	322	326	Gamma Cranaus	Cranaus	Alien world	FALSE	FALSE	FALSE	FALSE	FALSE			Antenor
874	322	326	Phi Cranaus	Cranaus	Barren rock	FALSE	FALSE	FALSE	FALSE	FALSE	moon		Antenor
875	322	326	Upsilon Cranaus	Cranaus	Artificial moon	FALSE	FALSE	FALSE	FALSE	FALSE	moon		Antenor
876	322	326	Tau Cranaus	Cranaus	Barren rock	FALSE	FALSE	TRUE	FALSE	FALSE	moon		Antenor
877	319	337	Atlas	Atlas	Sun	TRUE	TRUE	FALSE	FALSE	FALSE		Cranaus	Antenor
878	319	337	Alpha Atlas	Atlas	Alien world	FALSE	FALSE	FALSE	FALSE	FALSE			Antenor
879	319	337	Psi Atlas	Atlas	Artificial moon	FALSE	FALSE	FALSE	FALSE	FALSE	moon		Antenor
880	319	337	Chi Atlas	Atlas	Alien world	FALSE	FALSE	FALSE	FALSE	FALSE	moon		Antenor
881	319	337	Phi Atlas	Atlas	Barren rock	FALSE	FALSE	FALSE	FALSE	FALSE	moon		Antenor
882	319	337	Nomma Dogon	Atlas	Asteroid belt	FALSE	FALSE	FALSE	TRUE	FALSE			Antenor
883	401	317	Somelius	Somelius	Sun	TRUE	TRUE	FALSE	FALSE	FALSE		Persephone	Athamas
884	401	317	Alpha Somelius	Somelius	Gas giant	FALSE	FALSE	TRUE	FALSE	FALSE			Athamas
885	401	317	Restaurant #1204	Somelius	Space Burger	FALSE	FALSE	FALSE	FALSE	FALSE	Droid #482D		Athamas
886	369	341	Astacus	Astacus	Sun	TRUE	TRUE	FALSE	FALSE	FALSE		Demophon	Athamas
887	369	341	Alpha Astacus	Astacus	Alien world	FALSE	FALSE	FALSE	FALSE	FALSE			Athamas
888	369	341	Psi Astacus	Astacus	Alien world	FALSE	FALSE	FALSE	FALSE	FALSE	moon		Athamas
889	369	341	Chi Astacus	Astacus	Alien world	FALSE	FALSE	FALSE	FALSE	FALSE	moon		Athamas
890	369	341	Delta Astacus	Astacus	Alien world	FALSE	FALSE	FALSE	FALSE	FALSE			Athamas
891	369	341	Upsilon Astacus	Astacus	Artificial moon	FALSE	FALSE	FALSE	FALSE	FALSE	moon		Athamas
892	369	341	Tau Astacus	Astacus	Barren rock	FALSE	FALSE	FALSE	FALSE	FALSE	moon		Athamas
893	369	341	Sigma Astacus	Astacus	Barren rock	FALSE	FALSE	FALSE	FALSE	FALSE	moon		Athamas
894	369	341	Astacus dealership	Astacus	Heroware	FALSE	FALSE	FALSE	FALSE	FALSE			Athamas
895	369	341	Pi Astacus	Astacus	Barren rock	FALSE	FALSE	FALSE	FALSE	FALSE	moon		Athamas
896	369	341	Omicron Astacus	Astacus	Barren rock	FALSE	FALSE	FALSE	FALSE	FALSE	moon		Athamas
897	370	359	Deucalion	Deucalion	Sun	TRUE	TRUE	FALSE	FALSE	FALSE		Demophon	Athamas
898	370	359	Alpha Deucalion	Deucalion	Gas giant	FALSE	FALSE	FALSE	FALSE	FALSE			Athamas
899	370	359	Outlet 12154.11793	Deucalion	Gus's Gas	FALSE	FALSE	FALSE	FALSE	FALSE			Athamas
900	370	359	Eji Ogbe	Deucalion	Asteroid belt	FALSE	FALSE	FALSE	FALSE	FALSE			Athamas
901	370	359	Delta Deucalion	Deucalion	Gas giant	FALSE	FALSE	TRUE	FALSE	FALSE			Athamas
902	370	359	Upsilon Deucalion	Deucalion	Barren rock	FALSE	FALSE	FALSE	FALSE	FALSE	moon		Athamas
903	370	359	Zeta Deucalion	Deucalion	Terran planet	FALSE	FALSE	FALSE	FALSE	FALSE			Athamas
904	378	353	Demophon	Demophon	Sun	TRUE	TRUE	FALSE	FALSE	FALSE		Deucalion, Astacus, Hestia	Athamas
905	378	353	Alpha Demophon	Demophon	Gas giant	FALSE	FALSE	FALSE	FALSE	FALSE			Athamas
906	378	353	Beta Demophon	Demophon	Gas giant	FALSE	FALSE	FALSE	FALSE	FALSE			Athamas
907	378	353	Gamma Demophon	Demophon	Gas giant	FALSE	FALSE	FALSE	FALSE	FALSE			Athamas
908	378	353	Delta Demophon	Demophon	Gas giant	FALSE	FALSE	FALSE	FALSE	FALSE			Athamas
909	378	353	Upsilon Demophon	Demophon	Alien world	FALSE	FALSE	TRUE	FALSE	FALSE	moon		Athamas
910	378	353	Zeta Demophon	Demophon	Frozen wasteland	FALSE	FALSE	FALSE	TRUE	FALSE			Athamas
911	399	359	Alcimedon	Alcimedon	Sun	TRUE	TRUE	FALSE	FALSE	FALSE		Hestia	Athamas
912	399	359	Alpha Alcimedon	Alcimedon	Terran planet	FALSE	FALSE	FALSE	FALSE	FALSE			Athamas
913	397	340	Hestia	Hestia	Sun	TRUE	TRUE	FALSE	FALSE	FALSE		Demophon, Alcimedon, Nike	Athamas
914	397	340	Alpha Hestia	Hestia	Inferno	FALSE	TRUE	TRUE	FALSE	FALSE			Athamas
915	397	340	Beta Hestia	Hestia	Alien world	FALSE	FALSE	FALSE	FALSE	FALSE			Athamas
916	397	340	Chi Hestia	Hestia	Artificial moon	FALSE	FALSE	FALSE	FALSE	FALSE	moon		Athamas
917	397	340	Phi Hestia	Hestia	Barren rock	FALSE	FALSE	FALSE	FALSE	FALSE	moon		Athamas
918	397	340	Upsilon Hestia	Hestia	Barren rock	FALSE	FALSE	FALSE	FALSE	FALSE	moon		Athamas
919	397	340	Zeta Hestia	Hestia	Terran planet	FALSE	FALSE	FALSE	FALSE	FALSE			Athamas
920	397	340	Eta Hestia	Hestia	Alien world	FALSE	FALSE	TRUE	FALSE	FALSE			Athamas
921	397	340	Theta Hestia	Hestia	Alien world	FALSE	FALSE	FALSE	FALSE	FALSE			Athamas
922	397	340	Madam Aminta	Hestia	Fortune Teller	FALSE	FALSE	FALSE	FALSE	FALSE			Athamas
923	417	301	Nike	Nike	Sun	TRUE	TRUE	FALSE	FALSE	FALSE		Persephone, Hestia	Athamas
924	417	301	Alpha Nike	Nike	Inferno	FALSE	TRUE	FALSE	FALSE	FALSE			Athamas
925	417	301	Beta Nike	Nike	Alien world	FALSE	FALSE	TRUE	FALSE	FALSE			Athamas
926	417	301	Gamma Nike	Nike	Frozen wasteland	FALSE	FALSE	FALSE	TRUE	FALSE			Athamas
927	417	301	Nike station	Nike	Aftermarket Station	FALSE	FALSE	FALSE	FALSE	FALSE			Athamas
928	417	301	Epsilon Nike	Nike	Terran planet	FALSE	FALSE	FALSE	FALSE	FALSE			Athamas
929	417	301	Tau Nike	Nike	Barren rock	FALSE	FALSE	FALSE	FALSE	FALSE	moon		Athamas
930	417	301	Sigma Nike	Nike	Barren rock	FALSE	FALSE	FALSE	FALSE	FALSE	moon		Athamas
931	417	301	Theta Nike	Nike	Alien world	FALSE	FALSE	FALSE	FALSE	FALSE			Athamas
932	417	301	Pi Nike	Nike	Barren rock	FALSE	FALSE	TRUE	FALSE	FALSE	moon		Athamas
933	417	301	Omicron Nike	Nike	Alien world	FALSE	FALSE	FALSE	FALSE	FALSE	moon		Athamas
934	417	301	Ananse Ashanti	Nike	Asteroid belt	FALSE	FALSE	FALSE	TRUE	FALSE			Athamas
935	394	305	Persephone	Persephone	Sun	TRUE	TRUE	FALSE	FALSE	FALSE		Somelius, Callidice, Nike	Athamas
936	394	305	Alpha Persephone	Persephone	Alien world	FALSE	FALSE	FALSE	FALSE	FALSE			Athamas
937	394	305	Beta Persephone	Persephone	Gas giant	FALSE	FALSE	FALSE	FALSE	FALSE			Athamas
938	394	305	Gamma Persephone	Persephone	Frozen wasteland	FALSE	FALSE	FALSE	TRUE	FALSE			Athamas
939	394	305	Phi Persephone	Persephone	Alien world	FALSE	FALSE	TRUE	FALSE	FALSE	moon		Athamas
940	394	305	Epsilon Persephone	Persephone	Frozen wasteland	FALSE	FALSE	FALSE	TRUE	FALSE			Athamas
941	394	287	Callidice	Callidice	Sun	TRUE	TRUE	FALSE	FALSE	FALSE		Persephone, Britomartis	Athamas
942	394	287	Alpha Callidice	Callidice	Gas giant	FALSE	FALSE	FALSE	FALSE	FALSE			Athamas
943	394	287	Beta Callidice	Callidice	Gas giant	FALSE	FALSE	FALSE	FALSE	FALSE			Athamas
944	394	287	Chi Callidice	Callidice	Barren rock	FALSE	FALSE	FALSE	FALSE	FALSE	moon		Athamas
945	394	287	Phi Callidice	Callidice	Barren rock	FALSE	FALSE	FALSE	FALSE	FALSE	moon		Athamas
946	394	287	Upsilon Callidice	Callidice	Alien world	FALSE	FALSE	FALSE	FALSE	FALSE	moon		Athamas
947	394	287	Zeta Callidice	Callidice	Gas giant	FALSE	FALSE	FALSE	FALSE	FALSE			Athamas
948	384	281	Britomartis	Britomartis	Sun	TRUE	TRUE	FALSE	FALSE	FALSE		Callidice	Athamas
949	384	281	Alpha Britomartis	Britomartis	Terran planet	FALSE	FALSE	FALSE	FALSE	FALSE			Athamas
950	384	281	Beta Britomartis	Britomartis	Alien world	FALSE	FALSE	FALSE	FALSE	FALSE			Athamas
951	384	281	Chi Britomartis	Britomartis	Alien world	FALSE	FALSE	FALSE	FALSE	FALSE	moon		Athamas
952	384	281	Phi Britomartis	Britomartis	Artificial moon	FALSE	FALSE	FALSE	FALSE	FALSE	moon		Athamas
953	384	281	Upsilon Britomartis	Britomartis	Alien world	FALSE	FALSE	FALSE	FALSE	FALSE	moon		Athamas
954	384	281	Zeta Britomartis	Britomartis	Gas giant	FALSE	FALSE	FALSE	FALSE	FALSE			Athamas
955	384	281	Sigma Britomartis	Britomartis	Alien world	FALSE	FALSE	FALSE	FALSE	FALSE	moon		Athamas
956	384	281	Rho Britomartis	Britomartis	Barren rock	FALSE	FALSE	FALSE	FALSE	FALSE	moon		Athamas
957	429	392	Atreus	Atreus	Sun	TRUE	TRUE	FALSE	FALSE	FALSE		Delas	Oupis
958	429	392	Alpha Atreus	Atreus	Inferno	FALSE	TRUE	FALSE	FALSE	FALSE			Oupis
959	429	392	Beta Atreus	Atreus	Alien world	FALSE	FALSE	FALSE	FALSE	FALSE			Oupis
960	429	392	Gamma Atreus	Atreus	Alien world	FALSE	FALSE	FALSE	FALSE	FALSE			Oupis
961	429	392	Delta Atreus	Atreus	Alien world	FALSE	FALSE	FALSE	FALSE	FALSE			Oupis
962	451	354	Delas	Delas	Sun	TRUE	TRUE	FALSE	FALSE	FALSE		Nemesis, Atreus, Porphyrion	Oupis
963	451	354	Alpha Delas	Delas	Gas giant	FALSE	FALSE	FALSE	FALSE	FALSE			Oupis
964	451	354	Delas dealership	Delas	Heroware	FALSE	FALSE	FALSE	FALSE	FALSE			Oupis
965	451	354	Gamma Delas	Delas	Alien world	FALSE	FALSE	FALSE	FALSE	FALSE			Oupis
966	451	354	Delta Delas	Delas	Alien world	FALSE	FALSE	FALSE	FALSE	FALSE			Oupis
967	451	354	Upsilon Delas	Delas	Alien world	FALSE	FALSE	FALSE	FALSE	FALSE	moon		Oupis
968	451	354	Zeta Delas	Delas	Frozen wasteland	FALSE	FALSE	FALSE	TRUE	FALSE			Oupis
969	451	354	Eta Delas	Delas	Frozen wasteland	FALSE	FALSE	FALSE	TRUE	FALSE			Oupis
970	454	377	Nemesis	Nemesis	Sun	TRUE	TRUE	FALSE	FALSE	FALSE		Delas	Oupis
971	454	377	Alpha Nemesis	Nemesis	Inferno	FALSE	TRUE	FALSE	FALSE	FALSE			Oupis
972	440	314	Porphyrion	Porphyrion	Sun	TRUE	TRUE	FALSE	FALSE	FALSE		Eioneus, Delas	Oupis
973	440	314	Alpha Porphyrion	Porphyrion	Gas giant	FALSE	FALSE	FALSE	FALSE	FALSE			Oupis
974	440	314	Beta Porphyrion	Porphyrion	Terran planet	FALSE	FALSE	FALSE	FALSE	FALSE			Oupis
975	440	314	Chi Porphyrion	Porphyrion	Barren rock	FALSE	FALSE	FALSE	FALSE	FALSE	moon		Oupis
976	440	314	Delta Porphyrion	Porphyrion	Gas giant	FALSE	FALSE	FALSE	FALSE	FALSE			Oupis
977	440	314	Epsilon Porphyrion	Porphyrion	Gas giant	FALSE	FALSE	FALSE	FALSE	FALSE			Oupis
978	440	314	Zeta Porphyrion	Porphyrion	Gas giant	FALSE	FALSE	FALSE	FALSE	FALSE			Oupis
979	439	304	Eioneus	Eioneus	Sun	TRUE	TRUE	FALSE	FALSE	FALSE		Porphyrion	Oupis
980	439	304	Alpha Eioneus	Eioneus	Gas giant	FALSE	FALSE	FALSE	FALSE	FALSE			Oupis
981	439	304	Madam Cosma	Eioneus	Fortune Teller	FALSE	FALSE	FALSE	FALSE	FALSE			Oupis
982	439	304	Gamma Eioneus	Eioneus	Gas giant	FALSE	FALSE	FALSE	FALSE	FALSE			Oupis
983	439	304	Eioneus campus	Eioneus	Heroes Academy	FALSE	FALSE	FALSE	FALSE	FALSE			Oupis
984	381	418	Ucalegon	Ucalegon	Sun	TRUE	TRUE	FALSE	FALSE	FALSE		Alexiares	Melanippe
985	381	418	Alpha Ucalegon	Ucalegon	Gas giant	FALSE	FALSE	FALSE	FALSE	FALSE			Melanippe
986	381	418	Beta Ucalegon	Ucalegon	Alien world	FALSE	FALSE	TRUE	FALSE	FALSE			Melanippe
987	393	444	Alexiares	Alexiares	Sun	TRUE	TRUE	FALSE	FALSE	FALSE		Adrastus, Ucalegon	Melanippe
988	393	444	Alpha Alexiares	Alexiares	Terran planet	FALSE	FALSE	FALSE	FALSE	FALSE			Melanippe
989	393	444	Alexiares dealership	Alexiares	Heroware	FALSE	FALSE	FALSE	FALSE	FALSE			Melanippe
990	393	444	Chi Alexiares	Alexiares	Alien world	FALSE	FALSE	FALSE	FALSE	FALSE	moon		Melanippe
991	393	444	Delta Alexiares	Alexiares	Alien world	FALSE	FALSE	FALSE	FALSE	FALSE			Melanippe
992	393	444	Epsilon Alexiares	Alexiares	Gas giant	FALSE	FALSE	FALSE	FALSE	FALSE			Melanippe
993	393	444	Tau Alexiares	Alexiares	Alien world	FALSE	FALSE	FALSE	FALSE	FALSE	moon		Melanippe
994	393	444	Sigma Alexiares	Alexiares	Alien world	FALSE	FALSE	FALSE	FALSE	FALSE	moon		Melanippe
995	393	444	Rho Alexiares	Alexiares	Alien world	FALSE	FALSE	FALSE	FALSE	FALSE	moon		Melanippe
996	394	464	Adrastus	Adrastus	Sun	TRUE	TRUE	FALSE	FALSE	FALSE		Stheneboea, Anteros, Steropes, Alexiares	Melanippe
997	394	464	Alpha Adrastus	Adrastus	Gas giant	FALSE	FALSE	TRUE	FALSE	FALSE			Melanippe
998	394	464	Beta Adrastus	Adrastus	Gas giant	FALSE	FALSE	FALSE	FALSE	FALSE			Melanippe
999	394	464	Gaunab	Adrastus	Asteroid belt	FALSE	FALSE	FALSE	FALSE	FALSE			Melanippe
1000	394	464	Delta Adrastus	Adrastus	Terran planet	FALSE	FALSE	FALSE	FALSE	FALSE			Melanippe
1001	394	464	Upsilon Adrastus	Adrastus	Artificial moon	FALSE	FALSE	FALSE	FALSE	FALSE	moon		Melanippe
1002	394	464	Zeta Adrastus	Adrastus	Alien world	FALSE	FALSE	FALSE	FALSE	FALSE			Melanippe
1003	394	464	Eta Adrastus	Adrastus	Terran planet	FALSE	FALSE	FALSE	FALSE	FALSE			Melanippe
1004	394	464	Rho Adrastus	Adrastus	Barren rock	FALSE	FALSE	FALSE	FALSE	FALSE	moon		Melanippe
1005	402	465	Stheneboea	Stheneboea	Sun	TRUE	TRUE	FALSE	FALSE	FALSE		Adrastus	Melanippe
1006	402	465	Alpha Stheneboea	Stheneboea	Alien world	FALSE	FALSE	FALSE	FALSE	FALSE			Melanippe
1007	424	460	Anteros	Anteros	Sun	TRUE	TRUE	FALSE	FALSE	FALSE		Adrastus	Melanippe
1008	424	460	Alpha Anteros	Anteros	Inferno	FALSE	TRUE	FALSE	FALSE	FALSE			Melanippe
1009	424	460	Beta Anteros	Anteros	Alien world	FALSE	FALSE	FALSE	FALSE	FALSE			Melanippe
1010	424	460	Gamma Anteros	Anteros	Alien world	FALSE	FALSE	FALSE	FALSE	FALSE			Melanippe
1011	424	460	Delta Anteros	Anteros	Gas giant	FALSE	FALSE	FALSE	FALSE	FALSE			Melanippe
1012	424	460	Epsilon Anteros	Anteros	Alien world	FALSE	FALSE	FALSE	FALSE	FALSE			Melanippe
1013	456	476	Steropes	Steropes	Sun	TRUE	TRUE	FALSE	FALSE	FALSE		Adrastus, Periphetes, Prosymnus	Melanippe
1014	456	476	Alpha Steropes	Steropes	Alien world	FALSE	FALSE	FALSE	FALSE	FALSE			Melanippe
1015	456	476	Beta Steropes	Steropes	Alien world	FALSE	FALSE	FALSE	FALSE	FALSE			Melanippe
1016	456	476	Steropes dealership	Steropes	Heroware	FALSE	FALSE	FALSE	FALSE	FALSE			Melanippe
1017	456	476	Delta Steropes	Steropes	Terran planet	FALSE	FALSE	FALSE	FALSE	FALSE			Melanippe
1018	456	476	Epsilon Steropes	Steropes	Gas giant	FALSE	FALSE	FALSE	FALSE	FALSE			Melanippe
1019	456	476	Zeta Steropes	Steropes	Alien world	FALSE	FALSE	FALSE	FALSE	FALSE			Melanippe
1020	453	463	Periphetes	Periphetes	Sun	TRUE	TRUE	FALSE	FALSE	FALSE		Steropes	Melanippe
1021	453	463	Alpha Periphetes	Periphetes	Alien world	FALSE	FALSE	FALSE	FALSE	FALSE			Melanippe
1022	453	463	Psi Periphetes	Periphetes	Alien world	FALSE	FALSE	FALSE	FALSE	FALSE	moon		Melanippe
1023	453	463	Gamma Periphetes	Periphetes	Alien world	FALSE	FALSE	FALSE	FALSE	FALSE			Melanippe
1024	459	502	Prosymnus	Prosymnus	Sun	TRUE	TRUE	FALSE	FALSE	FALSE		Gaia, Steropes	Melanippe
1025	459	502	Alpha Prosymnus	Prosymnus	Alien world	FALSE	FALSE	FALSE	FALSE	FALSE			Melanippe
1026	459	502	Beta Prosymnus	Prosymnus	Gas giant	FALSE	FALSE	FALSE	FALSE	FALSE			Melanippe
1027	459	502	Prosymnus station	Prosymnus	Aftermarket Station	FALSE	FALSE	FALSE	FALSE	FALSE			Melanippe
1028	459	502	Delta Prosymnus	Prosymnus	Alien world	FALSE	FALSE	FALSE	FALSE	FALSE			Melanippe
1029	440	490	Gaia	Gaia	Sun	TRUE	TRUE	FALSE	FALSE	FALSE		Prosymnus	Melanippe
1030	440	490	Mantchu Muchangu	Gaia	Asteroid belt	FALSE	TRUE	FALSE	FALSE	FALSE			Melanippe
1031	440	490	Gaia campus	Gaia	Heroes Academy	FALSE	FALSE	FALSE	FALSE	FALSE			Melanippe
1032	440	490	Gamma Gaia	Gaia	Terran planet	FALSE	FALSE	FALSE	FALSE	FALSE			Melanippe
1033	440	490	Madam Gypsy	Gaia	Fortune Teller	FALSE	FALSE	FALSE	FALSE	FALSE			Melanippe
1034	440	490	Epsilon Gaia	Gaia	Alien world	FALSE	FALSE	FALSE	FALSE	FALSE			Melanippe
1035	440	490	Tau Gaia	Gaia	Alien world	FALSE	FALSE	FALSE	FALSE	FALSE	moon		Melanippe
1036	440	490	Sigma Gaia	Gaia	Barren rock	FALSE	FALSE	FALSE	FALSE	FALSE	moon		Melanippe
1037	440	490	Theta Gaia	Gaia	Alien world	FALSE	FALSE	FALSE	FALSE	FALSE			Melanippe
1038	440	490	Pi Gaia	Gaia	Artificial moon	FALSE	FALSE	FALSE	FALSE	FALSE	moon		Melanippe
1039	435	243	Phrixus	Phrixus	Sun	TRUE	TRUE	FALSE	FALSE	FALSE		Arete, Tlepolemus	Perses
1040	435	243	Alpha Phrixus	Phrixus	Alien world	FALSE	FALSE	FALSE	FALSE	FALSE			Perses
1041	435	243	Psi Phrixus	Phrixus	Artificial moon	FALSE	FALSE	FALSE	FALSE	FALSE	moon		Perses
1042	435	243	Chi Phrixus	Phrixus	Alien world	FALSE	FALSE	FALSE	FALSE	FALSE	moon		Perses
1043	435	243	Phi Phrixus	Phrixus	Barren rock	FALSE	FALSE	FALSE	FALSE	FALSE	moon		Perses
1044	435	243	Upsilon Phrixus	Phrixus	Artificial moon	FALSE	FALSE	FALSE	FALSE	FALSE	moon		Perses
1045	435	243	Dziva	Phrixus	Asteroid belt	FALSE	FALSE	FALSE	FALSE	FALSE			Perses
1046	435	243	Eta Phrixus	Phrixus	Gas giant	FALSE	FALSE	FALSE	FALSE	FALSE			Perses
1047	435	243	Theta Phrixus	Phrixus	Terran planet	FALSE	FALSE	FALSE	FALSE	FALSE			Perses
1048	435	243	Pi Phrixus	Phrixus	Alien world	FALSE	FALSE	FALSE	FALSE	FALSE	moon		Perses
1049	435	243	Kappa Phrixus	Phrixus	Frozen wasteland	FALSE	FALSE	FALSE	TRUE	FALSE			Perses
1050	394	249	Asbetos	Asbetos	Sun	TRUE	TRUE	FALSE	FALSE	FALSE		Hyrnetho, Tlepolemus	Perses
1051	394	249	Alpha Asbetos	Asbetos	Gas giant	FALSE	FALSE	FALSE	FALSE	FALSE			Perses
1052	394	249	Psi Asbetos	Asbetos	Artificial moon	FALSE	FALSE	FALSE	FALSE	FALSE	moon		Perses
1053	394	249	Gamma Asbetos	Asbetos	Terran planet	FALSE	FALSE	FALSE	FALSE	FALSE			Perses
1054	495	257	Arete	Arete	Sun	TRUE	TRUE	FALSE	FALSE	FALSE		Phrixus	Perses
1055	495	257	Alpha Arete	Arete	Gas giant	FALSE	FALSE	FALSE	FALSE	FALSE			Perses
1056	495	257	Beta Arete	Arete	Terran planet	FALSE	FALSE	FALSE	FALSE	FALSE			Perses
1057	495	257	Arete station	Arete	Aftermarket Station	FALSE	FALSE	FALSE	FALSE	FALSE			Perses
1058	415	249	Tlepolemus	Tlepolemus	Sun	TRUE	TRUE	FALSE	FALSE	FALSE		Asbetos, Phrixus, Eurytus, Aristomachus	Perses
1059	415	249	Alpha Tlepolemus	Tlepolemus	Inferno	FALSE	TRUE	FALSE	FALSE	FALSE			Perses
1060	415	249	Psi Tlepolemus	Tlepolemus	Barren rock	FALSE	FALSE	FALSE	FALSE	FALSE	moon		Perses
1061	415	249	Chi Tlepolemus	Tlepolemus	Artificial moon	FALSE	FALSE	FALSE	FALSE	FALSE	moon		Perses
1062	415	249	Delta Tlepolemus	Tlepolemus	Alien world	FALSE	FALSE	FALSE	FALSE	FALSE			Perses
1063	415	249	Upsilon Tlepolemus	Tlepolemus	Artificial moon	FALSE	FALSE	FALSE	FALSE	FALSE	moon		Perses
1064	415	249	Tau Tlepolemus	Tlepolemus	Artificial moon	FALSE	FALSE	FALSE	FALSE	FALSE	moon		Perses
1065	415	249	Eta Tlepolemus	Tlepolemus	Gas giant	FALSE	FALSE	FALSE	FALSE	FALSE			Perses
1066	415	249	Madam Risa	Tlepolemus	Fortune Teller	FALSE	FALSE	FALSE	FALSE	FALSE			Perses
1067	415	249	Pi Tlepolemus	Tlepolemus	Barren rock	FALSE	FALSE	FALSE	FALSE	FALSE	moon		Perses
1068	415	249	Omicron Tlepolemus	Tlepolemus	Barren rock	FALSE	FALSE	FALSE	FALSE	FALSE	moon		Perses
1069	415	249	Lambda Tlepolemus	Tlepolemus	Alien world	FALSE	FALSE	TRUE	FALSE	FALSE			Perses
1070	415	249	Mu Tlepolemus	Tlepolemus	Gas giant	FALSE	FALSE	FALSE	FALSE	FALSE			Perses
1071	418	270	Eurytus	Eurytus	Sun	TRUE	TRUE	FALSE	FALSE	FALSE		Tlepolemus	Perses
1072	418	270	Alpha Eurytus	Eurytus	Alien world	FALSE	FALSE	FALSE	FALSE	FALSE			Perses
1073	418	270	Outlet 13752.8868	Eurytus	Gus's Gas	FALSE	FALSE	FALSE	FALSE	FALSE			Perses
1074	418	270	Eurytus dealership	Eurytus	Heroware	FALSE	FALSE	FALSE	FALSE	FALSE			Perses
1075	389	236	Hyrnetho	Hyrnetho	Sun	TRUE	TRUE	FALSE	FALSE	FALSE		Asbetos	Perses
1076	389	236	Alpha Hyrnetho	Hyrnetho	Gas giant	FALSE	FALSE	FALSE	FALSE	FALSE			Perses
1077	389	236	Outlet 12779.7745	Hyrnetho	Gus's Gas	FALSE	FALSE	FALSE	FALSE	FALSE			Perses
1078	381	267	Aristomachus	Aristomachus	Sun	TRUE	TRUE	FALSE	FALSE	FALSE		Melanippus, Antion, Tlepolemus	Perses
1079	381	267	Alpha Aristomachus	Aristomachus	Alien world	FALSE	FALSE	FALSE	FALSE	FALSE			Perses
1080	381	267	Beta Aristomachus	Aristomachus	Alien world	FALSE	FALSE	FALSE	FALSE	FALSE			Perses
1081	381	267	Chi Aristomachus	Aristomachus	Alien world	FALSE	FALSE	FALSE	FALSE	FALSE	moon		Perses
1082	381	267	Phi Aristomachus	Aristomachus	Artificial moon	FALSE	FALSE	FALSE	FALSE	FALSE	moon		Perses
1083	381	267	Epsilon Aristomachus	Aristomachus	Alien world	FALSE	FALSE	FALSE	FALSE	FALSE			Perses
1084	381	267	Zeta Aristomachus	Aristomachus	Frozen wasteland	FALSE	FALSE	TRUE	TRUE	FALSE			Perses
1085	381	267	Eta Aristomachus	Aristomachus	Alien world	FALSE	FALSE	FALSE	FALSE	FALSE			Perses
1086	386	261	Antion	Antion	Sun	TRUE	TRUE	FALSE	FALSE	FALSE		Aristomachus	Perses
1087	386	261	Alpha Antion	Antion	Alien world	FALSE	FALSE	FALSE	FALSE	FALSE			Perses
1088	370	268	Melanippus	Melanippus	Sun	TRUE	TRUE	FALSE	FALSE	FALSE		Aristomachus, Laërtes	Perses
1089	370	268	Alpha Melanippus	Melanippus	Gas giant	FALSE	FALSE	FALSE	FALSE	FALSE			Perses
1090	370	268	Beta Melanippus	Melanippus	Inferno	FALSE	TRUE	FALSE	FALSE	FALSE			Perses
1091	370	268	Melanippus campus	Melanippus	Heroes Academy	FALSE	FALSE	FALSE	FALSE	FALSE			Perses
1092	360	254	Laërtes	Laërtes	Sun	TRUE	TRUE	FALSE	FALSE	FALSE		Melanippus	Perses
1093	360	254	Alpha Laërtes	Laërtes	Gas giant	FALSE	FALSE	FALSE	FALSE	FALSE			Perses
1094	360	254	Psi Laërtes	Laërtes	Artificial moon	FALSE	FALSE	FALSE	FALSE	FALSE	moon		Perses
1095	360	254	Laërtes station	Laërtes	Aftermarket Station	FALSE	FALSE	FALSE	FALSE	FALSE			Perses
1096	360	254	Laërtes dealership	Laërtes	Heroware	FALSE	FALSE	FALSE	FALSE	FALSE			Perses
1097	360	254	Upsilon Laërtes	Laërtes	Artificial moon	FALSE	FALSE	FALSE	FALSE	FALSE	moon		Perses
1098	360	254	Tau Laërtes	Laërtes	Alien world	FALSE	FALSE	FALSE	FALSE	FALSE	moon		Perses
1099	434	196	Cladeus	Cladeus	Sun	TRUE	TRUE	FALSE	FALSE	FALSE		Thrasymedes, Alala, Anaxibia, Hedylogos	Mopsus
1100	434	196	Alpha Cladeus	Cladeus	Alien world	FALSE	FALSE	FALSE	FALSE	FALSE			Mopsus
1101	434	196	Psi Cladeus	Cladeus	Artificial moon	FALSE	FALSE	FALSE	FALSE	FALSE	moon		Mopsus
1102	434	196	Gamma Cladeus	Cladeus	Inferno	FALSE	TRUE	FALSE	FALSE	FALSE			Mopsus
1103	434	196	Delta Cladeus	Cladeus	Terran planet	FALSE	FALSE	FALSE	FALSE	FALSE			Mopsus
1104	434	196	Ashiakle	Cladeus	Asteroid belt	FALSE	FALSE	FALSE	FALSE	FALSE			Mopsus
1105	434	196	Zeta Cladeus	Cladeus	Alien world	FALSE	FALSE	FALSE	FALSE	FALSE			Mopsus
1106	434	196	Sigma Cladeus	Cladeus	Alien world	FALSE	FALSE	FALSE	FALSE	FALSE	moon		Mopsus
1107	434	196	Rho Cladeus	Cladeus	Barren rock	FALSE	FALSE	FALSE	FALSE	FALSE	moon		Mopsus
1108	434	196	Pi Cladeus	Cladeus	Alien world	FALSE	FALSE	FALSE	FALSE	FALSE	moon		Mopsus
1109	434	196	Omicron Cladeus	Cladeus	Alien world	FALSE	FALSE	FALSE	FALSE	FALSE	moon		Mopsus
1110	434	196	Lambda Cladeus	Cladeus	Frozen wasteland	FALSE	FALSE	FALSE	TRUE	FALSE			Mopsus
1111	434	196	Nu Cladeus	Cladeus	Alien world	FALSE	FALSE	FALSE	FALSE	FALSE	moon		Mopsus
1112	405	169	Trambelus	Trambelus	Sun	TRUE	TRUE	FALSE	FALSE	FALSE		Gorgons, Centaur	Mopsus
1113	405	169	Alpha Trambelus	Trambelus	Alien world	FALSE	FALSE	FALSE	FALSE	FALSE			Mopsus
1114	405	169	Beta Trambelus	Trambelus	Alien world	FALSE	FALSE	FALSE	FALSE	FALSE			Mopsus
1115	405	169	Trambelus dealership	Trambelus	Heroware	FALSE	FALSE	FALSE	FALSE	FALSE			Mopsus
1116	405	169	Trambelus campus	Trambelus	Heroes Academy	FALSE	FALSE	FALSE	FALSE	FALSE			Mopsus
1117	375	164	Marpesia	Marpesia	Sun	TRUE	TRUE	FALSE	FALSE	FALSE		Oenomaus	Mopsus
1118	375	164	Alpha Marpesia	Marpesia	Inferno	FALSE	TRUE	FALSE	FALSE	FALSE			Mopsus
1119	375	164	Restaurant #9263	Marpesia	Space Burger	FALSE	FALSE	FALSE	FALSE	FALSE			Mopsus
1120	375	164	Gamma Marpesia	Marpesia	Gas giant	FALSE	FALSE	FALSE	FALSE	FALSE			Mopsus
1121	375	164	Delta Marpesia	Marpesia	Alien world	FALSE	FALSE	FALSE	FALSE	FALSE			Mopsus
1122	375	164	Upsilon Marpesia	Marpesia	Alien world	FALSE	FALSE	FALSE	FALSE	FALSE	moon		Mopsus
1123	375	164	Zeta Marpesia	Marpesia	Alien world	FALSE	FALSE	FALSE	FALSE	FALSE			Mopsus
1124	427	210	Alala	Alala	Sun	TRUE	TRUE	FALSE	FALSE	FALSE		Cladeus	Mopsus
1125	427	210	Alpha Alala	Alala	Alien world	FALSE	FALSE	FALSE	FALSE	FALSE			Mopsus
1126	427	210	Psi Alala	Alala	Alien world	FALSE	FALSE	FALSE	FALSE	FALSE	moon		Mopsus
1127	427	210	Gamma Alala	Alala	Alien world	FALSE	FALSE	FALSE	FALSE	FALSE			Mopsus
1128	451	189	Anaxibia	Anaxibia	Sun	TRUE	TRUE	FALSE	FALSE	FALSE		Cladeus	Mopsus
1129	451	189	Alpha Anaxibia	Anaxibia	Gas giant	FALSE	FALSE	FALSE	FALSE	FALSE			Mopsus
1130	451	189	Psi Anaxibia	Anaxibia	Barren rock	FALSE	FALSE	FALSE	FALSE	FALSE	moon		Mopsus
1131	451	189	Anaxibia station	Anaxibia	Aftermarket Station	FALSE	FALSE	FALSE	FALSE	FALSE			Mopsus
1132	451	189	Phi Anaxibia	Anaxibia	Barren rock	FALSE	FALSE	FALSE	FALSE	FALSE	moon		Mopsus
1133	451	189	Epsilon Anaxibia	Anaxibia	Alien world	FALSE	FALSE	TRUE	FALSE	FALSE			Mopsus
1134	451	189	Zeta Anaxibia	Anaxibia	Alien world	FALSE	FALSE	FALSE	FALSE	FALSE			Mopsus
1135	408	211	Thrasymedes	Thrasymedes	Sun	TRUE	TRUE	FALSE	FALSE	FALSE		Korybantes, Othryoneus, Oenomaus, Henioche, Cladeus	Mopsus
1136	408	211	Alpha Thrasymedes	Thrasymedes	Gas giant	FALSE	FALSE	TRUE	FALSE	FALSE			Mopsus
1137	408	211	Psi Thrasymedes	Thrasymedes	Alien world	FALSE	FALSE	FALSE	FALSE	FALSE	moon		Mopsus
1138	408	211	Gamma Thrasymedes	Thrasymedes	Alien world	FALSE	FALSE	FALSE	FALSE	FALSE			Mopsus
1139	408	211	Delta Thrasymedes	Thrasymedes	Alien world	FALSE	FALSE	TRUE	FALSE	FALSE			Mopsus
1140	408	211	Epsilon Thrasymedes	Thrasymedes	Gas giant	FALSE	FALSE	FALSE	FALSE	FALSE			Mopsus
1141	408	211	Zeta Thrasymedes	Thrasymedes	Gas giant	FALSE	FALSE	TRUE	FALSE	FALSE			Mopsus
1142	379	212	Korybantes	Korybantes	Sun	TRUE	TRUE	FALSE	FALSE	FALSE		Thrasymedes	Mopsus
1143	379	212	Alpha Korybantes	Korybantes	Terran planet	FALSE	FALSE	FALSE	FALSE	FALSE			Mopsus
1144	379	212	Beta Korybantes	Korybantes	Alien world	FALSE	FALSE	FALSE	FALSE	FALSE			Mopsus
1145	379	212	Gamma Korybantes	Korybantes	Alien world	FALSE	FALSE	FALSE	FALSE	FALSE			Mopsus
1146	379	212	Delta Korybantes	Korybantes	Alien world	FALSE	FALSE	TRUE	FALSE	FALSE			Mopsus
1147	379	212	Epsilon Korybantes	Korybantes	Frozen wasteland	FALSE	FALSE	FALSE	TRUE	FALSE			Mopsus
1148	379	212	Madam Tsilaba	Korybantes	Fortune Teller	FALSE	FALSE	FALSE	FALSE	FALSE			Mopsus
1149	395	207	Othryoneus	Othryoneus	Sun	TRUE	TRUE	FALSE	FALSE	FALSE		Thrasymedes	Mopsus
1150	395	207	Alpha Othryoneus	Othryoneus	Alien world	FALSE	FALSE	FALSE	FALSE	FALSE			Mopsus
1151	395	207	Beta Othryoneus	Othryoneus	Gas giant	FALSE	FALSE	FALSE	FALSE	FALSE			Mopsus
1152	414	198	Henioche	Henioche	Sun	TRUE	TRUE	FALSE	FALSE	FALSE		Thrasymedes	Mopsus
1153	414	198	Alpha Henioche	Henioche	Terran planet	FALSE	FALSE	FALSE	FALSE	FALSE			Mopsus
1154	414	198	Beta Henioche	Henioche	Gas giant	FALSE	FALSE	FALSE	FALSE	FALSE			Mopsus
1155	414	198	Phi Henioche	Henioche	Artificial moon	FALSE	FALSE	FALSE	FALSE	FALSE	moon		Mopsus
1156	414	198	Chi Henioche	Henioche	Alien world	FALSE	FALSE	TRUE	FALSE	FALSE	moon		Mopsus
1157	414	198	Epsilon Henioche	Henioche	Gas giant	FALSE	FALSE	FALSE	FALSE	FALSE			Mopsus
1158	405	186	Oenomaus	Oenomaus	Sun	TRUE	TRUE	FALSE	FALSE	FALSE		Marpesia, Centaur, Thrasymedes	Mopsus
1159	405	186	Alpha Oenomaus	Oenomaus	Terran planet	FALSE	FALSE	FALSE	FALSE	FALSE			Mopsus
1160	405	186	Psi Oenomaus	Oenomaus	Alien world	FALSE	FALSE	FALSE	FALSE	FALSE	moon		Mopsus
1161	405	186	Gamma Oenomaus	Oenomaus	Terran planet	FALSE	FALSE	FALSE	FALSE	FALSE			Mopsus
1162	405	186	Delta Oenomaus	Oenomaus	Gas giant	FALSE	FALSE	FALSE	FALSE	FALSE			Mopsus
1163	405	186	Upsilon Oenomaus	Oenomaus	Alien world	FALSE	FALSE	FALSE	FALSE	FALSE	moon		Mopsus
1164	405	186	Sigma Oenomaus	Oenomaus	Barren rock	FALSE	FALSE	FALSE	FALSE	FALSE	moon		Mopsus
1165	405	186	Rho Oenomaus	Oenomaus	Alien world	FALSE	FALSE	FALSE	FALSE	FALSE	moon		Mopsus
1166	405	186	Tau Oenamous	Oenomaus	Alien world	FALSE	FALSE	TRUE	FALSE	FALSE	moon		Mopsus
1167	405	186	Iota Oenomaus	Oenomaus	Gas giant	FALSE	FALSE	FALSE	FALSE	FALSE			Mopsus
1168	418	163	Centaur	Centaur	Sun	TRUE	TRUE	FALSE	FALSE	FALSE		Oenomaus, Trambelus	Mopsus
1169	418	163	Alpha Centaur	Centaur	Gas giant	FALSE	FALSE	FALSE	FALSE	FALSE			Mopsus
1170	418	163	Psi Centaur	Centaur	Alien world	FALSE	FALSE	FALSE	FALSE	FALSE	moon		Mopsus
1171	418	163	Chi Centaur	Centaur	Alien world	FALSE	FALSE	FALSE	FALSE	FALSE	moon		Mopsus
1172	418	163	Delta Centaur	Centaur	Gas giant	FALSE	FALSE	FALSE	FALSE	FALSE			Mopsus
1173	418	163	Madam Opal	Centaur	Fortune Teller	FALSE	FALSE	FALSE	FALSE	FALSE			Mopsus
1174	418	163	Zeta Centaur	Centaur	Gas giant	FALSE	FALSE	FALSE	FALSE	FALSE			Mopsus
1175	418	163	Sigma Centaur	Centaur	Alien world	FALSE	FALSE	FALSE	FALSE	FALSE	moon		Mopsus
1176	418	163	Outlet 13878.5367	Centaur	Gus's Gas	FALSE	FALSE	FALSE	FALSE	FALSE			Mopsus
1177	412	169	Gorgons	Gorgons	Sun	TRUE	TRUE	FALSE	FALSE	FALSE		Trambelus	Mopsus
1178	412	169	Alpha Gorgons	Gorgons	Terran planet	FALSE	FALSE	FALSE	FALSE	FALSE			Mopsus
1179	465	133	Hedylogos	Hedylogos	Sun	TRUE	TRUE	FALSE	FALSE	FALSE		Polyxena, Cladeus, Psamathe	Mopsus
1180	465	133	Alpha Hedylogos	Hedylogos	Alien world	FALSE	FALSE	FALSE	FALSE	FALSE			Mopsus
1181	465	133	Beta Hedylogos	Hedylogos	Alien world	FALSE	FALSE	TRUE	FALSE	FALSE			Mopsus
1182	465	133	Gamma Hedylogos	Hedylogos	Gas giant	FALSE	FALSE	FALSE	FALSE	FALSE			Mopsus
1183	465	133	Delta Hedylogos	Hedylogos	Alien world	FALSE	FALSE	FALSE	FALSE	FALSE			Mopsus
1184	465	133	Upsilon Hedylogos	Hedylogos	Alien world	FALSE	FALSE	FALSE	FALSE	FALSE	moon		Mopsus
1185	465	133	Zeta Hedylogos	Hedylogos	Gas giant	FALSE	FALSE	FALSE	FALSE	FALSE			Mopsus
1186	465	133	Hedylogos station	Hedylogos	Aftermarket Station	FALSE	FALSE	FALSE	FALSE	FALSE			Mopsus
1187	457	139	Polyxena	Polyxena	Sun	TRUE	TRUE	FALSE	FALSE	FALSE		Bakis, Hedylogos	Mopsus
1188	457	139	Alpha Polyxena	Polyxena	Alien world	FALSE	FALSE	FALSE	FALSE	FALSE			Mopsus
1189	457	139	Beta Polyxena	Polyxena	Terran planet	FALSE	FALSE	FALSE	FALSE	FALSE			Mopsus
1190	457	139	Gamma Polyxena	Polyxena	Alien world	FALSE	FALSE	FALSE	FALSE	FALSE			Mopsus
1191	442	149	Bakis	Bakis	Sun	TRUE	TRUE	FALSE	FALSE	FALSE		Polyxena	Mopsus
1192	442	149	Alpha Bakis	Bakis	Alien world	FALSE	FALSE	FALSE	FALSE	FALSE			Mopsus
1193	442	149	Psi Bakis	Bakis	Barren rock	FALSE	FALSE	FALSE	FALSE	FALSE	moon		Mopsus
1194	442	149	Chi Bakis	Bakis	Alien world	FALSE	FALSE	TRUE	FALSE	FALSE	moon		Mopsus
1195	484	118	Psamathe	Psamathe	Sun	TRUE	TRUE	FALSE	FALSE	FALSE		Hedylogos	Mopsus
1196	484	118	Alpha Psamathe	Psamathe	Gas giant	FALSE	FALSE	FALSE	FALSE	FALSE			Mopsus
1197	484	118	Outlet 15923.3871	Psamathe	Gus's Gas	FALSE	FALSE	FALSE	FALSE	FALSE			Mopsus
1198	484	118	Chi Psamathe	Psamathe	Alien world	FALSE	FALSE	FALSE	FALSE	FALSE	moon		Mopsus
1199	484	118	Delta Psamathe	Psamathe	Alien world	FALSE	FALSE	FALSE	FALSE	FALSE			Mopsus
1200	484	118	Restaurant #5035	Psamathe	Space Burger	FALSE	FALSE	FALSE	FALSE	FALSE			Mopsus
1201	582	132	Megapenthes	Megapenthes	Sun	TRUE	TRUE	FALSE	FALSE	FALSE		Galanthis	Halirrhothius
1202	582	132	Soului Hua	Megapenthes	Asteroid belt	FALSE	TRUE	FALSE	FALSE	FALSE			Halirrhothius
1203	582	132	Megapenthes station	Megapenthes	Aftermarket Station	FALSE	FALSE	FALSE	FALSE	FALSE			Halirrhothius
1204	582	132	Gamma Megapenthes	Megapenthes	Alien world	FALSE	FALSE	FALSE	FALSE	FALSE			Halirrhothius
1205	582	132	Delta Megapenthes	Megapenthes	Alien world	FALSE	FALSE	TRUE	FALSE	FALSE			Halirrhothius
1206	582	132	Epsilon Megapenthes	Megapenthes	Gas giant	FALSE	FALSE	FALSE	FALSE	FALSE			Halirrhothius
1207	582	132	Tau Megapenthes	Megapenthes	Barren rock	FALSE	FALSE	FALSE	FALSE	FALSE	moon		Halirrhothius
1208	582	132	Sigma Megapenthes	Megapenthes	Alien world	FALSE	FALSE	FALSE	FALSE	FALSE	moon		Halirrhothius
1209	473	166	Briseis	Briseis	Sun	TRUE	TRUE	FALSE	FALSE	FALSE		Iamus	Halirrhothius
1210	473	166	Nzambe	Briseis	Asteroid belt	FALSE	TRUE	FALSE	FALSE	FALSE			Halirrhothius
1211	473	166	Beta Briseis	Briseis	Terran planet	FALSE	FALSE	FALSE	FALSE	FALSE			Halirrhothius
1212	473	166	Outlet 15574.5457	Briseis	Gus's Gas	FALSE	FALSE	FALSE	FALSE	FALSE			Halirrhothius
1213	487	153	Iamus	Iamus	Sun	TRUE	TRUE	FALSE	FALSE	FALSE		Briseis, Cragaleus	Halirrhothius
1214	487	153	Alpha Iamus	Iamus	Terran planet	FALSE	FALSE	FALSE	FALSE	FALSE			Halirrhothius
1215	487	153	Iamus dealership	Iamus	Heroware	FALSE	FALSE	FALSE	FALSE	FALSE			Halirrhothius
1216	487	153	Gamma Iamus	Iamus	Terran planet	FALSE	FALSE	FALSE	FALSE	FALSE			Halirrhothius
1217	487	153	Delta Iamus	Iamus	Alien world	FALSE	FALSE	FALSE	FALSE	FALSE			Halirrhothius
1218	505	165	Cragaleus	Cragaleus	Sun	TRUE	TRUE	FALSE	FALSE	FALSE		Cycnus, Iamus, Areto	Halirrhothius
1219	505	165	Alpha Cragaleus	Cragaleus	Inferno	FALSE	TRUE	FALSE	FALSE	FALSE			Halirrhothius
1220	505	165	Beta Cragaleus	Cragaleus	Inferno	FALSE	TRUE	FALSE	FALSE	FALSE			Halirrhothius
1221	505	165	Gamma Cragaleus	Cragaleus	Alien world	FALSE	FALSE	FALSE	FALSE	FALSE			Halirrhothius
1222	505	165	Delta Cragaleus	Cragaleus	Terran planet	FALSE	FALSE	FALSE	FALSE	FALSE			Halirrhothius
1223	505	165	Epsilon Cragaleus	Cragaleus	Gas giant	FALSE	FALSE	FALSE	FALSE	FALSE			Halirrhothius
1224	505	165	Madam Chavi	Cragaleus	Fortune Teller	FALSE	FALSE	FALSE	FALSE	FALSE			Halirrhothius
1225	492	182	Cycnus	Cycnus	Sun	TRUE	TRUE	FALSE	FALSE	FALSE		Cragaleus	Halirrhothius
1226	492	182	Alpha Cycnus	Cycnus	Gas giant	FALSE	FALSE	FALSE	FALSE	FALSE			Halirrhothius
1227	492	182	Psi Cycnus	Cycnus	Artificial moon	FALSE	FALSE	FALSE	FALSE	FALSE	moon		Halirrhothius
1228	492	182	Gamma Cycnus	Cycnus	Inferno	FALSE	TRUE	FALSE	FALSE	FALSE			Halirrhothius
1229	492	182	Phi Cycnus	Cycnus	Barren rock	FALSE	FALSE	FALSE	FALSE	FALSE	moon		Halirrhothius
1230	539	143	Areto	Areto	Sun	TRUE	TRUE	FALSE	FALSE	FALSE		Cragaleus, Nausicaa, Galanthis	Halirrhothius
1231	539	143	Alpha Areto	Areto	Gas giant	FALSE	FALSE	FALSE	FALSE	FALSE			Halirrhothius
1232	539	143	Beta Areto	Areto	Alien world	FALSE	FALSE	FALSE	FALSE	FALSE			Halirrhothius
1233	539	143	Gamma Areto	Areto	Alien world	FALSE	FALSE	FALSE	FALSE	FALSE			Halirrhothius
1234	539	143	Delta Areto	Areto	Alien world	FALSE	FALSE	FALSE	FALSE	FALSE			Halirrhothius
1235	539	143	Epsilon Areto	Areto	Frozen wasteland	FALSE	FALSE	FALSE	TRUE	FALSE			Halirrhothius
1236	539	143	Tau Areto	Areto	Alien world	FALSE	FALSE	TRUE	FALSE	FALSE	moon		Halirrhothius
1237	535	198	Nausicaa	Nausicaa	Sun	TRUE	TRUE	FALSE	FALSE	FALSE		Buphagus, Hodoedocus, Areto	Halirrhothius
1238	535	198	Alpha Nausicaa	Nausicaa	Terran planet	FALSE	FALSE	FALSE	FALSE	FALSE			Halirrhothius
1239	535	198	Beta Nausicaa	Nausicaa	Alien world	FALSE	FALSE	FALSE	FALSE	FALSE			Halirrhothius
1240	535	198	Gamma Nausicaa	Nausicaa	Alien world	FALSE	FALSE	FALSE	FALSE	FALSE			Halirrhothius
1241	535	198	Delta Nausicaa	Nausicaa	Terran planet	FALSE	FALSE	FALSE	FALSE	FALSE			Halirrhothius
1242	535	198	Epsilon Nausicaa	Nausicaa	Terran planet	FALSE	FALSE	FALSE	FALSE	FALSE			Halirrhothius
1243	535	198	Tau Nausicaa	Nausicaa	Alien world	FALSE	FALSE	FALSE	FALSE	FALSE	moon		Halirrhothius
1244	522	191	Buphagus	Buphagus	Sun	TRUE	TRUE	FALSE	FALSE	FALSE		Caunus, Nausicaa	Halirrhothius
1245	522	191	Alpha Buphagus	Buphagus	Alien world	FALSE	FALSE	FALSE	FALSE	FALSE			Halirrhothius
1246	522	191	Buphagus dealership	Buphagus	Heroware	FALSE	FALSE	FALSE	FALSE	FALSE			Halirrhothius
1247	522	191	Gamma Buphagus	Buphagus	Alien world	FALSE	FALSE	FALSE	FALSE	FALSE			Halirrhothius
1248	522	191	Delta Buphagus	Buphagus	Gas giant	FALSE	FALSE	FALSE	FALSE	FALSE			Halirrhothius
1249	522	191	Buphagus campus	Buphagus	Heroes Academy	FALSE	FALSE	FALSE	FALSE	FALSE			Halirrhothius
1250	522	191	Zeta Buphagus	Buphagus	Frozen wasteland	FALSE	FALSE	FALSE	TRUE	FALSE			Halirrhothius
1251	527	192	Caunus	Caunus	Sun	TRUE	TRUE	FALSE	FALSE	FALSE		Buphagus	Halirrhothius
1252	527	192	Alpha Caunus	Caunus	Gas giant	FALSE	FALSE	TRUE	FALSE	FALSE			Halirrhothius
1253	541	172	Hodoedocus	Hodoedocus	Sun	TRUE	TRUE	FALSE	FALSE	FALSE		Nausicaa	Halirrhothius
1254	541	172	Alpha Hodoedocus	Hodoedocus	Terran planet	FALSE	FALSE	FALSE	FALSE	FALSE			Halirrhothius
1255	541	172	Beta Hodoedocus	Hodoedocus	Terran planet	FALSE	FALSE	FALSE	FALSE	FALSE			Halirrhothius
1256	558	121	Galanthis	Galanthis	Sun	TRUE	TRUE	FALSE	FALSE	FALSE		Areto, Megapenthes	Halirrhothius
1257	558	121	Alpha Galanthis	Galanthis	Alien world	FALSE	FALSE	FALSE	FALSE	FALSE			Halirrhothius
1258	558	121	Psi Galanthis	Galanthis	Barren rock	FALSE	FALSE	FALSE	FALSE	FALSE	moon		Halirrhothius
1259	558	121	Chi Galanthis	Galanthis	Barren rock	FALSE	FALSE	FALSE	FALSE	FALSE	moon		Halirrhothius
1260	558	121	Phi Galanthis	Galanthis	Artificial moon	FALSE	FALSE	FALSE	FALSE	FALSE	moon		Halirrhothius
1261	558	121	Upsilon Galanthis	Galanthis	Alien world	FALSE	FALSE	FALSE	FALSE	FALSE	moon		Halirrhothius
1262	558	121	Tau Galanthis	Galanthis	Alien world	FALSE	FALSE	FALSE	FALSE	FALSE	moon		Halirrhothius
1263	558	121	Eta Galanthis	Galanthis	Terran planet	FALSE	FALSE	FALSE	FALSE	FALSE			Halirrhothius
1264	558	121	Rho Galanthis	Galanthis	Alien world	FALSE	FALSE	FALSE	FALSE	FALSE	moon		Halirrhothius
1265	558	121	Iota Galanthis	Galanthis	Terran planet	FALSE	FALSE	FALSE	FALSE	FALSE			Halirrhothius
1266	558	121	Kappa Galanthis	Galanthis	Terran planet	FALSE	FALSE	FALSE	FALSE	FALSE			Halirrhothius
1267	558	121	Lambda Galanthis	Galanthis	Frozen wasteland	FALSE	FALSE	FALSE	TRUE	FALSE			Halirrhothius
1268	558	121	Galanthis campus	Galanthis	Heroes Academy	FALSE	FALSE	FALSE	FALSE	FALSE			Halirrhothius
1269	558	121	Mu Galanthis	Galanthis	Artificial moon	FALSE	FALSE	FALSE	FALSE	FALSE	moon		Halirrhothius
1270	431	105	Agave	Agave	Sun	TRUE	TRUE	FALSE	FALSE	FALSE		Promedon	Lethaea
1271	431	105	Alpha Agave	Agave	Alien world	FALSE	FALSE	FALSE	FALSE	FALSE			Lethaea
1272	431	105	Agave campus	Agave	Heroes Academy	FALSE	FALSE	FALSE	FALSE	FALSE			Lethaea
1273	431	105	Chi Agave	Agave	Barren rock	FALSE	FALSE	FALSE	FALSE	FALSE	moon		Lethaea
1274	431	105	Phi Agave	Agave	Artificial moon	FALSE	FALSE	FALSE	FALSE	FALSE	moon		Lethaea
1275	431	105	Upsilon Agave	Agave	Alien world	FALSE	FALSE	FALSE	FALSE	FALSE	moon		Lethaea
1276	431	105	Tau Agave	Agave	Barren rock	FALSE	FALSE	FALSE	FALSE	FALSE	moon		Lethaea
1277	431	105	Restaurant #9739	Agave	Space Burger	FALSE	FALSE	FALSE	FALSE	FALSE	Droid #7D57		Lethaea
1278	431	105	Theta Agave	Agave	Terran planet	FALSE	FALSE	FALSE	FALSE	FALSE			Lethaea
1279	431	105	Agave station	Agave	Aftermarket Station	FALSE	FALSE	FALSE	FALSE	FALSE			Lethaea
1280	403	116	Promedon	Promedon	Sun	TRUE	TRUE	FALSE	FALSE	FALSE		Broteas, Antheia, Agave	Lethaea
1281	403	116	Alpha Promedon	Promedon	Gas giant	FALSE	FALSE	FALSE	FALSE	FALSE			Lethaea
1282	403	116	Beta Promedon	Promedon	Alien world	FALSE	FALSE	TRUE	FALSE	FALSE			Lethaea
1283	403	116	Gamma Promedon	Promedon	Terran planet	FALSE	FALSE	FALSE	FALSE	FALSE			Lethaea
1284	403	116	Delta Promedon	Promedon	Alien world	FALSE	FALSE	FALSE	FALSE	FALSE			Lethaea
1285	403	116	Epsilon Promedon	Promedon	Frozen wasteland	FALSE	FALSE	FALSE	TRUE	FALSE			Lethaea
1286	373	123	Broteas	Broteas	Sun	TRUE	TRUE	FALSE	FALSE	FALSE		Promedon	Lethaea
1287	373	123	Alpha Broteas	Broteas	Inferno	FALSE	TRUE	FALSE	FALSE	FALSE			Lethaea
1288	373	123	Beta Broteas	Broteas	Alien world	FALSE	FALSE	FALSE	FALSE	FALSE			Lethaea
1289	373	123	Gamma Broteas	Broteas	Gas giant	FALSE	FALSE	FALSE	FALSE	FALSE			Lethaea
1290	373	123	Delta Broteas	Broteas	Gas giant	FALSE	FALSE	FALSE	FALSE	FALSE			Lethaea
1291	373	123	Upsilon Broteas	Broteas	Alien world	FALSE	FALSE	FALSE	FALSE	FALSE	moon		Lethaea
1292	373	123	Tau Broteas	Broteas	Alien world	FALSE	FALSE	FALSE	FALSE	FALSE	moon		Lethaea
1293	373	123	Sigma Broteas	Broteas	Alien world	FALSE	FALSE	FALSE	FALSE	FALSE	moon		Lethaea
1294	400	91	Antheia	Antheia	Sun	TRUE	TRUE	FALSE	FALSE	FALSE		Eulabeia, Aisa, Promedon	Lethaea
1295	400	91	Alpha Antheia	Antheia	Terran planet	FALSE	FALSE	FALSE	FALSE	FALSE			Lethaea
1296	400	91	Beta Antheia	Antheia	Gas giant	FALSE	FALSE	FALSE	FALSE	FALSE			Lethaea
1297	400	91	Chi Antheia	Antheia	Artificial moon	FALSE	FALSE	FALSE	FALSE	FALSE	moon		Lethaea
1298	400	91	Phi Antheia	Antheia	Barren rock	FALSE	FALSE	FALSE	FALSE	FALSE	moon		Lethaea
1299	400	91	Upsilon Antheia	Antheia	Alien world	FALSE	FALSE	TRUE	FALSE	FALSE	moon		Lethaea
1300	400	91	Zeta Antheia	Antheia	Gas giant	FALSE	FALSE	FALSE	FALSE	FALSE			Lethaea
1301	400	91	Eta Antheia	Antheia	Frozen wasteland	FALSE	FALSE	FALSE	TRUE	FALSE			Lethaea
1302	400	91	Theta Antheia	Antheia	Terran planet	FALSE	FALSE	FALSE	FALSE	FALSE			Lethaea
1303	387	22	Aisa	Aisa	Sun	TRUE	TRUE	FALSE	FALSE	FALSE		Antheia	Lethaea
1304	387	22	Alpha Aisa	Aisa	Inferno	FALSE	TRUE	FALSE	FALSE	FALSE			Lethaea
1305	387	22	Beta Aisa	Aisa	Gas giant	FALSE	FALSE	FALSE	FALSE	FALSE			Lethaea
1306	387	22	Gamma Aisa	Aisa	Gas giant	FALSE	FALSE	FALSE	FALSE	FALSE			Lethaea
1307	387	22	Delta Aisa	Aisa	Alien world	FALSE	FALSE	FALSE	FALSE	FALSE			Lethaea
1308	387	22	Epsilon Aisa	Aisa	Alien world	FALSE	FALSE	FALSE	FALSE	FALSE			Lethaea
1309	387	22	Aisa station	Aisa	Aftermarket Station	FALSE	FALSE	FALSE	FALSE	FALSE			Lethaea
1310	389	70	Eulabeia	Eulabeia	Sun	TRUE	TRUE	FALSE	FALSE	FALSE		Themis, Emathion, Antheia, Cottus	Lethaea
1311	389	70	Alpha Eulabeia	Eulabeia	Alien world	FALSE	FALSE	FALSE	FALSE	FALSE			Lethaea
1312	389	70	Beta Eulabeia	Eulabeia	Alien world	FALSE	FALSE	FALSE	FALSE	FALSE			Lethaea
1313	389	70	Gamma Eulabeia	Eulabeia	Alien world	FALSE	FALSE	FALSE	FALSE	FALSE			Lethaea
1314	389	70	Delta Eulabeia	Eulabeia	Gas giant	FALSE	FALSE	FALSE	FALSE	FALSE			Lethaea
1315	383	85	Themis	Themis	Sun	TRUE	TRUE	FALSE	FALSE	FALSE		Tegyrios, Eulabeia	Lethaea
1316	383	85	Alpha Themis	Themis	Terran planet	FALSE	FALSE	FALSE	FALSE	FALSE			Lethaea
1317	383	85	Psi Themis	Themis	Artificial moon	FALSE	FALSE	FALSE	FALSE	FALSE	moon		Lethaea
1318	383	85	Gamma Themis	Themis	Alien world	FALSE	FALSE	FALSE	FALSE	FALSE			Lethaea
1319	383	85	Delta Themis	Themis	Terran planet	FALSE	FALSE	FALSE	FALSE	FALSE			Lethaea
1320	383	85	Themis station	Themis	Aftermarket Station	FALSE	FALSE	FALSE	FALSE	FALSE			Lethaea
1321	383	85	Outlet 12640.2816	Themis	Gus's Gas	FALSE	FALSE	FALSE	FALSE	FALSE			Lethaea
1322	378	98	Tegyrios	Tegyrios	Sun	TRUE	TRUE	FALSE	FALSE	FALSE		Themis	Lethaea
1323	378	98	Alpha Tegyrios	Tegyrios	Inferno	FALSE	TRUE	FALSE	FALSE	FALSE			Lethaea
1324	378	98	Beta Tegyrios	Tegyrios	Gas giant	FALSE	FALSE	FALSE	FALSE	FALSE			Lethaea
1325	378	98	Chi Tegyrios	Tegyrios	Barren rock	FALSE	FALSE	FALSE	FALSE	FALSE	moon		Lethaea
1326	378	98	Phi Tegyrios	Tegyrios	Alien world	FALSE	FALSE	FALSE	FALSE	FALSE	moon		Lethaea
1327	378	98	Upsilon Tegyrios	Tegyrios	Barren rock	FALSE	FALSE	FALSE	FALSE	FALSE	moon		Lethaea
1328	378	98	Zeta Tegyrios	Tegyrios	Terran planet	FALSE	FALSE	FALSE	FALSE	FALSE			Lethaea
1329	378	98	Sigma Tegyrios	Tegyrios	Alien world	FALSE	FALSE	FALSE	FALSE	FALSE	moon		Lethaea
1330	378	98	Rho Tegyrios	Tegyrios	Barren rock	FALSE	FALSE	TRUE	FALSE	FALSE	moon		Lethaea
1331	378	98	Pi Tegyrios	Tegyrios	Artificial moon	FALSE	FALSE	FALSE	FALSE	FALSE	moon		Lethaea
1332	382	60	Emathion	Emathion	Sun	TRUE	TRUE	FALSE	FALSE	FALSE		Rhesus, Eulabeia	Lethaea
1333	382	60	Alpha Emathion	Emathion	Inferno	FALSE	TRUE	FALSE	FALSE	FALSE			Lethaea
1334	382	60	Beta Emathion	Emathion	Gas giant	FALSE	FALSE	FALSE	FALSE	FALSE			Lethaea
1335	382	60	Gamma Emathion	Emathion	Gas giant	FALSE	FALSE	FALSE	FALSE	FALSE			Lethaea
1336	365	69	Rhesus	Rhesus	Sun	TRUE	TRUE	FALSE	FALSE	FALSE		Emathion	Lethaea
1337	365	69	Alpha Rhesus	Rhesus	Terran planet	FALSE	FALSE	FALSE	FALSE	FALSE			Lethaea
1338	365	69	Rhesus dealership	Rhesus	Heroware	FALSE	FALSE	FALSE	FALSE	FALSE			Lethaea
1339	365	69	Gamma Rhesus	Rhesus	Terran planet	FALSE	FALSE	FALSE	FALSE	FALSE			Lethaea
1340	422	53	Cottus	Cottus	Sun	TRUE	TRUE	FALSE	FALSE	FALSE		Typhon, Eulabeia, Thoon, Andreus	Lethaea
1341	422	53	Alpha Cottus	Cottus	Alien world	FALSE	FALSE	FALSE	FALSE	FALSE			Lethaea
1342	422	53	Beta Cottus	Cottus	Alien world	FALSE	FALSE	FALSE	FALSE	FALSE			Lethaea
1343	422	53	Gamma Cottus	Cottus	Alien world	FALSE	FALSE	FALSE	FALSE	FALSE			Lethaea
1344	418	51	Typhon	Typhon	Sun	TRUE	TRUE	FALSE	FALSE	FALSE		Brizo, Cottus	Lethaea
1345	418	51	Alpha Typhon	Typhon	Inferno	FALSE	TRUE	FALSE	FALSE	FALSE			Lethaea
1346	418	51	Restaurant #4429	Typhon	Space Burger	FALSE	FALSE	FALSE	FALSE	FALSE			Lethaea
1347	402	45	Brizo	Brizo	Sun	TRUE	TRUE	FALSE	FALSE	FALSE		Typhon	Lethaea
1348	402	45	Alpha Brizo	Brizo	Alien world	FALSE	FALSE	FALSE	FALSE	FALSE			Lethaea
1349	402	45	Outlet 13226.1486	Brizo	Gus's Gas	FALSE	FALSE	FALSE	FALSE	FALSE			Lethaea
1350	402	45	Madam Yesenia	Brizo	Fortune Teller	FALSE	FALSE	FALSE	FALSE	FALSE			Lethaea
1351	422	45	Thoon	Thoon	Sun	TRUE	TRUE	FALSE	FALSE	FALSE		Cottus	Lethaea
1352	422	45	Alpha Thoon	Thoon	Alien world	FALSE	FALSE	FALSE	FALSE	FALSE			Lethaea
1353	422	45	Thoon campus	Thoon	Heroes Academy	FALSE	FALSE	FALSE	FALSE	FALSE			Lethaea
1354	422	45	Gamma Thoon	Thoon	Terran planet	FALSE	FALSE	FALSE	FALSE	FALSE			Lethaea
1355	422	45	Phi Thoon	Thoon	Artificial moon	FALSE	FALSE	FALSE	FALSE	FALSE	moon		Lethaea
1356	464	49	Andreus	Andreus	Sun	TRUE	TRUE	FALSE	FALSE	FALSE		Cottus	Lethaea
1357	464	49	Alpha Andreus	Andreus	Gas giant	FALSE	FALSE	FALSE	FALSE	FALSE			Lethaea
1358	464	49	Andreus dealership	Andreus	Heroware	FALSE	FALSE	FALSE	FALSE	FALSE			Lethaea
1359	464	49	Andreus campus	Andreus	Heroes Academy	FALSE	FALSE	FALSE	FALSE	FALSE			Lethaea
1360	464	49	Delta Andreus	Andreus	Alien world	FALSE	FALSE	FALSE	FALSE	FALSE			Lethaea
1361	464	49	Andreus station	Andreus	Aftermarket Station	FALSE	FALSE	FALSE	FALSE	FALSE			Lethaea
1362	464	49	Madam Syeira	Andreus	Fortune Teller	FALSE	FALSE	FALSE	FALSE	FALSE			Lethaea
1363	605	91	Lysianassa	Lysianassa	Sun	TRUE	TRUE	FALSE	FALSE	FALSE		Canace	Prothoenor
1364	605	91	Alpha Lysianassa	Lysianassa	Alien world	FALSE	FALSE	FALSE	FALSE	FALSE			Prothoenor
1365	605	91	Beta Lysianassa	Lysianassa	Terran planet	FALSE	FALSE	FALSE	FALSE	FALSE			Prothoenor
1366	600	86	Canace	Canace	Sun	TRUE	TRUE	FALSE	FALSE	FALSE		Onnes, Lysianassa, Actaeon	Prothoenor
1367	600	86	Alpha Canace	Canace	Inferno	FALSE	TRUE	FALSE	FALSE	FALSE			Prothoenor
1368	600	86	Psi Canace	Canace	Artificial moon	FALSE	FALSE	FALSE	FALSE	FALSE	moon		Prothoenor
1369	600	86	Gamma Canace	Canace	Gas giant	FALSE	FALSE	FALSE	FALSE	FALSE			Prothoenor
1370	600	86	Delta Canace	Canace	Alien world	FALSE	FALSE	FALSE	FALSE	FALSE			Prothoenor
1371	607	80	Onnes	Onnes	Sun	TRUE	TRUE	FALSE	FALSE	FALSE		Canace	Prothoenor
1372	607	80	Alpha Onnes	Onnes	Alien world	FALSE	FALSE	FALSE	FALSE	FALSE			Prothoenor
1373	607	80	Onnes dealership	Onnes	Heroware	FALSE	FALSE	FALSE	FALSE	FALSE			Prothoenor
1374	607	80	Outlet 19938.2643	Onnes	Gus's Gas	FALSE	FALSE	FALSE	FALSE	FALSE			Prothoenor
1375	605	69	Actaeon	Actaeon	Sun	TRUE	TRUE	FALSE	FALSE	FALSE		Canace, Protesilaus	Prothoenor
1376	605	69	Alpha Actaeon	Actaeon	Alien world	FALSE	FALSE	FALSE	FALSE	FALSE			Prothoenor
1377	605	69	Beta Actaeon	Actaeon	Gas giant	FALSE	FALSE	FALSE	FALSE	FALSE			Prothoenor
1378	605	69	Gamma Actaeon	Actaeon	Alien world	FALSE	FALSE	TRUE	FALSE	FALSE			Prothoenor
1379	605	69	Phi Actaeon	Actaeon	Barren rock	FALSE	FALSE	FALSE	FALSE	FALSE	moon		Prothoenor
1380	605	69	Upsilon Actaeon	Actaeon	Barren rock	FALSE	FALSE	FALSE	FALSE	FALSE	moon		Prothoenor
1381	605	69	Tau Actaeon	Actaeon	Artificial moon	FALSE	FALSE	FALSE	FALSE	FALSE	moon		Prothoenor
1382	605	69	Eta Actaeon	Actaeon	Frozen wasteland	FALSE	FALSE	FALSE	TRUE	FALSE			Prothoenor
1383	617	61	Protesilaus	Protesilaus	Sun	TRUE	TRUE	FALSE	FALSE	FALSE		Mytilene, Actaeon	Prothoenor
1384	617	61	Alpha Protesilaus	Protesilaus	Inferno	FALSE	TRUE	FALSE	FALSE	FALSE			Prothoenor
1385	617	61	Beta Protesilaus	Protesilaus	Inferno	FALSE	TRUE	FALSE	FALSE	FALSE			Prothoenor
1386	617	61	Chi Protesilaus	Protesilaus	Barren rock	FALSE	FALSE	FALSE	FALSE	FALSE	moon		Prothoenor
1387	617	61	Delta Protesilaus	Protesilaus	Alien world	FALSE	FALSE	FALSE	FALSE	FALSE			Prothoenor
1388	617	61	Epsilon Protesilaus	Protesilaus	Alien world	FALSE	FALSE	FALSE	FALSE	FALSE			Prothoenor
1389	618	52	Mytilene	Mytilene	Sun	TRUE	TRUE	FALSE	FALSE	FALSE		Protesilaus	Prothoenor
1390	618	52	Alpha Mytilene	Mytilene	Gas giant	FALSE	FALSE	FALSE	FALSE	FALSE			Prothoenor
1391	618	52	Madam Florica	Mytilene	Fortune Teller	FALSE	FALSE	FALSE	FALSE	FALSE			Prothoenor
1392	618	52	Gamma Mytilene	Mytilene	Gas giant	FALSE	FALSE	FALSE	FALSE	FALSE			Prothoenor
1393	618	52	Delta Mytilene	Mytilene	Alien world	FALSE	FALSE	FALSE	FALSE	FALSE			Prothoenor
1394	581	56	Syleus	Syleus	Sun	TRUE	TRUE	FALSE	FALSE	FALSE		Dryades	Hippothoön
1395	581	56	Alpha Syleus	Syleus	Terran planet	FALSE	FALSE	FALSE	FALSE	FALSE			Hippothoön
1396	581	56	Syleus station	Syleus	Aftermarket Station	FALSE	FALSE	FALSE	FALSE	FALSE			Hippothoön
1397	581	56	Gamma Syleus	Syleus	Alien world	FALSE	FALSE	FALSE	FALSE	FALSE			Hippothoön
1398	581	56	Pemba	Syleus	Asteroid belt	FALSE	FALSE	FALSE	FALSE	FALSE			Hippothoön
1399	581	56	Epsilon Syleus	Syleus	Alien world	FALSE	FALSE	FALSE	FALSE	FALSE			Hippothoön
1400	512	41	Calleis	Calleis	Sun	TRUE	TRUE	FALSE	FALSE	FALSE		Astraeus	Hippothoön
1401	512	41	Arabati	Calleis	Asteroid belt	FALSE	TRUE	FALSE	FALSE	FALSE			Hippothoön
1402	512	41	Beta Calleis	Calleis	Alien world	FALSE	FALSE	FALSE	FALSE	FALSE			Hippothoön
1403	512	41	Gamma Calleis	Calleis	Terran planet	FALSE	FALSE	FALSE	FALSE	FALSE			Hippothoön
1404	512	41	Phi Calleis	Calleis	Artificial moon	FALSE	FALSE	FALSE	FALSE	FALSE	moon		Hippothoön
1405	512	41	Upsilon Calleis	Calleis	Alien world	FALSE	FALSE	FALSE	FALSE	FALSE	moon		Hippothoön
1406	512	41	Tau Calleis	Calleis	Barren rock	FALSE	FALSE	FALSE	FALSE	FALSE	moon		Hippothoön
1407	522	43	Astraeus	Astraeus	Sun	TRUE	TRUE	FALSE	FALSE	FALSE		Calleis, Dolos, Eurybates, Dryades	Hippothoön
1408	522	43	Alpha Astraeus	Astraeus	Alien world	FALSE	FALSE	TRUE	FALSE	FALSE			Hippothoön
1409	522	43	Astraeus campus	Astraeus	Heroes Academy	FALSE	FALSE	FALSE	FALSE	FALSE			Hippothoön
1410	522	43	Gamma Astraeus	Astraeus	Gas giant	FALSE	FALSE	FALSE	FALSE	FALSE			Hippothoön
1411	522	43	Delta Astraeus	Astraeus	Gas giant	FALSE	FALSE	FALSE	FALSE	FALSE			Hippothoön
1412	522	43	Epsilon Astraeus	Astraeus	Alien world	FALSE	FALSE	FALSE	FALSE	FALSE			Hippothoön
1413	553	31	Eurybates	Eurybates	Sun	TRUE	TRUE	FALSE	FALSE	FALSE		Astraeus	Hippothoön
1414	553	31	Alpha Eurybates	Eurybates	Alien world	FALSE	FALSE	FALSE	FALSE	FALSE			Hippothoön
1415	553	31	Psi Eurybates	Eurybates	Barren rock	FALSE	FALSE	FALSE	FALSE	FALSE	moon		Hippothoön
1416	553	31	Gamma Eurybates	Eurybates	Gas giant	FALSE	FALSE	FALSE	FALSE	FALSE			Hippothoön
1417	553	31	Delta Eurybates	Eurybates	Gas giant	FALSE	FALSE	TRUE	FALSE	FALSE			Hippothoön
1418	553	31	Epsilon Eurybates	Eurybates	Frozen wasteland	FALSE	FALSE	FALSE	TRUE	FALSE			Hippothoön
1419	527	53	Dolos	Dolos	Sun	TRUE	TRUE	FALSE	FALSE	FALSE		Dolon, Astraeus	Hippothoön
1420	527	53	Alpha Dolos	Dolos	Terran planet	FALSE	FALSE	FALSE	FALSE	FALSE			Hippothoön
1421	527	53	Dolos station	Dolos	Aftermarket Station	FALSE	FALSE	FALSE	FALSE	FALSE			Hippothoön
1422	527	53	Gamma Dolos	Dolos	Alien world	FALSE	FALSE	FALSE	FALSE	FALSE			Hippothoön
1423	527	53	Dolos dealership	Dolos	Heroware	FALSE	FALSE	FALSE	FALSE	FALSE			Hippothoön
1424	530	57	Dolon	Dolon	Sun	TRUE	TRUE	FALSE	FALSE	FALSE		Dolos	Hippothoön
1425	530	57	Alpha Dolon	Dolon	Gas giant	FALSE	FALSE	FALSE	FALSE	FALSE			Hippothoön
1426	530	57	Madam Patience	Dolon	Fortune Teller	FALSE	FALSE	FALSE	FALSE	FALSE			Hippothoön
1427	530	57	Outlet 17429.1875	Dolon	Gus's Gas	FALSE	FALSE	FALSE	FALSE	FALSE			Hippothoön
1428	606	44	Dryades	Dryades	Sun	TRUE	TRUE	FALSE	FALSE	FALSE		Syleus, Astraeus, Thanatos, Heleus	Hippothoön
1429	606	44	Alpha Dryades	Dryades	Gas giant	FALSE	FALSE	FALSE	FALSE	FALSE			Hippothoön
1430	606	44	Beta Dryades	Dryades	Inferno	FALSE	TRUE	FALSE	FALSE	FALSE			Hippothoön
1431	606	44	Gamma Dryades	Dryades	Alien world	FALSE	FALSE	FALSE	FALSE	FALSE			Hippothoön
1432	606	44	Phi Dryades	Dryades	Barren rock	FALSE	FALSE	FALSE	FALSE	FALSE	moon		Hippothoön
1433	606	44	Upsilon Dryades	Dryades	Barren rock	FALSE	FALSE	FALSE	FALSE	FALSE	moon		Hippothoön
1434	606	44	Tau Dryades	Dryades	Barren rock	FALSE	FALSE	FALSE	FALSE	FALSE	moon		Hippothoön
1435	606	44	Sigma Dryades	Dryades	Barren rock	FALSE	FALSE	FALSE	FALSE	FALSE	moon		Hippothoön
1436	606	44	Theta Dryades	Dryades	Gas giant	FALSE	FALSE	FALSE	FALSE	FALSE			Hippothoön
1437	606	44	Iota Dryades	Dryades	Alien world	FALSE	FALSE	FALSE	FALSE	FALSE			Hippothoön
1438	603	32	Thanatos	Thanatos	Sun	TRUE	TRUE	FALSE	FALSE	FALSE		Dryades, Aitnaios	Hippothoön
1439	603	32	Alpha Thanatos	Thanatos	Alien world	FALSE	FALSE	FALSE	FALSE	FALSE			Hippothoön
1440	603	32	Beta Thanatos	Thanatos	Terran planet	FALSE	FALSE	FALSE	FALSE	FALSE			Hippothoön
1441	603	32	Outlet 19801.1078	Thanatos	Gus's Gas	FALSE	FALSE	FALSE	FALSE	FALSE			Hippothoön
1442	605	25	Aitnaios	Aitnaios	Sun	TRUE	TRUE	FALSE	FALSE	FALSE		Thanatos	Hippothoön
1443	605	25	Alpha Aitnaios	Aitnaios	Alien world	FALSE	FALSE	TRUE	FALSE	FALSE			Hippothoön
1444	605	25	Beta Aitnaios	Aitnaios	Terran planet	FALSE	FALSE	FALSE	FALSE	FALSE			Hippothoön
1445	666	40	Heleus	Heleus	Sun	TRUE	TRUE	FALSE	FALSE	FALSE		Orithyia, Iphianeira, Dryades	Hippothoön
1446	666	40	Alpha Heleus	Heleus	Inferno	FALSE	TRUE	FALSE	FALSE	FALSE			Hippothoön
1447	666	40	Beta Heleus	Heleus	Gas giant	FALSE	FALSE	FALSE	FALSE	FALSE			Hippothoön
1448	666	40	Gamma Heleus	Heleus	Terran planet	FALSE	FALSE	FALSE	FALSE	FALSE			Hippothoön
1449	666	40	Delta Heleus	Heleus	Alien world	FALSE	FALSE	TRUE	FALSE	FALSE			Hippothoön
1450	666	40	Epsilon Heleus	Heleus	Gas giant	FALSE	FALSE	FALSE	FALSE	FALSE			Hippothoön
1451	646	20	Iphianeira	Iphianeira	Sun	TRUE	TRUE	FALSE	FALSE	FALSE		Heleus	Hippothoön
1452	646	20	Alpha Iphianeira	Iphianeira	Alien world	FALSE	FALSE	TRUE	FALSE	FALSE			Hippothoön
1453	646	20	Psi Iphianeira	Iphianeira	Alien world	FALSE	FALSE	FALSE	FALSE	FALSE	moon		Hippothoön
1454	646	20	Chi Iphianeira	Iphianeira	Artificial moon	FALSE	FALSE	FALSE	FALSE	FALSE	moon		Hippothoön
1455	646	20	Phi Iphianeira	Iphianeira	Alien world	FALSE	FALSE	FALSE	FALSE	FALSE	moon		Hippothoön
1456	646	20	Epsilon Iphianeira	Iphianeira	Alien world	FALSE	FALSE	TRUE	FALSE	FALSE			Hippothoön
1457	646	20	Restaurant #8676	Iphianeira	Space Burger	FALSE	FALSE	FALSE	FALSE	FALSE			Hippothoön
1458	646	20	Outlet 21328.662	Iphianeira	Gus's Gas	FALSE	FALSE	FALSE	FALSE	FALSE			Hippothoön
1459	677	35	Orithyia	Orithyia	Sun	TRUE	TRUE	FALSE	FALSE	FALSE		Heleus	Hippothoön
1460	677	35	Alpha Orithyia	Orithyia	Gas giant	FALSE	FALSE	FALSE	FALSE	FALSE			Hippothoön
1461	677	35	Psi Orithyia	Orithyia	Barren rock	FALSE	FALSE	FALSE	FALSE	FALSE	moon		Hippothoön
1462	677	35	Chi Orithyia	Orithyia	Alien world	FALSE	FALSE	FALSE	FALSE	FALSE	moon		Hippothoön
1463	677	35	Phi Orithyia	Orithyia	Alien world	FALSE	FALSE	FALSE	FALSE	FALSE	moon		Hippothoön
1464	604	108	Delphus	Delphus	Sun	TRUE	TRUE	FALSE	FALSE	FALSE		Brontes, Hecuba	Ioke
1465	604	108	Alpha Delphus	Delphus	Terran planet	FALSE	FALSE	FALSE	FALSE	FALSE			Ioke
1466	604	108	Psi Delphus	Delphus	Barren rock	FALSE	FALSE	FALSE	FALSE	FALSE	moon		Ioke
1467	604	108	Gamma Delphus	Delphus	Terran planet	FALSE	FALSE	FALSE	FALSE	FALSE			Ioke
1468	604	108	Phi Delphus	Delphus	Barren rock	FALSE	FALSE	FALSE	FALSE	FALSE	moon		Ioke
1469	604	108	Epsilon Delphus	Delphus	Gas giant	FALSE	FALSE	FALSE	FALSE	FALSE			Ioke
1470	606	115	Brontes	Brontes	Sun	TRUE	TRUE	FALSE	FALSE	FALSE		Delphus	Ioke
1471	606	115	Alpha Brontes	Brontes	Inferno	FALSE	TRUE	FALSE	FALSE	FALSE			Ioke
1472	606	115	Beta Brontes	Brontes	Alien world	FALSE	FALSE	FALSE	FALSE	FALSE			Ioke
1473	606	115	Chi Brontes	Brontes	Alien world	FALSE	FALSE	FALSE	FALSE	FALSE	moon		Ioke
1474	626	110	Hecuba	Hecuba	Sun	TRUE	TRUE	FALSE	FALSE	FALSE		Amythaon, Delphus, Palaestra	Ioke
1475	626	110	Alpha Hecuba	Hecuba	Alien world	FALSE	FALSE	FALSE	FALSE	FALSE			Ioke
1476	626	110	Beta Hecuba	Hecuba	Terran planet	FALSE	FALSE	FALSE	FALSE	FALSE			Ioke
1477	626	110	Chi Hecuba	Hecuba	Artificial moon	FALSE	FALSE	FALSE	FALSE	FALSE	moon		Ioke
1478	626	110	Delta Hecuba	Hecuba	Alien world	FALSE	FALSE	FALSE	FALSE	FALSE			Ioke
1479	626	110	Epsilon Hecuba	Hecuba	Alien world	FALSE	FALSE	FALSE	FALSE	FALSE			Ioke
1480	626	110	Tau Hecuba	Hecuba	Artificial moon	FALSE	FALSE	FALSE	FALSE	FALSE	moon		Ioke
1481	626	110	Sigma Hecuba	Hecuba	Alien world	FALSE	FALSE	TRUE	FALSE	FALSE	moon		Ioke
1482	626	110	Theta Hecuba	Hecuba	Terran planet	FALSE	FALSE	FALSE	FALSE	FALSE			Ioke
1483	621	100	Amythaon	Amythaon	Sun	TRUE	TRUE	FALSE	FALSE	FALSE		Hecuba	Ioke
1484	621	100	Alpha Amythaon	Amythaon	Terran planet	FALSE	FALSE	FALSE	FALSE	FALSE			Ioke
1485	621	100	Madam Chavali	Amythaon	Fortune Teller	FALSE	FALSE	FALSE	FALSE	FALSE			Ioke
1486	621	100	Restaurant #5677	Amythaon	Space Burger	FALSE	FALSE	FALSE	FALSE	FALSE			Ioke
1487	621	100	Delta Amythaon	Amythaon	Gas giant	FALSE	FALSE	FALSE	FALSE	FALSE			Ioke
1488	621	100	Amythaon campus	Amythaon	Heroes Academy	FALSE	FALSE	FALSE	FALSE	FALSE			Ioke
1489	646	68	Palaestra	Palaestra	Sun	TRUE	TRUE	FALSE	FALSE	FALSE		Diocles, Uranus, Hecuba	Ioke
1490	646	68	Alpha Palaestra	Palaestra	Inferno	FALSE	TRUE	FALSE	FALSE	FALSE			Ioke
1491	646	68	Beta Palaestra	Palaestra	Terran planet	FALSE	FALSE	FALSE	FALSE	FALSE			Ioke
1492	646	68	Gamma Palaestra	Palaestra	Terran planet	FALSE	FALSE	FALSE	FALSE	FALSE			Ioke
1493	646	68	Delta Palaestra	Palaestra	Frozen wasteland	FALSE	FALSE	FALSE	TRUE	FALSE			Ioke
1494	646	68	Epsilon Palaestra	Palaestra	Frozen wasteland	FALSE	FALSE	FALSE	TRUE	FALSE			Ioke
1495	646	68	Outlet 21266.2258	Palaestra	Gus's Gas	FALSE	FALSE	FALSE	FALSE	FALSE			Ioke
1496	652	66	Uranus	Uranus	Sun	TRUE	TRUE	FALSE	FALSE	FALSE		Palaestra, Oceanus	Ioke
1497	652	66	Alpha Uranus	Uranus	Inferno	FALSE	TRUE	FALSE	FALSE	FALSE			Ioke
1498	652	66	Uranus campus	Uranus	Heroes Academy	FALSE	FALSE	FALSE	FALSE	FALSE			Ioke
1499	664	67	Oceanus	Oceanus	Sun	TRUE	TRUE	FALSE	FALSE	FALSE		Uranus	Ioke
1500	664	67	Alpha Oceanus	Oceanus	Gas giant	FALSE	FALSE	TRUE	FALSE	FALSE			Ioke
1501	664	67	Oceanus station	Oceanus	Aftermarket Station	FALSE	FALSE	FALSE	FALSE	FALSE			Ioke
1502	631	69	Diocles	Diocles	Sun	TRUE	TRUE	FALSE	FALSE	FALSE		Palaestra	Ioke
1503	631	69	Alpha Diocles	Diocles	Alien world	FALSE	FALSE	FALSE	FALSE	FALSE			Ioke
1504	581	185	Molurus	Molurus	Sun	TRUE	TRUE	FALSE	FALSE	FALSE		Timandra	Leto
1505	581	185	Alpha Molurus	Molurus	Terran planet	FALSE	FALSE	FALSE	FALSE	FALSE			Leto
1506	581	185	Restaurant #8991	Molurus	Space Burger	FALSE	FALSE	FALSE	FALSE	FALSE	Droid #00CD and Droid #02DD		Leto
1507	599	188	Chrysippus	Chrysippus	Sun	TRUE	TRUE	FALSE	FALSE	FALSE		Aphaea, Polyphemus	Leto
1508	599	188	Alpha Chrysippus	Chrysippus	Alien world	FALSE	FALSE	FALSE	FALSE	FALSE			Leto
1509	599	188	Beta Chrysippus	Chrysippus	Terran planet	FALSE	FALSE	FALSE	FALSE	FALSE			Leto
1510	599	188	Chi Chrysippus	Chrysippus	Barren rock	FALSE	FALSE	FALSE	FALSE	FALSE	moon		Leto
1511	599	188	Phi Chrysippus	Chrysippus	Alien world	FALSE	FALSE	FALSE	FALSE	FALSE	moon		Leto
1512	599	188	Epsilon Chrysippus	Chrysippus	Alien world	FALSE	FALSE	FALSE	FALSE	FALSE			Leto
1513	574	216	Aphaea	Aphaea	Sun	TRUE	TRUE	FALSE	FALSE	FALSE		Chrysippus	Leto
1514	574	216	Alpha Aphaea	Aphaea	Gas giant	FALSE	FALSE	FALSE	FALSE	FALSE			Leto
1515	574	216	Aphaea station	Aphaea	Aftermarket Station	FALSE	FALSE	FALSE	FALSE	FALSE			Leto
1516	574	216	Gamma Aphaea	Aphaea	Terran planet	FALSE	FALSE	FALSE	FALSE	FALSE			Leto
1517	586	162	Polyphemus	Polyphemus	Sun	TRUE	TRUE	FALSE	FALSE	FALSE		Catreus, Timandra, Chrysippus	Leto
1518	586	162	Alpha Polyphemus	Polyphemus	Gas giant	FALSE	FALSE	FALSE	FALSE	FALSE			Leto
1519	586	162	Beta Polyphemus	Polyphemus	Terran planet	FALSE	FALSE	FALSE	FALSE	FALSE			Leto
1520	586	162	Chi Polyphemus	Polyphemus	Artificial moon	FALSE	FALSE	FALSE	FALSE	FALSE	moon		Leto
1521	586	162	Delta Polyphemus	Polyphemus	Frozen wasteland	FALSE	FALSE	FALSE	TRUE	FALSE			Leto
1522	586	162	Epsilon Polyphemus	Polyphemus	Terran planet	FALSE	FALSE	FALSE	FALSE	FALSE			Leto
1523	586	162	Zeta Polyphemus	Polyphemus	Alien world	FALSE	FALSE	FALSE	FALSE	FALSE			Leto
1524	586	162	Outlet 19349.5311	Polyphemus	Gus's Gas	FALSE	FALSE	FALSE	FALSE	FALSE			Leto
1525	584	174	Timandra	Timandra	Sun	TRUE	TRUE	FALSE	FALSE	FALSE		Molurus, Polyphemus	Leto
1526	584	174	Alpha Timandra	Timandra	Inferno	FALSE	TRUE	FALSE	FALSE	FALSE			Leto
1527	584	174	Psi Timandra	Timandra	Barren rock	FALSE	FALSE	FALSE	FALSE	FALSE	moon		Leto
1528	584	174	Gamma Timandra	Timandra	Alien world	FALSE	FALSE	FALSE	FALSE	FALSE			Leto
1529	584	174	Phi Timandra	Timandra	Alien world	FALSE	FALSE	FALSE	FALSE	FALSE	moon		Leto
1530	572	161	Catreus	Catreus	Sun	TRUE	TRUE	FALSE	FALSE	FALSE		Polyphemus	Leto
1531	572	161	Alpha Catreus	Catreus	Gas giant	FALSE	FALSE	FALSE	FALSE	FALSE			Leto
1532	572	161	Beta Catreus	Catreus	Terran planet	FALSE	FALSE	FALSE	FALSE	FALSE			Leto
1533	572	161	Catreus dealership	Catreus	Heroware	FALSE	FALSE	FALSE	FALSE	FALSE			Leto
1534	651	203	Arge	Arge	Sun	TRUE	TRUE	FALSE	FALSE	FALSE		Hygieia, Tydeus	Silenus
1535	651	203	Mulungu	Arge	Asteroid belt	FALSE	TRUE	FALSE	FALSE	FALSE			Silenus
1536	651	203	Beta Arge	Arge	Gas giant	FALSE	FALSE	FALSE	FALSE	FALSE			Silenus
1537	651	203	Gamma Arge	Arge	Inferno	FALSE	TRUE	FALSE	FALSE	FALSE			Silenus
1538	647	211	Hygieia	Hygieia	Sun	TRUE	TRUE	FALSE	FALSE	FALSE		Arge	Silenus
1539	647	211	Alpha Hygieia	Hygieia	Alien world	FALSE	FALSE	FALSE	FALSE	FALSE			Silenus
1540	647	211	Psi Hygieia	Hygieia	Artificial moon	FALSE	FALSE	FALSE	FALSE	FALSE	moon		Silenus
1541	647	211	Chi Hygieia	Hygieia	Alien world	FALSE	FALSE	FALSE	FALSE	FALSE	moon		Silenus
1542	647	211	Phi Hygieia	Hygieia	Artificial moon	FALSE	FALSE	FALSE	FALSE	FALSE	moon		Silenus
1543	647	211	Hygieia station	Hygieia	Aftermarket Station	FALSE	FALSE	FALSE	FALSE	FALSE			Silenus
1544	647	211	Zeta Hygieia	Hygieia	Alien world	FALSE	FALSE	FALSE	FALSE	FALSE			Silenus
1545	651	194	Tydeus	Tydeus	Sun	TRUE	TRUE	FALSE	FALSE	FALSE		Thalestris, Arge, Tecmessa, Hippocampi	Silenus
1546	651	194	Alpha Tydeus	Tydeus	Terran planet	FALSE	FALSE	FALSE	FALSE	FALSE			Silenus
1547	651	194	Beta Tydeus	Tydeus	Gas giant	FALSE	FALSE	FALSE	FALSE	FALSE			Silenus
1548	651	194	Chi Tydeus	Tydeus	Artificial moon	FALSE	FALSE	FALSE	FALSE	FALSE	moon		Silenus
1549	651	194	Phi Tydeus	Tydeus	Barren rock	FALSE	FALSE	FALSE	FALSE	FALSE	moon		Silenus
1550	651	194	Upsilon Tydeus	Tydeus	Barren rock	FALSE	FALSE	FALSE	FALSE	FALSE	moon		Silenus
1551	651	194	Tau Tydeus	Tydeus	Barren rock	FALSE	FALSE	FALSE	FALSE	FALSE	moon		Silenus
1552	651	194	Eta Tydeus	Tydeus	Terran planet	FALSE	FALSE	FALSE	FALSE	FALSE			Silenus
1553	675	211	Tecmessa	Tecmessa	Sun	TRUE	TRUE	FALSE	FALSE	FALSE		Tydeus	Silenus
1554	675	211	Alpha Tecmessa	Tecmessa	Gas giant	FALSE	FALSE	FALSE	FALSE	FALSE			Silenus
1555	675	211	Restaurant #1785	Tecmessa	Space Burger	FALSE	FALSE	FALSE	FALSE	FALSE			Silenus
1556	675	211	Chi Tecmessa	Tecmessa	Barren rock	FALSE	FALSE	FALSE	FALSE	FALSE	moon		Silenus
1557	675	211	Phi Tecmessa	Tecmessa	Alien world	FALSE	FALSE	FALSE	FALSE	FALSE	moon		Silenus
1558	675	211	Epsilon Tecmessa	Tecmessa	Gas giant	FALSE	FALSE	FALSE	FALSE	FALSE			Silenus
1559	675	211	Zeta Tecmessa	Tecmessa	Terran planet	FALSE	FALSE	FALSE	FALSE	FALSE			Silenus
1560	661	187	Hippocampi	Hippocampi	Sun	TRUE	TRUE	FALSE	FALSE	FALSE		Tydeus, Andromache	Silenus
1561	661	187	Alpha Hippocampi	Hippocampi	Inferno	FALSE	TRUE	FALSE	FALSE	FALSE			Silenus
1562	661	187	Psi Hippocampi	Hippocampi	Alien world	FALSE	FALSE	FALSE	FALSE	FALSE	moon		Silenus
1563	661	187	Chi Hippocampi	Hippocampi	Alien world	FALSE	FALSE	FALSE	FALSE	FALSE	moon		Silenus
1564	661	187	Phi Hippocampi	Hippocampi	Barren rock	FALSE	FALSE	FALSE	FALSE	FALSE	moon		Silenus
1565	661	187	Epsilon Hippocampi	Hippocampi	Gas giant	FALSE	FALSE	FALSE	FALSE	FALSE			Silenus
1566	683	190	Andromache	Andromache	Sun	TRUE	TRUE	FALSE	FALSE	FALSE		Hippocampi	Silenus
1567	683	190	Alpha Andromache	Andromache	Alien world	FALSE	FALSE	FALSE	FALSE	FALSE			Silenus
1568	683	190	Psi Andromache	Andromache	Alien world	FALSE	FALSE	FALSE	FALSE	FALSE	moon		Silenus
1569	683	190	Gamma Andromache	Andromache	Inferno	FALSE	TRUE	FALSE	FALSE	FALSE			Silenus
1570	630	193	Thalestris	Thalestris	Sun	TRUE	TRUE	FALSE	FALSE	FALSE		Tydeus, Alcyoneus	Silenus
1571	630	193	Alpha Thalestris	Thalestris	Alien world	FALSE	FALSE	FALSE	FALSE	FALSE			Silenus
1572	630	193	Beta Thalestris	Thalestris	Alien world	FALSE	FALSE	FALSE	FALSE	FALSE			Silenus
1573	630	193	Thalestris dealership	Thalestris	Heroware	FALSE	FALSE	FALSE	FALSE	FALSE			Silenus
1574	630	193	Phi Thalestris	Thalestris	Barren rock	FALSE	FALSE	FALSE	FALSE	FALSE	moon		Silenus
1575	630	193	Upsilon Thalestris	Thalestris	Alien world	FALSE	FALSE	TRUE	FALSE	FALSE	moon		Silenus
1576	630	193	Tau Thalestris	Thalestris	Artificial moon	FALSE	FALSE	FALSE	FALSE	FALSE	moon		Silenus
1577	630	193	Sigma Thalestris	Thalestris	Barren rock	FALSE	FALSE	TRUE	FALSE	FALSE	moon		Silenus
1578	630	193	Theta Thalestris	Thalestris	Terran planet	FALSE	FALSE	FALSE	FALSE	FALSE			Silenus
1579	630	193	Pi Thalestris	Thalestris	Artificial moon	FALSE	FALSE	FALSE	FALSE	FALSE	moon		Silenus
1580	630	193	Kappa Thalestris	Thalestris	Terran planet	FALSE	FALSE	FALSE	FALSE	FALSE			Silenus
1581	621	170	Alcyoneus	Alcyoneus	Sun	TRUE	TRUE	FALSE	FALSE	FALSE		Guneus, Euryanassa, Thalestris	Silenus
1582	621	170	Alpha Alcyoneus	Alcyoneus	Alien world	FALSE	FALSE	FALSE	FALSE	FALSE			Silenus
1583	621	170	Madam Aleta	Alcyoneus	Fortune Teller	FALSE	FALSE	FALSE	FALSE	FALSE			Silenus
1584	621	170	Gamma Alcyoneus	Alcyoneus	Gas giant	FALSE	FALSE	FALSE	FALSE	FALSE			Silenus
1585	621	170	Phi Alcyoneus	Alcyoneus	Barren rock	FALSE	FALSE	FALSE	FALSE	FALSE	moon		Silenus
1586	621	170	Upsilon Alcyoneus	Alcyoneus	Artificial moon	FALSE	FALSE	FALSE	FALSE	FALSE	moon		Silenus
1587	621	170	Zeta Alcyoneus	Alcyoneus	Gas giant	FALSE	FALSE	FALSE	FALSE	FALSE			Silenus
1588	610	168	Guneus	Guneus	Sun	TRUE	TRUE	FALSE	FALSE	FALSE		Alcyoneus	Silenus
1589	610	168	Alpha Guneus	Guneus	Alien world	FALSE	FALSE	FALSE	FALSE	FALSE			Silenus
1590	610	168	Psi Guneus	Guneus	Alien world	FALSE	FALSE	FALSE	FALSE	FALSE	moon		Silenus
1591	610	168	Guneus campus	Guneus	Heroes Academy	FALSE	FALSE	FALSE	FALSE	FALSE			Silenus
1592	610	168	Guneus station	Guneus	Aftermarket Station	FALSE	FALSE	FALSE	FALSE	FALSE			Silenus
1593	623	155	Euryanassa	Euryanassa	Sun	TRUE	TRUE	FALSE	FALSE	FALSE		Eos, Alcyoneus	Silenus
1594	623	155	Alpha Euryanassa	Euryanassa	Gas giant	FALSE	FALSE	FALSE	FALSE	FALSE			Silenus
1595	626	155	Eos	Eos	Sun	TRUE	TRUE	FALSE	FALSE	FALSE		Euryanassa	Silenus
1596	626	155	Alpha Eos	Eos	Terran planet	FALSE	FALSE	FALSE	FALSE	FALSE			Silenus
1597	632	124	Sthenele	Sthenele	Sun	TRUE	TRUE	FALSE	FALSE	FALSE		Lycaon, Penthesilea, Stratonice, Telamon	Phobetor
1598	632	124	Alpha Sthenele	Sthenele	Inferno	FALSE	TRUE	FALSE	FALSE	FALSE			Phobetor
1599	632	124	Beta Sthenele	Sthenele	Gas giant	FALSE	FALSE	FALSE	FALSE	FALSE			Phobetor
1600	632	124	Gamma Sthenele	Sthenele	Alien world	FALSE	FALSE	FALSE	FALSE	FALSE			Phobetor
1601	632	124	Uthlanga	Sthenele	Asteroid belt	FALSE	FALSE	FALSE	FALSE	FALSE			Phobetor
1602	632	124	Epsilon Sthenele	Sthenele	Frozen wasteland	FALSE	FALSE	TRUE	TRUE	FALSE			Phobetor
1603	632	124	Zeta Sthenele	Sthenele	Gas giant	FALSE	FALSE	FALSE	FALSE	FALSE			Phobetor
1604	696	161	Argus	Argus	Sun	TRUE	TRUE	FALSE	FALSE	FALSE		Pelops	Phobetor
1605	696	161	Alpha Argus	Argus	Alien world	FALSE	FALSE	FALSE	FALSE	FALSE			Phobetor
1606	696	161	Beta Argus	Argus	Terran planet	FALSE	FALSE	FALSE	FALSE	FALSE			Phobetor
1607	696	161	Edinkira	Argus	Asteroid belt	FALSE	FALSE	FALSE	FALSE	FALSE			Phobetor
1608	696	161	Delta Argus	Argus	Inferno	FALSE	TRUE	FALSE	FALSE	FALSE			Phobetor
1609	696	161	Epsilon Argus	Argus	Terran planet	FALSE	FALSE	FALSE	FALSE	FALSE			Phobetor
1610	704	172	Pelops	Pelops	Sun	TRUE	TRUE	FALSE	FALSE	FALSE		Iasios, Argus	Phobetor
1611	704	172	Alpha Pelops	Pelops	Inferno	FALSE	TRUE	FALSE	FALSE	FALSE			Phobetor
1612	704	172	Beta Pelops	Pelops	Gas giant	FALSE	FALSE	TRUE	FALSE	FALSE			Phobetor
1613	704	172	Pelops campus	Pelops	Heroes Academy	FALSE	FALSE	FALSE	FALSE	FALSE			Phobetor
1614	704	172	Delta Pelops	Pelops	Terran planet	FALSE	FALSE	FALSE	FALSE	FALSE			Phobetor
1615	704	172	Epsilon Pelops	Pelops	Terran planet	FALSE	FALSE	FALSE	FALSE	FALSE			Phobetor
1616	704	172	Tau Pelops	Pelops	Alien world	FALSE	FALSE	FALSE	FALSE	FALSE	moon		Phobetor
1617	672	164	Iasios	Iasios	Sun	TRUE	TRUE	FALSE	FALSE	FALSE		Telamon, Pelops	Phobetor
1618	672	164	Alpha Iasios	Iasios	Terran planet	FALSE	FALSE	FALSE	FALSE	FALSE			Phobetor
1619	672	164	Iasios station	Iasios	Aftermarket Station	FALSE	FALSE	FALSE	FALSE	FALSE			Phobetor
1620	672	164	Chi Iasios	Iasios	Barren rock	FALSE	FALSE	FALSE	FALSE	FALSE	moon		Phobetor
1621	672	164	Phi Iasios	Iasios	Alien world	FALSE	FALSE	FALSE	FALSE	FALSE	moon		Phobetor
1622	672	164	Epsilon Iasios	Iasios	Inferno	FALSE	TRUE	FALSE	FALSE	FALSE			Phobetor
1623	672	164	Outlet 22153.5379	Iasios	Gus's Gas	FALSE	FALSE	FALSE	FALSE	FALSE			Phobetor
1624	672	164	Restaurant #6018	Iasios	Space Burger	FALSE	FALSE	FALSE	FALSE	FALSE			Phobetor
1625	672	164	Theta Iasios	Iasios	Alien world	FALSE	FALSE	FALSE	FALSE	FALSE			Phobetor
1626	672	164	Iota Iasios	Iasios	Alien world	FALSE	FALSE	FALSE	FALSE	FALSE			Phobetor
1627	672	164	Omicron Iasios	Iasios	Artificial moon	FALSE	FALSE	FALSE	FALSE	FALSE	moon		Phobetor
1628	672	164	Xi Iasios	Iasios	Artificial moon	FALSE	FALSE	FALSE	FALSE	FALSE	moon		Phobetor
1629	655	165	Telamon	Telamon	Sun	TRUE	TRUE	FALSE	FALSE	FALSE		Sthenele, Acratopotes, Iasios	Phobetor
1630	655	165	Alpha Telamon	Telamon	Alien world	FALSE	FALSE	FALSE	FALSE	FALSE			Phobetor
1631	655	165	Beta Telamon	Telamon	Gas giant	FALSE	FALSE	FALSE	FALSE	FALSE			Phobetor
1632	655	165	Gamma Telamon	Telamon	Alien world	FALSE	FALSE	FALSE	FALSE	FALSE			Phobetor
1633	655	165	Phi Telamon	Telamon	Barren rock	FALSE	FALSE	FALSE	FALSE	FALSE	moon		Phobetor
1634	655	165	Epsilon Telamon	Telamon	Alien world	FALSE	FALSE	FALSE	FALSE	FALSE			Phobetor
1635	655	165	Tau Telamon	Telamon	Artificial moon	FALSE	FALSE	FALSE	FALSE	FALSE	moon		Phobetor
1636	655	165	Sigma Telamon	Telamon	Barren rock	FALSE	FALSE	FALSE	FALSE	FALSE	moon		Phobetor
1637	662	158	Acratopotes	Acratopotes	Sun	TRUE	TRUE	FALSE	FALSE	FALSE		Telamon	Phobetor
1638	662	158	Alpha Acratopotes	Acratopotes	Alien world	FALSE	FALSE	FALSE	FALSE	FALSE			Phobetor
1639	662	158	Acratopotes dealership	Acratopotes	Heroware	FALSE	FALSE	FALSE	FALSE	FALSE			Phobetor
1640	622	129	Penthesilea	Penthesilea	Sun	TRUE	TRUE	FALSE	FALSE	FALSE		Sthenele	Phobetor
1641	622	129	Alpha Penthesilea	Penthesilea	Alien world	FALSE	FALSE	FALSE	FALSE	FALSE			Phobetor
1642	622	129	Beta Penthesilea	Penthesilea	Alien world	FALSE	FALSE	TRUE	FALSE	FALSE			Phobetor
1643	622	129	Gamma Penthesilea	Penthesilea	Alien world	FALSE	FALSE	FALSE	FALSE	FALSE			Phobetor
1644	660	130	Stratonice	Stratonice	Sun	TRUE	TRUE	FALSE	FALSE	FALSE		Sthenele, Alcathous, Antigone	Phobetor
1645	660	130	Alpha Stratonice	Stratonice	Inferno	FALSE	TRUE	FALSE	FALSE	FALSE			Phobetor
1646	660	130	Psi Stratonice	Stratonice	Artificial moon	FALSE	FALSE	FALSE	FALSE	FALSE	moon		Phobetor
1647	660	130	Gamma Stratonice	Stratonice	Alien world	FALSE	FALSE	FALSE	FALSE	FALSE			Phobetor
1648	660	130	Delta Stratonice	Stratonice	Terran planet	FALSE	FALSE	FALSE	FALSE	FALSE			Phobetor
1649	660	130	Upsilon Stratonice	Stratonice	Alien world	FALSE	FALSE	FALSE	FALSE	FALSE	moon		Phobetor
1650	660	130	Zeta Stratonice	Stratonice	Gas giant	FALSE	FALSE	TRUE	FALSE	FALSE			Phobetor
1651	658	121	Alcathous	Alcathous	Sun	TRUE	TRUE	FALSE	FALSE	FALSE		Stratonice	Phobetor
1652	658	121	Alpha Alcathous	Alcathous	Alien world	FALSE	FALSE	FALSE	FALSE	FALSE			Phobetor
1653	658	121	Psi Alcathous	Alcathous	Barren rock	FALSE	FALSE	FALSE	FALSE	FALSE	moon		Phobetor
1654	658	121	Alcathous dealership	Alcathous	Heroware	FALSE	FALSE	FALSE	FALSE	FALSE			Phobetor
1655	647	119	Lycaon	Lycaon	Sun	TRUE	TRUE	FALSE	FALSE	FALSE		Ocypete, Sthenele	Phobetor
1656	647	119	Alpha Lycaon	Lycaon	Alien world	FALSE	FALSE	FALSE	FALSE	FALSE			Phobetor
1657	647	119	Beta Lycaon	Lycaon	Gas giant	FALSE	FALSE	FALSE	FALSE	FALSE			Phobetor
1658	647	119	Gamma Lycaon	Lycaon	Alien world	FALSE	FALSE	FALSE	FALSE	FALSE			Phobetor
1659	666	134	Antigone	Antigone	Sun	TRUE	TRUE	FALSE	FALSE	FALSE		Stratonice, Methe	Phobetor
1660	666	134	Alpha Antigone	Antigone	Terran planet	FALSE	FALSE	FALSE	FALSE	FALSE			Phobetor
1661	666	134	Beta Antigone	Antigone	Alien world	FALSE	FALSE	FALSE	FALSE	FALSE			Phobetor
1662	666	134	Madam Beti	Antigone	Fortune Teller	FALSE	FALSE	FALSE	FALSE	FALSE			Phobetor
1663	666	134	Delta Antigone	Antigone	Terran planet	FALSE	FALSE	FALSE	FALSE	FALSE			Phobetor
1664	666	134	Epsilon Antigone	Antigone	Terran planet	FALSE	FALSE	FALSE	FALSE	FALSE			Phobetor
1665	686	137	Methe	Methe	Sun	TRUE	TRUE	FALSE	FALSE	FALSE		Helenus, Omodamos, Antigone	Phobetor
1666	686	137	Alpha Methe	Methe	Terran planet	FALSE	FALSE	FALSE	FALSE	FALSE			Phobetor
1667	686	137	Beta Methe	Methe	Terran planet	FALSE	FALSE	FALSE	FALSE	FALSE			Phobetor
1668	686	137	Tau Methe	Methe	Artificial moon	FALSE	FALSE	FALSE	FALSE	FALSE	moon		Phobetor
1669	686	137	Chi Methe	Methe	Artificial moon	FALSE	FALSE	FALSE	FALSE	FALSE	moon		Phobetor
1670	686	137	Upsilon Methe	Methe	Artificial moon	FALSE	FALSE	FALSE	FALSE	FALSE	moon		Phobetor
1671	686	137	Phi Methe	Methe	Alien world	FALSE	FALSE	FALSE	FALSE	FALSE	moon		Phobetor
1672	692	145	Omodamos	Omodamos	Sun	TRUE	TRUE	FALSE	FALSE	FALSE		Methe	Phobetor
1673	692	145	Alpha Omodamos	Omodamos	Alien world	FALSE	FALSE	FALSE	FALSE	FALSE			Phobetor
1674	692	145	Psi Omodamos	Omodamos	Barren rock	FALSE	FALSE	FALSE	FALSE	FALSE	moon		Phobetor
1675	677	140	Helenus	Helenus	Sun	TRUE	TRUE	FALSE	FALSE	FALSE		Methe	Phobetor
1676	677	140	Alpha Helenus	Helenus	Alien world	FALSE	FALSE	FALSE	FALSE	FALSE			Phobetor
1677	677	140	Beta Helenus	Helenus	Alien world	FALSE	FALSE	FALSE	FALSE	FALSE			Phobetor
1678	648	107	Ocypete	Ocypete	Sun	TRUE	TRUE	FALSE	FALSE	FALSE		Lycaon	Phobetor
1679	648	107	Alpha Ocypete	Ocypete	Terran planet	FALSE	FALSE	FALSE	FALSE	FALSE			Phobetor
1680	648	107	Psi Ocypete	Ocypete	Alien world	FALSE	FALSE	FALSE	FALSE	FALSE	moon		Phobetor
1681	648	107	Chi Ocypete	Ocypete	Alien world	FALSE	FALSE	FALSE	FALSE	FALSE	moon		Phobetor
1682	648	107	Delta Ocypete	Ocypete	Alien world	FALSE	FALSE	FALSE	FALSE	FALSE			Phobetor
1683	648	107	Upsilon Ocypete	Ocypete	Barren rock	FALSE	FALSE	FALSE	FALSE	FALSE	moon		Phobetor
1684	648	107	Tau Ocypete	Ocypete	Alien world	FALSE	FALSE	TRUE	FALSE	FALSE	moon		Phobetor
1685	648	107	Eta Ocypete	Ocypete	Alien world	FALSE	FALSE	FALSE	FALSE	FALSE			Phobetor
1686	542	269	Kutkinnaku	Kutkinnaku	Wormhole	TRUE	FALSE	FALSE	FALSE	TRUE			Kutkinnaku
1687	660	292	Ta'yan	Ta'yan	Wormhole	TRUE	FALSE	FALSE	FALSE	TRUE			Ta'yan
1688	722	74	Tna'nto	Tna'nto	Wormhole	TRUE	FALSE	FALSE	FALSE	TRUE			Tna'nto
1689	765	203	Quinkini A'qu	Quinkini A'qu	Wormhole	TRUE	FALSE	FALSE	FALSE	TRUE			Quinkini A'qu
1690	679	63	Cerambus	Cerambus	Sun	TRUE	TRUE	FALSE	FALSE	FALSE		Dia	Phylonoe
1691	679	63	Alpha Cerambus	Cerambus	Inferno	FALSE	TRUE	FALSE	FALSE	FALSE			Phylonoe
1692	679	63	Psi Cerambus	Cerambus	Barren rock	FALSE	FALSE	FALSE	FALSE	FALSE	moon		Phylonoe
1693	679	63	Gamma Cerambus	Cerambus	Alien world	FALSE	FALSE	FALSE	FALSE	FALSE			Phylonoe
1694	679	63	Restaurant #4030	Cerambus	Space Burger	FALSE	FALSE	FALSE	FALSE	FALSE	Droid #6913		Phylonoe
1695	691	45	Semele	Semele	Sun	TRUE	TRUE	FALSE	FALSE	FALSE		Iodame, Apate, Dia	Phylonoe
1696	691	45	Alpha Semele	Semele	Inferno	FALSE	TRUE	FALSE	FALSE	FALSE			Phylonoe
1697	691	45	Domfe Kurumba	Semele	Asteroid belt	FALSE	FALSE	FALSE	FALSE	FALSE			Phylonoe
1698	691	45	Gamma Semele	Semele	Inferno	FALSE	TRUE	TRUE	FALSE	FALSE			Phylonoe
1699	691	45	Delta Semele	Semele	Alien world	FALSE	FALSE	FALSE	FALSE	FALSE			Phylonoe
1700	691	45	Epsilon Semele	Semele	Alien world	FALSE	FALSE	TRUE	FALSE	FALSE			Phylonoe
1701	691	45	Tau Semele	Semele	Artificial moon	FALSE	FALSE	FALSE	FALSE	FALSE	moon		Phylonoe
1702	691	45	Sigma Semele	Semele	Barren rock	FALSE	FALSE	FALSE	FALSE	FALSE	moon		Phylonoe
1703	679	104	Aethra	Aethra	Sun	TRUE	TRUE	FALSE	FALSE	FALSE		Polycaste	Phylonoe
1704	679	104	Alpha Aethra	Aethra	Terran planet	FALSE	FALSE	FALSE	FALSE	FALSE			Phylonoe
1705	679	104	Madam Nuri	Aethra	Fortune Teller	FALSE	FALSE	FALSE	FALSE	FALSE			Phylonoe
1706	679	104	Gamma Aethra	Aethra	Terran planet	FALSE	FALSE	FALSE	FALSE	FALSE			Phylonoe
1707	679	104	Phi Aethra	Aethra	Alien world	FALSE	FALSE	FALSE	FALSE	FALSE	moon		Phylonoe
1708	679	104	Upsilon Aethra	Aethra	Alien world	FALSE	FALSE	FALSE	FALSE	FALSE	moon		Phylonoe
1709	679	104	Tau Aethra	Aethra	Artificial moon	FALSE	FALSE	FALSE	FALSE	FALSE	moon		Phylonoe
1710	679	104	Sigma Aethra	Aethra	Alien world	FALSE	FALSE	FALSE	FALSE	FALSE	moon		Phylonoe
1711	679	104	Rho Aethra	Aethra	Barren rock	FALSE	FALSE	FALSE	FALSE	FALSE	moon		Phylonoe
1712	679	104	Iota Aethra	Aethra	Inferno	FALSE	TRUE	FALSE	FALSE	FALSE			Phylonoe
1713	679	104	Kappa Aethra	Aethra	Gas giant	FALSE	FALSE	FALSE	FALSE	FALSE			Phylonoe
1714	692	85	Polycaste	Polycaste	Sun	TRUE	TRUE	FALSE	FALSE	FALSE		Heracles, Aethra, Dia	Phylonoe
1715	692	85	Alpha Polycaste	Polycaste	Alien world	FALSE	FALSE	TRUE	FALSE	FALSE			Phylonoe
1716	692	85	Psi Polycaste	Polycaste	Artificial moon	FALSE	FALSE	FALSE	FALSE	FALSE	moon		Phylonoe
1717	692	85	Chi Polycaste	Polycaste	Artificial moon	FALSE	FALSE	FALSE	FALSE	FALSE	moon		Phylonoe
1718	692	85	Phi Polycaste	Polycaste	Alien world	FALSE	FALSE	TRUE	FALSE	FALSE	moon		Phylonoe
1719	692	85	Upsilon Polycaste	Polycaste	Artificial moon	FALSE	FALSE	FALSE	FALSE	FALSE	moon		Phylonoe
1720	692	85	Zeta Polycaste	Polycaste	Terran planet	FALSE	FALSE	FALSE	FALSE	FALSE			Phylonoe
1721	692	85	Eta Polycaste	Polycaste	Alien world	FALSE	FALSE	FALSE	FALSE	FALSE			Phylonoe
1722	692	85	Theta Polycaste	Polycaste	Alien world	FALSE	FALSE	TRUE	FALSE	FALSE			Phylonoe
1723	692	85	Iota Polycaste	Polycaste	Alien world	FALSE	FALSE	FALSE	FALSE	FALSE			Phylonoe
1724	692	85	Omicron Polycaste	Polycaste	Alien world	FALSE	FALSE	FALSE	FALSE	FALSE	moon		Phylonoe
1725	699	96	Heracles	Heracles	Sun	TRUE	TRUE	FALSE	FALSE	FALSE		Polycaste	Phylonoe
1726	699	96	Alpha Heracles	Heracles	Alien world	FALSE	FALSE	FALSE	FALSE	FALSE			Phylonoe
1727	699	96	Beta Heracles	Heracles	Alien world	FALSE	FALSE	FALSE	FALSE	FALSE			Phylonoe
1728	699	96	Chi Heracles	Heracles	Barren rock	FALSE	FALSE	FALSE	FALSE	FALSE	moon		Phylonoe
1729	692	65	Dia	Dia	Sun	TRUE	TRUE	FALSE	FALSE	FALSE		Cerambus, Polycaste, Semele	Phylonoe
1730	692	65	Alpha Dia	Dia	Terran planet	FALSE	FALSE	FALSE	FALSE	FALSE			Phylonoe
1731	692	65	Psi Dia	Dia	Barren rock	FALSE	FALSE	FALSE	FALSE	FALSE	moon		Phylonoe
1732	692	65	Chi Dia	Dia	Artificial moon	FALSE	FALSE	FALSE	FALSE	FALSE	moon		Phylonoe
1733	692	65	Delta Dia	Dia	Terran planet	FALSE	FALSE	FALSE	FALSE	FALSE			Phylonoe
1734	692	65	Epsilon Dia	Dia	Alien world	FALSE	FALSE	FALSE	FALSE	FALSE			Phylonoe
1735	692	65	Zeta Dia	Dia	Alien world	FALSE	FALSE	FALSE	FALSE	FALSE			Phylonoe
1736	692	65	Eta Dia	Dia	Frozen wasteland	FALSE	FALSE	FALSE	TRUE	FALSE			Phylonoe
1737	692	65	Dia dealership	Dia	Heroware	FALSE	FALSE	FALSE	FALSE	FALSE			Phylonoe
1738	686	27	Iodame	Iodame	Sun	TRUE	TRUE	FALSE	FALSE	FALSE		Semele	Phylonoe
1739	686	27	Alpha Iodame	Iodame	Alien world	FALSE	FALSE	FALSE	FALSE	FALSE			Phylonoe
1740	686	27	Psi Iodame	Iodame	Alien world	FALSE	FALSE	FALSE	FALSE	FALSE	moon		Phylonoe
1741	718	45	Apate	Apate	Sun	TRUE	TRUE	FALSE	FALSE	FALSE		Phylacus, Semele	Phylonoe
1742	718	45	Alpha Apate	Apate	Gas giant	FALSE	FALSE	TRUE	FALSE	FALSE			Phylonoe
1743	718	45	Beta Apate	Apate	Alien world	FALSE	FALSE	FALSE	FALSE	FALSE			Phylonoe
1744	718	45	Gamma Apate	Apate	Alien world	FALSE	FALSE	FALSE	FALSE	FALSE			Phylonoe
1745	705	37	Phylacus	Phylacus	Sun	TRUE	TRUE	FALSE	FALSE	FALSE		Selemnus, Apate	Phylonoe
1746	705	37	Alpha Phylacus	Phylacus	Inferno	FALSE	TRUE	FALSE	FALSE	FALSE			Phylonoe
1747	705	37	Madam Clementina	Phylacus	Fortune Teller	FALSE	FALSE	FALSE	FALSE	FALSE			Phylonoe
1748	705	37	Phylacus campus	Phylacus	Heroes Academy	FALSE	FALSE	FALSE	FALSE	FALSE			Phylonoe
1749	705	37	Delta Phylacus	Phylacus	Alien world	FALSE	FALSE	FALSE	FALSE	FALSE			Phylonoe
1750	705	37	Epsilon Phylacus	Phylacus	Alien world	FALSE	FALSE	FALSE	FALSE	FALSE			Phylonoe
1751	707	28	Selemnus	Selemnus	Sun	TRUE	TRUE	FALSE	FALSE	FALSE		Phylacus	Phylonoe
1752	707	28	Alpha Selemnus	Selemnus	Inferno	FALSE	TRUE	FALSE	FALSE	FALSE			Phylonoe
1753	707	28	Selemnus station	Selemnus	Aftermarket Station	FALSE	FALSE	FALSE	FALSE	FALSE			Phylonoe
1754	707	28	Chi Selemnus	Selemnus	Barren rock	FALSE	FALSE	FALSE	FALSE	FALSE	moon		Phylonoe
1755	707	28	Phi Selemnus	Selemnus	Artificial moon	FALSE	FALSE	FALSE	FALSE	FALSE	moon		Phylonoe
1756	707	28	Epsilon Selemnus	Selemnus	Gas giant	FALSE	FALSE	FALSE	FALSE	FALSE			Phylonoe
1757	707	28	Tau Selemnus	Selemnus	Artificial moon	FALSE	FALSE	FALSE	FALSE	FALSE	moon		Phylonoe
1758	793	34	Botres	Botres	Sun	TRUE	TRUE	FALSE	FALSE	FALSE		Tegeates	Theonoe
1759	793	34	Alpha Botres	Botres	Alien world	FALSE	FALSE	FALSE	FALSE	FALSE			Theonoe
1760	793	34	Xamaba	Botres	Asteroid belt	FALSE	FALSE	FALSE	TRUE	FALSE			Theonoe
1761	749	53	Antandre	Antandre	Sun	TRUE	TRUE	FALSE	FALSE	FALSE		Phthonus	Theonoe
1762	749	53	Alpha Antandre	Antandre	Gas giant	FALSE	FALSE	FALSE	FALSE	FALSE			Theonoe
1763	756	73	Phthonus	Phthonus	Sun	TRUE	TRUE	FALSE	FALSE	FALSE		Antandre, Attis	Theonoe
1764	756	73	Alpha Phthonus	Phthonus	Alien world	FALSE	FALSE	FALSE	FALSE	FALSE			Theonoe
1765	756	73	Psi Phthonus	Phthonus	Alien world	FALSE	FALSE	FALSE	FALSE	FALSE	moon		Theonoe
1766	756	73	Gamma Phthonus	Phthonus	Gas giant	FALSE	FALSE	FALSE	FALSE	FALSE			Theonoe
1767	756	73	Phi Phthonus	Phthonus	Alien world	FALSE	FALSE	FALSE	FALSE	FALSE	moon		Theonoe
1768	756	73	Epsilon Phthonus	Phthonus	Alien world	FALSE	FALSE	FALSE	FALSE	FALSE			Theonoe
1769	756	73	Zeta Phthonus	Phthonus	Terran planet	FALSE	FALSE	FALSE	FALSE	FALSE			Theonoe
1770	756	73	Eta Phthonus	Phthonus	Alien world	FALSE	FALSE	FALSE	FALSE	FALSE			Theonoe
1771	768	43	Attis	Attis	Sun	TRUE	TRUE	FALSE	FALSE	FALSE		Phlias, Phthonus, Tegeates	Theonoe
1772	768	43	Alpha Attis	Attis	Alien world	FALSE	FALSE	FALSE	FALSE	FALSE			Theonoe
1773	768	43	Beta Attis	Attis	Terran planet	FALSE	FALSE	FALSE	FALSE	FALSE			Theonoe
1774	768	43	Chi Attis	Attis	Barren rock	FALSE	FALSE	FALSE	FALSE	FALSE	moon		Theonoe
1775	768	43	Attis dealership	Attis	Heroware	FALSE	FALSE	FALSE	FALSE	FALSE			Theonoe
1776	768	43	Epsilon Attis	Attis	Terran planet	FALSE	FALSE	FALSE	FALSE	FALSE			Theonoe
1777	768	43	Zeta Attis	Attis	Frozen wasteland	FALSE	FALSE	FALSE	TRUE	FALSE			Theonoe
1778	770	60	Phlias	Phlias	Sun	TRUE	TRUE	FALSE	FALSE	FALSE		Physcoa, Attis, Comus, Atë	Theonoe
1779	770	60	Alpha Phlias	Phlias	Gas giant	FALSE	FALSE	FALSE	FALSE	FALSE			Theonoe
1780	770	60	Beta Phlias	Phlias	Alien world	FALSE	FALSE	FALSE	FALSE	FALSE			Theonoe
1781	770	60	Gamma Phlias	Phlias	Gas giant	FALSE	FALSE	FALSE	FALSE	FALSE			Theonoe
1782	770	60	Phlias station	Phlias	Aftermarket Station	FALSE	FALSE	FALSE	FALSE	FALSE			Theonoe
1783	770	60	Epsilon Phlias	Phlias	Gas giant	FALSE	FALSE	FALSE	FALSE	FALSE			Theonoe
1784	784	70	Comus	Comus	Sun	TRUE	TRUE	FALSE	FALSE	FALSE		Phlias	Theonoe
1785	784	70	Alpha Comus	Comus	Gas giant	FALSE	FALSE	FALSE	FALSE	FALSE			Theonoe
1786	784	70	Beta Comus	Comus	Alien world	FALSE	FALSE	FALSE	FALSE	FALSE			Theonoe
1787	784	70	Chi Comus	Comus	Alien world	FALSE	FALSE	FALSE	FALSE	FALSE	moon		Theonoe
1788	784	70	Phi Comus	Comus	Artificial moon	FALSE	FALSE	FALSE	FALSE	FALSE	moon		Theonoe
1789	784	70	Upsilon Comus	Comus	Alien world	FALSE	FALSE	FALSE	FALSE	FALSE	moon		Theonoe
1790	784	70	Zeta Comus	Comus	Gas giant	FALSE	FALSE	FALSE	FALSE	FALSE			Theonoe
1791	784	70	Sigma Comus	Comus	Barren rock	FALSE	FALSE	FALSE	FALSE	FALSE	moon		Theonoe
1792	781	52	Atë	Atë	Sun	TRUE	TRUE	FALSE	FALSE	FALSE		Phlias	Theonoe
1793	781	52	Alpha Atë	Atë	Gas giant	FALSE	FALSE	FALSE	FALSE	FALSE			Theonoe
1794	781	52	Beta Atë	Atë	Gas giant	FALSE	FALSE	FALSE	FALSE	FALSE			Theonoe
1795	781	52	Madam Rumer	Atë	Fortune Teller	FALSE	FALSE	FALSE	FALSE	FALSE			Theonoe
1796	781	52	Delta Atë	Atë	Frozen wasteland	FALSE	FALSE	FALSE	TRUE	FALSE			Theonoe
1797	781	52	Epsilon Atë	Atë	Gas giant	FALSE	FALSE	FALSE	FALSE	FALSE			Theonoe
1798	781	52	Tau Atë	Atë	Alien world	FALSE	FALSE	FALSE	FALSE	FALSE	moon		Theonoe
1799	767	63	Physcoa	Physcoa	Sun	TRUE	TRUE	FALSE	FALSE	FALSE		Phlias	Theonoe
1800	767	63	Alpha Physcoa	Physcoa	Inferno	FALSE	TRUE	TRUE	FALSE	FALSE			Theonoe
1801	788	35	Tegeates	Tegeates	Sun	TRUE	TRUE	FALSE	FALSE	FALSE		Botres, Attis	Theonoe
1802	788	35	Alpha Tegeates	Tegeates	Alien world	FALSE	FALSE	FALSE	FALSE	FALSE			Theonoe
1803	788	35	Outlet 25862.1162	Tegeates	Gus's Gas	FALSE	FALSE	FALSE	FALSE	FALSE			Theonoe
1804	788	35	Gamma Tegeates	Tegeates	Terran planet	FALSE	FALSE	FALSE	FALSE	FALSE			Theonoe
1805	788	35	Delta Tegeates	Tegeates	Gas giant	FALSE	FALSE	FALSE	FALSE	FALSE			Theonoe
1806	788	35	Epsilon Tegeates	Tegeates	Alien world	FALSE	FALSE	FALSE	FALSE	FALSE			Theonoe
1807	804	49	Asius	Asius	Sun	TRUE	TRUE	FALSE	FALSE	FALSE		Haemon, Carme	Menestheus
1808	804	49	Alpha Asius	Asius	Alien world	FALSE	FALSE	FALSE	FALSE	FALSE			Menestheus
1809	804	49	Restaurant #9720	Asius	Space Burger	FALSE	FALSE	FALSE	FALSE	FALSE	Droid #E652 and Droid #C8AA and Droid #E2E7		Menestheus
1810	804	49	Gamma Asius	Asius	Gas giant	FALSE	FALSE	FALSE	FALSE	FALSE			Menestheus
1811	804	49	Delta Asius	Asius	Alien world	FALSE	FALSE	FALSE	FALSE	FALSE			Menestheus
1812	864	66	Stentor	Stentor	Sun	TRUE	TRUE	FALSE	FALSE	FALSE		Miletus	Menestheus
1813	864	66	Alpha Stentor	Stentor	Alien world	FALSE	FALSE	FALSE	FALSE	FALSE			Menestheus
1814	864	66	Beta Stentor	Stentor	Terran planet	FALSE	FALSE	FALSE	FALSE	FALSE			Menestheus
1815	864	66	Chi Stentor	Stentor	Barren rock	FALSE	FALSE	FALSE	FALSE	FALSE	moon		Menestheus
1816	864	66	Phi Stentor	Stentor	Alien world	FALSE	FALSE	FALSE	FALSE	FALSE	moon		Menestheus
1817	864	66	Epsilon Stentor	Stentor	Gas giant	FALSE	FALSE	FALSE	FALSE	FALSE			Menestheus
1818	864	66	Tau Stentor	Stentor	Artificial moon	FALSE	FALSE	FALSE	FALSE	FALSE	moon		Menestheus
1819	864	66	Sigma Stentor	Stentor	Alien world	FALSE	FALSE	FALSE	FALSE	FALSE	moon		Menestheus
1820	856	80	Miletus	Miletus	Sun	TRUE	TRUE	FALSE	FALSE	FALSE		Aërope, Stentor, Nyctimus	Menestheus
1821	856	80	Alpha Miletus	Miletus	Gas giant	FALSE	FALSE	FALSE	FALSE	FALSE			Menestheus
1822	856	80	Psi Miletus	Miletus	Alien world	FALSE	FALSE	FALSE	FALSE	FALSE	moon		Menestheus
1823	856	80	Chi Miletus	Miletus	Alien world	FALSE	FALSE	FALSE	FALSE	FALSE	moon		Menestheus
1824	856	80	Miletus campus	Miletus	Heroes Academy	FALSE	FALSE	FALSE	FALSE	FALSE			Menestheus
1825	856	80	Epsilon Miletus	Miletus	Terran planet	FALSE	FALSE	FALSE	FALSE	FALSE			Menestheus
1826	856	80	Tau Miletus	Miletus	Artificial moon	FALSE	FALSE	FALSE	FALSE	FALSE	moon		Menestheus
1827	856	80	Eta Miletus	Miletus	Terran planet	FALSE	FALSE	FALSE	FALSE	FALSE			Menestheus
1828	856	80	Theta Miletus	Miletus	Gas giant	FALSE	FALSE	FALSE	FALSE	FALSE			Menestheus
1829	856	80	Pi Miletus	Miletus	Alien world	FALSE	FALSE	TRUE	FALSE	FALSE	moon		Menestheus
1830	856	80	Kappa Miletus	Miletus	Alien world	FALSE	FALSE	FALSE	FALSE	FALSE			Menestheus
1831	845	87	Aërope	Aërope	Sun	TRUE	TRUE	FALSE	FALSE	FALSE		Miletus	Menestheus
1832	845	87	Alpha Aërope	Aërope	Alien world	FALSE	FALSE	FALSE	FALSE	FALSE			Menestheus
1833	845	87	Beta Aërope	Aërope	Alien world	FALSE	FALSE	FALSE	FALSE	FALSE			Menestheus
1834	825	84	Nyctimus	Nyctimus	Sun	TRUE	TRUE	FALSE	FALSE	FALSE		Atrax, Cepheus, Ino, Miletus, Carme	Menestheus
1835	825	84	Alpha Nyctimus	Nyctimus	Gas giant	FALSE	FALSE	FALSE	FALSE	FALSE			Menestheus
1836	825	84	Beta Nyctimus	Nyctimus	Alien world	FALSE	FALSE	FALSE	FALSE	FALSE			Menestheus
1837	825	84	Gamma Nyctimus	Nyctimus	Alien world	FALSE	FALSE	TRUE	FALSE	FALSE			Menestheus
1838	825	84	Delta Nyctimus	Nyctimus	Alien world	FALSE	FALSE	FALSE	FALSE	FALSE			Menestheus
1839	825	84	Epsilon Nyctimus	Nyctimus	Alien world	FALSE	FALSE	FALSE	FALSE	FALSE			Menestheus
1840	835	68	Ino	Ino	Sun	TRUE	TRUE	FALSE	FALSE	FALSE		Nyctimus	Menestheus
1841	835	68	Alpha Ino	Ino	Inferno	FALSE	TRUE	FALSE	FALSE	FALSE			Menestheus
1842	835	68	Beta Ino	Ino	Terran planet	FALSE	FALSE	FALSE	FALSE	FALSE			Menestheus
1843	835	68	Chi Ino	Ino	Artificial moon	FALSE	FALSE	FALSE	FALSE	FALSE	moon		Menestheus
1844	835	68	Madam Vita	Ino	Fortune Teller	FALSE	FALSE	FALSE	FALSE	FALSE			Menestheus
1845	813	74	Cepheus	Cepheus	Sun	TRUE	TRUE	FALSE	FALSE	FALSE		Nyctimus	Menestheus
1846	813	74	Alpha Cepheus	Cepheus	Terran planet	FALSE	FALSE	FALSE	FALSE	FALSE			Menestheus
1847	813	74	Psi Cepheus	Cepheus	Barren rock	FALSE	FALSE	FALSE	FALSE	FALSE	moon		Menestheus
1848	813	74	Chi Cepheus	Cepheus	Alien world	FALSE	FALSE	FALSE	FALSE	FALSE	moon		Menestheus
1849	813	74	Delta Cepheus	Cepheus	Terran planet	FALSE	FALSE	FALSE	FALSE	FALSE			Menestheus
1850	816	41	Carme	Carme	Sun	TRUE	TRUE	FALSE	FALSE	FALSE		Asius, Sangarius, Nyctimus	Menestheus
1851	816	41	Alpha Carme	Carme	Inferno	FALSE	TRUE	FALSE	FALSE	FALSE			Menestheus
1852	816	41	Carme dealership	Carme	Heroware	FALSE	FALSE	FALSE	FALSE	FALSE			Menestheus
1853	816	41	Carme campus	Carme	Heroes Academy	FALSE	FALSE	FALSE	FALSE	FALSE			Menestheus
1854	816	41	Delta Carme	Carme	Alien world	FALSE	FALSE	FALSE	FALSE	FALSE			Menestheus
1855	816	41	Epsilon Carme	Carme	Alien world	FALSE	FALSE	FALSE	FALSE	FALSE			Menestheus
1856	816	41	Zeta Carme	Carme	Alien world	FALSE	FALSE	FALSE	FALSE	FALSE			Menestheus
1857	830	44	Sangarius	Sangarius	Sun	TRUE	TRUE	FALSE	FALSE	FALSE		Carme	Menestheus
1858	830	44	Alpha Sangarius	Sangarius	Alien world	FALSE	FALSE	TRUE	FALSE	FALSE			Menestheus
1859	830	44	Beta Sangarius	Sangarius	Alien world	FALSE	FALSE	FALSE	FALSE	FALSE			Menestheus
1860	830	44	Sangarius station	Sangarius	Aftermarket Station	FALSE	FALSE	FALSE	FALSE	FALSE			Menestheus
1861	798	40	Haemon	Haemon	Sun	TRUE	TRUE	FALSE	FALSE	FALSE		Asius	Menestheus
1862	798	40	Alpha Haemon	Haemon	Gas giant	FALSE	FALSE	FALSE	FALSE	FALSE			Menestheus
1863	798	40	Beta Haemon	Haemon	Alien world	FALSE	FALSE	FALSE	FALSE	FALSE			Menestheus
1864	799	105	Atrax	Atrax	Sun	TRUE	TRUE	FALSE	FALSE	FALSE		Epipole, Abderus, Alecto, Nyctimus	Menestheus
1865	799	105	Alpha Atrax	Atrax	Terran planet	FALSE	FALSE	FALSE	FALSE	FALSE			Menestheus
1866	799	105	Outlet 26215.3471	Atrax	Gus's Gas	FALSE	FALSE	FALSE	FALSE	FALSE			Menestheus
1867	799	105	Gamma Atrax	Atrax	Alien world	FALSE	FALSE	FALSE	FALSE	FALSE			Menestheus
1868	799	105	Phi Atrax	Atrax	Barren rock	FALSE	FALSE	FALSE	FALSE	FALSE	moon		Menestheus
1869	799	105	Epsilon Atrax	Atrax	Alien world	FALSE	FALSE	FALSE	FALSE	FALSE			Menestheus
1870	799	105	Zeta Atrax	Atrax	Frozen wasteland	FALSE	FALSE	FALSE	TRUE	FALSE			Menestheus
1871	771	108	Epipole	Epipole	Sun	TRUE	TRUE	FALSE	FALSE	FALSE		Atrax	Menestheus
1872	771	108	Alpha Epipole	Epipole	Alien world	FALSE	FALSE	FALSE	FALSE	FALSE			Menestheus
1873	771	108	Psi Epipole	Epipole	Barren rock	FALSE	FALSE	FALSE	FALSE	FALSE	moon		Menestheus
1874	771	108	Madam Ilona	Epipole	Fortune Teller	FALSE	FALSE	FALSE	FALSE	FALSE			Menestheus
1875	771	108	Delta Epipole	Epipole	Terran planet	FALSE	FALSE	FALSE	FALSE	FALSE			Menestheus
1876	771	108	Epsilon Epipole	Epipole	Gas giant	FALSE	FALSE	TRUE	FALSE	FALSE			Menestheus
1877	800	134	Abderus	Abderus	Sun	TRUE	TRUE	FALSE	FALSE	FALSE		Atrax	Menestheus
1878	800	134	Alpha Abderus	Abderus	Terran planet	FALSE	FALSE	FALSE	FALSE	FALSE			Menestheus
1879	800	134	Abderus station	Abderus	Aftermarket Station	FALSE	FALSE	FALSE	FALSE	FALSE			Menestheus
1880	800	134	Gamma Abderus	Abderus	Inferno	FALSE	TRUE	FALSE	FALSE	FALSE			Menestheus
1881	800	134	Restaurant #6433	Abderus	Space Burger	FALSE	FALSE	FALSE	FALSE	FALSE			Menestheus
1882	815	106	Alecto	Alecto	Sun	TRUE	TRUE	FALSE	FALSE	FALSE		Gration, Atrax, Eurybia	Menestheus
1883	815	106	Alpha Alecto	Alecto	Alien world	FALSE	FALSE	FALSE	FALSE	FALSE			Menestheus
1884	815	106	Alecto dealership	Alecto	Heroware	FALSE	FALSE	FALSE	FALSE	FALSE			Menestheus
1885	815	106	Gamma Alecto	Alecto	Alien world	FALSE	FALSE	TRUE	FALSE	FALSE			Menestheus
1886	815	106	Delta Alecto	Alecto	Terran planet	FALSE	FALSE	FALSE	FALSE	FALSE			Menestheus
1887	815	106	Upsilon Alecto	Alecto	Alien world	FALSE	FALSE	FALSE	FALSE	FALSE	moon		Menestheus
1888	824	106	Gration	Gration	Sun	TRUE	TRUE	FALSE	FALSE	FALSE		Alecto	Menestheus
1889	824	106	Alpha Gration	Gration	Gas giant	FALSE	FALSE	FALSE	FALSE	FALSE			Menestheus
1890	824	106	Gration campus	Gration	Heroes Academy	FALSE	FALSE	FALSE	FALSE	FALSE			Menestheus
1891	824	106	Gamma Gration	Gration	Alien world	FALSE	FALSE	FALSE	FALSE	FALSE			Menestheus
1892	824	106	Delta Gration	Gration	Gas giant	FALSE	FALSE	FALSE	FALSE	FALSE			Menestheus
1893	819	125	Eurybia	Eurybia	Sun	TRUE	TRUE	FALSE	FALSE	FALSE		Alecto	Menestheus
1894	819	125	Alpha Eurybia	Eurybia	Terran planet	FALSE	FALSE	FALSE	FALSE	FALSE			Menestheus
1895	819	125	Psi Eurybia	Eurybia	Barren rock	FALSE	FALSE	FALSE	FALSE	FALSE	moon		Menestheus
1896	819	125	Chi Eurybia	Eurybia	Barren rock	FALSE	FALSE	FALSE	FALSE	FALSE	moon		Menestheus
1897	819	125	Phi Eurybia	Eurybia	Barren rock	FALSE	FALSE	FALSE	FALSE	FALSE	moon		Menestheus
1898	819	125	Madam Aditi	Eurybia	Fortune Teller	FALSE	FALSE	FALSE	FALSE	FALSE			Menestheus
1899	819	125	Tau Eurybia	Eurybia	Artificial moon	FALSE	FALSE	FALSE	FALSE	FALSE	moon		Menestheus
1900	854	165	Pelopia	Pelopia	Sun	TRUE	TRUE	FALSE	FALSE	FALSE		Perileos	Meliboea
1901	854	165	Alpha Pelopia	Pelopia	Terran planet	FALSE	FALSE	FALSE	FALSE	FALSE			Meliboea
1902	854	165	Psi Pelopia	Pelopia	Barren rock	FALSE	FALSE	TRUE	FALSE	FALSE	moon		Meliboea
1903	854	165	Chi Pelopia	Pelopia	Artificial moon	FALSE	FALSE	FALSE	FALSE	FALSE	moon		Meliboea
1904	854	165	Phi Pelopia	Pelopia	Barren rock	FALSE	FALSE	FALSE	FALSE	FALSE	moon		Meliboea
1905	858	143	Perileos	Perileos	Sun	TRUE	TRUE	FALSE	FALSE	FALSE		Pelopia, Ajax	Meliboea
1906	858	143	Alpha Perileos	Perileos	Inferno	FALSE	TRUE	FALSE	FALSE	FALSE			Meliboea
1907	858	143	Beta Perileos	Perileos	Gas giant	FALSE	FALSE	FALSE	FALSE	FALSE			Meliboea
1908	861	134	Ajax	Ajax	Sun	TRUE	TRUE	FALSE	FALSE	FALSE		Perileos, Cabeiri, Taraxippus	Meliboea
1909	861	134	Alpha Ajax	Ajax	Alien world	FALSE	FALSE	FALSE	FALSE	FALSE			Meliboea
1910	861	134	Beta Ajax	Ajax	Alien world	FALSE	FALSE	FALSE	FALSE	FALSE			Meliboea
1911	861	134	Gamma Ajax	Ajax	Terran planet	FALSE	FALSE	FALSE	FALSE	FALSE			Meliboea
1912	861	134	Delta Ajax	Ajax	Gas giant	FALSE	FALSE	FALSE	FALSE	FALSE			Meliboea
1913	875	132	Cabeiri	Cabeiri	Sun	TRUE	TRUE	FALSE	FALSE	FALSE		Ajax	Meliboea
1914	875	132	Alpha Cabeiri	Cabeiri	Gas giant	FALSE	FALSE	FALSE	FALSE	FALSE			Meliboea
1915	875	132	Psi Cabeiri	Cabeiri	Alien world	FALSE	FALSE	FALSE	FALSE	FALSE	moon		Meliboea
1916	875	132	Chi Cabeiri	Cabeiri	Barren rock	FALSE	FALSE	FALSE	FALSE	FALSE	moon		Meliboea
1917	875	132	Delta Cabeiri	Cabeiri	Alien world	FALSE	FALSE	FALSE	FALSE	FALSE			Meliboea
1918	875	132	Epsilon Cabeiri	Cabeiri	Alien world	FALSE	FALSE	FALSE	FALSE	FALSE			Meliboea
1919	875	132	Zeta Cabeiri	Cabeiri	Terran planet	FALSE	FALSE	FALSE	FALSE	FALSE			Meliboea
1920	863	110	Taraxippus	Taraxippus	Sun	TRUE	TRUE	FALSE	FALSE	FALSE		Sterope, Orchomenus, Ajax	Meliboea
1921	863	110	Alpha Taraxippus	Taraxippus	Alien world	FALSE	FALSE	FALSE	FALSE	FALSE			Meliboea
1922	863	110	Beta Taraxippus	Taraxippus	Gas giant	FALSE	FALSE	FALSE	FALSE	FALSE			Meliboea
1923	863	110	Gamma Taraxippus	Taraxippus	Frozen wasteland	FALSE	FALSE	FALSE	TRUE	FALSE			Meliboea
1924	863	110	Phi Taraxippus	Taraxippus	Artificial moon	FALSE	FALSE	FALSE	FALSE	FALSE	moon		Meliboea
1925	863	110	Upsilon Taraxippus	Taraxippus	Alien world	FALSE	FALSE	FALSE	FALSE	FALSE	moon		Meliboea
1926	863	110	Tau Taraxippus	Taraxippus	Barren rock	FALSE	FALSE	FALSE	FALSE	FALSE	moon		Meliboea
1927	863	110	Eta Taraxippus	Taraxippus	Alien world	FALSE	FALSE	FALSE	FALSE	FALSE			Meliboea
1928	863	110	Theta Taraxippus	Taraxippus	Alien world	FALSE	FALSE	FALSE	FALSE	FALSE			Meliboea
1929	868	118	Orchomenus	Orchomenus	Sun	TRUE	TRUE	FALSE	FALSE	FALSE		Taraxippus	Meliboea
1930	868	118	Alpha Orchomenus	Orchomenus	Alien world	FALSE	FALSE	TRUE	FALSE	FALSE			Meliboea
1931	868	118	Beta Orchomenus	Orchomenus	Alien world	FALSE	FALSE	FALSE	FALSE	FALSE			Meliboea
1932	868	118	Gamma Orchomenus	Orchomenus	Alien world	FALSE	FALSE	FALSE	FALSE	FALSE			Meliboea
1933	852	112	Sterope	Sterope	Sun	TRUE	TRUE	FALSE	FALSE	FALSE		Taraxippus, Eurymedousa	Meliboea
1934	852	112	Alpha Sterope	Sterope	Inferno	FALSE	TRUE	FALSE	FALSE	FALSE			Meliboea
1935	852	112	Beta Sterope	Sterope	Alien world	FALSE	FALSE	FALSE	FALSE	FALSE			Meliboea
1936	852	112	Gamma Sterope	Sterope	Alien world	FALSE	FALSE	FALSE	FALSE	FALSE			Meliboea
1937	852	112	Sterope dealership	Sterope	Heroware	FALSE	FALSE	FALSE	FALSE	FALSE			Meliboea
1938	852	112	Epsilon Sterope	Sterope	Terran planet	FALSE	FALSE	FALSE	FALSE	FALSE			Meliboea
1939	840	103	Eurymedousa	Eurymedousa	Sun	TRUE	TRUE	FALSE	FALSE	FALSE		Sterope	Meliboea
1940	840	103	Alpha Eurymedousa	Eurymedousa	Terran planet	FALSE	FALSE	FALSE	FALSE	FALSE			Meliboea
1941	840	103	Psi Eurymedousa	Eurymedousa	Barren rock	FALSE	FALSE	FALSE	FALSE	FALSE	moon		Meliboea
1942	840	103	Chi Eurymedousa	Eurymedousa	Barren rock	FALSE	FALSE	FALSE	FALSE	FALSE	moon		Meliboea
1943	840	103	Delta Eurymedousa	Eurymedousa	Alien world	FALSE	FALSE	FALSE	FALSE	FALSE			Meliboea
1944	840	103	Upsilon Eurymedousa	Eurymedousa	Alien world	FALSE	FALSE	FALSE	FALSE	FALSE	moon		Meliboea
1945	840	103	Tau Eurymedousa	Eurymedousa	Alien world	FALSE	FALSE	FALSE	FALSE	FALSE	moon		Meliboea
1946	840	103	Eta Eurymedousa	Eurymedousa	Gas giant	FALSE	FALSE	FALSE	FALSE	FALSE			Meliboea
1947	889	92	Andraemon	Andraemon	Sun	TRUE	TRUE	FALSE	FALSE	FALSE		Arachne	Aethalides
1948	889	92	Alpha Andraemon	Andraemon	Inferno	FALSE	TRUE	FALSE	FALSE	FALSE			Aethalides
1949	889	92	Beta Andraemon	Andraemon	Terran planet	FALSE	FALSE	FALSE	FALSE	FALSE			Aethalides
1950	889	92	Chi Andraemon	Andraemon	Barren rock	FALSE	FALSE	FALSE	FALSE	FALSE	moon		Aethalides
1951	889	92	Phi Andraemon	Andraemon	Barren rock	FALSE	FALSE	FALSE	FALSE	FALSE	moon		Aethalides
1952	892	85	Arachne	Arachne	Sun	TRUE	TRUE	FALSE	FALSE	FALSE		Andraemon, Dexamenus	Aethalides
1953	892	85	Alpha Arachne	Arachne	Gas giant	FALSE	FALSE	FALSE	FALSE	FALSE			Aethalides
1954	892	85	Psi Arachne	Arachne	Artificial moon	FALSE	FALSE	FALSE	FALSE	FALSE	moon		Aethalides
1955	892	85	Gamma Arachne	Arachne	Alien world	FALSE	FALSE	FALSE	FALSE	FALSE			Aethalides
1956	885	82	Dexamenus	Dexamenus	Sun	TRUE	TRUE	FALSE	FALSE	FALSE		Iphito, Arachne, Metaneira	Aethalides
1957	885	82	Alpha Dexamenus	Dexamenus	Terran planet	FALSE	FALSE	FALSE	FALSE	FALSE			Aethalides
1958	885	82	Beta Dexamenus	Dexamenus	Terran planet	FALSE	FALSE	FALSE	FALSE	FALSE			Aethalides
1959	885	82	Chi Dexamenus	Dexamenus	Alien world	FALSE	FALSE	FALSE	FALSE	FALSE	moon		Aethalides
1960	885	82	Delta Dexamenus	Dexamenus	Alien world	FALSE	FALSE	TRUE	FALSE	FALSE			Aethalides
1961	885	82	Epsilon Dexamenus	Dexamenus	Gas giant	FALSE	FALSE	FALSE	FALSE	FALSE			Aethalides
1962	885	82	Zeta Dexamenus	Dexamenus	Frozen wasteland	FALSE	FALSE	FALSE	TRUE	FALSE			Aethalides
1963	878	83	Iphito	Iphito	Sun	TRUE	TRUE	FALSE	FALSE	FALSE		Dexamenus	Aethalides
1964	878	83	Alpha Iphito	Iphito	Inferno	FALSE	TRUE	FALSE	FALSE	FALSE			Aethalides
1965	878	83	Psi Iphito	Iphito	Alien world	FALSE	FALSE	FALSE	FALSE	FALSE	moon		Aethalides
1966	890	74	Metaneira	Metaneira	Sun	TRUE	TRUE	FALSE	FALSE	FALSE		Dexamenus, Icarius	Aethalides
1967	890	74	Alpha Metaneira	Metaneira	Alien world	FALSE	FALSE	FALSE	FALSE	FALSE			Aethalides
1968	890	74	Beta Metaneira	Metaneira	Gas giant	FALSE	FALSE	FALSE	FALSE	FALSE			Aethalides
1969	890	74	Gamma Metaneira	Metaneira	Alien world	FALSE	FALSE	FALSE	FALSE	FALSE			Aethalides
1970	922	78	Icarius	Icarius	Sun	TRUE	TRUE	FALSE	FALSE	FALSE		Metaneira, Koalemos, Pythia	Aethalides
1971	922	78	Alpha Icarius	Icarius	Alien world	FALSE	FALSE	FALSE	FALSE	FALSE			Aethalides
1972	922	78	Outlet 30257.2586	Icarius	Gus's Gas	FALSE	FALSE	FALSE	FALSE	FALSE			Aethalides
1973	922	78	Gamma Icarius	Icarius	Terran planet	FALSE	FALSE	FALSE	FALSE	FALSE			Aethalides
1974	922	78	Phi Icarius	Icarius	Artificial moon	FALSE	FALSE	FALSE	FALSE	FALSE	moon		Aethalides
1975	922	78	Upsilon Icarius	Icarius	Alien world	FALSE	FALSE	FALSE	FALSE	FALSE	moon		Aethalides
1976	922	78	Zeta Icarius	Icarius	Alien world	FALSE	FALSE	FALSE	FALSE	FALSE			Aethalides
1977	909	81	Koalemos	Koalemos	Sun	TRUE	TRUE	FALSE	FALSE	FALSE		Icarius	Aethalides
1978	909	81	Alpha Koalemos	Koalemos	Terran planet	FALSE	FALSE	FALSE	FALSE	FALSE			Aethalides
1979	909	81	Beta Koalemos	Koalemos	Gas giant	FALSE	FALSE	FALSE	FALSE	FALSE			Aethalides
1980	934	91	Pythia	Pythia	Sun	TRUE	TRUE	FALSE	FALSE	FALSE		Icarius	Aethalides
1981	934	91	Alpha Pythia	Pythia	Gas giant	FALSE	FALSE	FALSE	FALSE	FALSE			Aethalides
1982	934	91	Beta Pythia	Pythia	Alien world	FALSE	FALSE	FALSE	FALSE	FALSE			Aethalides
1983	900	147	Tantalus	Tantalus	Sun	TRUE	TRUE	FALSE	FALSE	FALSE		Elymus, Laomedon, Psophis	Syme
1984	900	147	Alpha Tantalus	Tantalus	Alien world	FALSE	FALSE	TRUE	FALSE	FALSE			Syme
1985	900	147	Beta Tantalus	Tantalus	Terran planet	FALSE	FALSE	FALSE	FALSE	FALSE			Syme
1986	900	147	Restaurant #3457	Tantalus	Space Burger	FALSE	FALSE	FALSE	FALSE	FALSE	Droid #84FB		Syme
1987	900	147	Delta Tantalus	Tantalus	Alien world	FALSE	FALSE	FALSE	FALSE	FALSE			Syme
1988	900	147	Upsilon Tantalus	Tantalus	Barren rock	FALSE	FALSE	FALSE	FALSE	FALSE	moon		Syme
1989	921	121	Charon	Charon	Sun	TRUE	TRUE	FALSE	FALSE	FALSE		Triteia	Syme
1990	921	121	Unvelingange	Charon	Asteroid belt	FALSE	TRUE	FALSE	FALSE	FALSE			Syme
1991	921	121	Charon dealership	Charon	Heroware	FALSE	FALSE	FALSE	FALSE	FALSE			Syme
1992	921	121	Gamma Charon	Charon	Alien world	FALSE	FALSE	FALSE	FALSE	FALSE			Syme
1993	921	121	Delta Charon	Charon	Alien world	FALSE	FALSE	FALSE	FALSE	FALSE			Syme
1994	921	121	Upsilon Charon	Charon	Alien world	FALSE	FALSE	FALSE	FALSE	FALSE	moon		Syme
1995	921	121	Zeta Charon	Charon	Frozen wasteland	FALSE	FALSE	FALSE	TRUE	FALSE			Syme
1996	921	121	Eta Charon	Charon	Terran planet	FALSE	FALSE	FALSE	FALSE	FALSE			Syme
1997	921	121	Theta Charon	Charon	Frozen wasteland	FALSE	FALSE	FALSE	TRUE	FALSE			Syme
1998	876	98	Aëdon	Aëdon	Sun	TRUE	TRUE	FALSE	FALSE	FALSE		Deimachus	Syme
1999	876	98	Alpha Aëdon	Aëdon	Inferno	FALSE	TRUE	FALSE	FALSE	FALSE			Syme
2000	876	98	Madam Sybella	Aëdon	Fortune Teller	FALSE	FALSE	FALSE	FALSE	FALSE			Syme
2001	877	104	Deimachus	Deimachus	Sun	TRUE	TRUE	FALSE	FALSE	FALSE		Aëdon, Epimedes	Syme
2002	877	104	Alpha Deimachus	Deimachus	Alien world	FALSE	FALSE	FALSE	FALSE	FALSE			Syme
2003	875	108	Epimedes	Epimedes	Sun	TRUE	TRUE	FALSE	FALSE	FALSE		Deimachus, Pollux	Syme
2004	875	108	Alpha Epimedes	Epimedes	Inferno	FALSE	TRUE	FALSE	FALSE	FALSE			Syme
2005	875	108	Beta Epimedes	Epimedes	Inferno	FALSE	TRUE	FALSE	FALSE	FALSE			Syme
2006	878	113	Pollux	Pollux	Sun	TRUE	TRUE	FALSE	FALSE	FALSE		Epimedes, Gorgophone	Syme
2007	878	113	Alpha Pollux	Pollux	Alien world	FALSE	FALSE	FALSE	FALSE	FALSE			Syme
2008	878	113	Outlet 28821.3723	Pollux	Gus's Gas	FALSE	FALSE	FALSE	FALSE	FALSE			Syme
2009	878	113	Gamma Pollux	Pollux	Alien world	FALSE	FALSE	FALSE	FALSE	FALSE			Syme
2010	878	113	Phi Pollux	Pollux	Barren rock	FALSE	FALSE	FALSE	FALSE	FALSE	moon		Syme
2011	878	113	Upsilon Pollux	Pollux	Artificial moon	FALSE	FALSE	FALSE	FALSE	FALSE	moon		Syme
2012	889	115	Gorgophone	Gorgophone	Sun	TRUE	TRUE	FALSE	FALSE	FALSE		Pollux, Poseidon, Termerus, Triteia	Syme
2013	889	115	Alpha Gorgophone	Gorgophone	Alien world	FALSE	FALSE	FALSE	FALSE	FALSE			Syme
2014	889	115	Beta Gorgophone	Gorgophone	Terran planet	FALSE	FALSE	FALSE	FALSE	FALSE			Syme
2015	889	115	Gamma Gorgophone	Gorgophone	Terran planet	FALSE	FALSE	FALSE	FALSE	FALSE			Syme
2016	889	115	Phi Gorgophone	Gorgophone	Alien world	FALSE	FALSE	FALSE	FALSE	FALSE	moon		Syme
2017	889	115	Epsilon Gorgophone	Gorgophone	Terran planet	FALSE	FALSE	FALSE	FALSE	FALSE			Syme
2018	889	115	Zeta Gorgophone	Gorgophone	Alien world	FALSE	FALSE	TRUE	FALSE	FALSE			Syme
2019	889	115	Sigma Gorgophone	Gorgophone	Barren rock	FALSE	FALSE	FALSE	FALSE	FALSE	moon		Syme
2020	889	115	Rho Gorgophone	Gorgophone	Barren rock	FALSE	FALSE	FALSE	FALSE	FALSE	moon		Syme
2021	897	113	Poseidon	Poseidon	Sun	TRUE	TRUE	FALSE	FALSE	FALSE		Gorgophone	Syme
2022	897	113	Alpha Poseidon	Poseidon	Terran planet	FALSE	FALSE	FALSE	FALSE	FALSE			Syme
2023	897	113	Beta Poseidon	Poseidon	Gas giant	FALSE	FALSE	FALSE	FALSE	FALSE			Syme
2024	896	101	Termerus	Termerus	Sun	TRUE	TRUE	FALSE	FALSE	FALSE		Gorgophone, Ornytus	Syme
2025	896	101	Alpha Termerus	Termerus	Alien world	FALSE	FALSE	TRUE	FALSE	FALSE			Syme
2026	896	101	Psi Termerus	Termerus	Barren rock	FALSE	FALSE	FALSE	FALSE	FALSE	moon		Syme
2027	896	101	Gamma Termerus	Termerus	Gas giant	FALSE	FALSE	FALSE	FALSE	FALSE			Syme
2028	896	107	Ornytus	Ornytus	Sun	TRUE	TRUE	FALSE	FALSE	FALSE		Termerus	Syme
2029	896	107	Alpha Ornytus	Ornytus	Inferno	FALSE	TRUE	FALSE	FALSE	FALSE			Syme
2030	920	135	Triteia	Triteia	Sun	TRUE	TRUE	FALSE	FALSE	FALSE		Charon, Gorgophone, Achlys, Psophis	Syme
2031	920	135	Alpha Triteia	Triteia	Terran planet	FALSE	FALSE	FALSE	FALSE	FALSE			Syme
2032	920	135	Beta Triteia	Triteia	Gas giant	FALSE	FALSE	FALSE	FALSE	FALSE			Syme
2033	920	135	Gamma Triteia	Triteia	Gas giant	FALSE	FALSE	TRUE	FALSE	FALSE			Syme
2034	920	135	Delta Triteia	Triteia	Alien world	FALSE	FALSE	FALSE	FALSE	FALSE			Syme
2035	920	135	Epsilon Triteia	Triteia	Gas giant	FALSE	FALSE	FALSE	FALSE	FALSE			Syme
2036	920	135	Triteia station	Triteia	Aftermarket Station	FALSE	FALSE	FALSE	FALSE	FALSE			Syme
2037	941	132	Achlys	Achlys	Sun	TRUE	TRUE	FALSE	FALSE	FALSE		Triteia	Syme
2038	941	132	Alpha Achlys	Achlys	Alien world	FALSE	FALSE	FALSE	FALSE	FALSE			Syme
2039	941	132	Psi Achlys	Achlys	Artificial moon	FALSE	FALSE	FALSE	FALSE	FALSE	moon		Syme
2040	941	132	Achlys campus	Achlys	Heroes Academy	FALSE	FALSE	FALSE	FALSE	FALSE			Syme
2041	902	136	Psophis	Psophis	Sun	TRUE	TRUE	FALSE	FALSE	FALSE		Calyce, Tantalus, Triteia	Syme
2042	902	136	Alpha Psophis	Psophis	Alien world	FALSE	FALSE	FALSE	FALSE	FALSE			Syme
2043	902	136	Beta Psophis	Psophis	Alien world	FALSE	FALSE	FALSE	FALSE	FALSE			Syme
2044	902	136	Gamma Psophis	Psophis	Terran planet	FALSE	FALSE	FALSE	FALSE	FALSE			Syme
2045	902	136	Phi Psophis	Psophis	Barren rock	FALSE	FALSE	FALSE	FALSE	FALSE	moon		Syme
2046	902	136	Epsilon Psophis	Psophis	Alien world	FALSE	FALSE	TRUE	FALSE	FALSE			Syme
2047	893	133	Calyce	Calyce	Sun	TRUE	TRUE	FALSE	FALSE	FALSE		Psophis	Syme
2048	893	133	Alpha Calyce	Calyce	Terran planet	FALSE	FALSE	FALSE	FALSE	FALSE			Syme
2049	893	133	Psi Calyce	Calyce	Artificial moon	FALSE	FALSE	FALSE	FALSE	FALSE	moon		Syme
2050	893	133	Chi Calyce	Calyce	Artificial moon	FALSE	FALSE	FALSE	FALSE	FALSE	moon		Syme
2051	893	133	Phi Calyce	Calyce	Alien world	FALSE	FALSE	FALSE	FALSE	FALSE	moon		Syme
2052	893	133	Upsilon Calyce	Calyce	Barren rock	FALSE	FALSE	FALSE	FALSE	FALSE	moon		Syme
2053	887	145	Elymus	Elymus	Sun	TRUE	TRUE	FALSE	FALSE	FALSE		Tantalus	Syme
2054	887	145	Alpha Elymus	Elymus	Alien world	FALSE	FALSE	FALSE	FALSE	FALSE			Syme
2055	887	145	Psi Elymus	Elymus	Barren rock	FALSE	FALSE	FALSE	FALSE	FALSE	moon		Syme
2056	887	145	Gamma Elymus	Elymus	Alien world	FALSE	FALSE	FALSE	FALSE	FALSE			Syme
2057	897	157	Laomedon	Laomedon	Sun	TRUE	TRUE	FALSE	FALSE	FALSE		Tantalus	Syme
2058	897	157	Alpha Laomedon	Laomedon	Alien world	FALSE	FALSE	FALSE	FALSE	FALSE			Syme
2059	897	157	Outlet 29441.5157	Laomedon	Gus's Gas	FALSE	FALSE	FALSE	FALSE	FALSE			Syme
2060	897	157	Gamma Laomedon	Laomedon	Alien world	FALSE	FALSE	FALSE	FALSE	FALSE			Syme
2061	943	203	Astraea	Astraea	Sun	TRUE	TRUE	FALSE	FALSE	FALSE		Techne	Nicippe
2062	943	203	Alpha Astraea	Astraea	Gas giant	FALSE	FALSE	FALSE	FALSE	FALSE			Nicippe
2063	943	203	Beta Astraea	Astraea	Alien world	FALSE	FALSE	FALSE	FALSE	FALSE			Nicippe
2064	943	203	Chi Astraea	Astraea	Alien world	FALSE	FALSE	FALSE	FALSE	FALSE	moon		Nicippe
2065	943	203	Phi Astraea	Astraea	Artificial moon	FALSE	FALSE	FALSE	FALSE	FALSE	moon		Nicippe
2066	943	203	Upsilon Astraea	Astraea	Artificial moon	FALSE	FALSE	FALSE	FALSE	FALSE	moon		Nicippe
2067	943	203	Zeta Astraea	Astraea	Terran planet	FALSE	FALSE	FALSE	FALSE	FALSE			Nicippe
2068	951	194	Techne	Techne	Sun	TRUE	TRUE	FALSE	FALSE	FALSE		Astraea, Hedone, Polyeidos	Nicippe
2069	951	194	Alpha Techne	Techne	Alien world	FALSE	FALSE	FALSE	FALSE	FALSE			Nicippe
2070	951	194	Techne station	Techne	Aftermarket Station	FALSE	FALSE	FALSE	FALSE	FALSE			Nicippe
2071	951	194	Gamma Techne	Techne	Gas giant	FALSE	FALSE	FALSE	FALSE	FALSE			Nicippe
2072	951	194	Delta Techne	Techne	Terran planet	FALSE	FALSE	FALSE	FALSE	FALSE			Nicippe
2073	951	194	Epsilon Techne	Techne	Gas giant	FALSE	FALSE	FALSE	FALSE	FALSE			Nicippe
2074	951	194	Tau Techne	Techne	Alien world	FALSE	FALSE	FALSE	FALSE	FALSE	moon		Nicippe
2075	951	194	Sigma Techne	Techne	Barren rock	FALSE	FALSE	FALSE	FALSE	FALSE	moon		Nicippe
2076	951	194	Rho Techne	Techne	Alien world	FALSE	FALSE	TRUE	FALSE	FALSE	moon		Nicippe
2077	951	194	Pi Techne	Techne	Artificial moon	FALSE	FALSE	FALSE	FALSE	FALSE	moon		Nicippe
2078	951	194	Kappa Techne	Techne	Alien world	FALSE	FALSE	FALSE	FALSE	FALSE			Nicippe
2079	951	194	Xi Techne	Techne	Barren rock	FALSE	FALSE	FALSE	FALSE	FALSE	moon		Nicippe
2080	965	186	Hedone	Hedone	Sun	TRUE	TRUE	FALSE	FALSE	FALSE		Techne	Nicippe
2081	965	186	Alpha Hedone	Hedone	Gas giant	FALSE	FALSE	FALSE	FALSE	FALSE			Nicippe
2082	965	186	Restaurant #8248	Hedone	Space Burger	FALSE	FALSE	FALSE	FALSE	FALSE			Nicippe
2083	965	186	Madam Vadoma	Hedone	Fortune Teller	FALSE	FALSE	FALSE	FALSE	FALSE			Nicippe
2084	936	169	Polyeidos	Polyeidos	Sun	TRUE	TRUE	FALSE	FALSE	FALSE		Arceophon, Techne	Nicippe
2085	936	169	Alpha Polyeidos	Polyeidos	Gas giant	FALSE	FALSE	FALSE	FALSE	FALSE			Nicippe
2086	936	169	Beta Polyeidos	Polyeidos	Terran planet	FALSE	FALSE	FALSE	FALSE	FALSE			Nicippe
2087	936	169	Chi Polyeidos	Polyeidos	Barren rock	FALSE	FALSE	FALSE	FALSE	FALSE	moon		Nicippe
2088	936	169	Delta Polyeidos	Polyeidos	Alien world	FALSE	FALSE	FALSE	FALSE	FALSE			Nicippe
2089	936	169	Epsilon Polyeidos	Polyeidos	Alien world	FALSE	FALSE	TRUE	FALSE	FALSE			Nicippe
2090	936	169	Zeta Polyeidos	Polyeidos	Gas giant	FALSE	FALSE	FALSE	FALSE	FALSE			Nicippe
2091	925	161	Arceophon	Arceophon	Sun	TRUE	TRUE	FALSE	FALSE	FALSE		Polyeidos	Nicippe
2092	925	161	Alpha Arceophon	Arceophon	Gas giant	FALSE	FALSE	FALSE	FALSE	FALSE			Nicippe
2093	925	161	Beta Arceophon	Arceophon	Gas giant	FALSE	FALSE	FALSE	FALSE	FALSE			Nicippe
2094	925	161	Gamma Arceophon	Arceophon	Terran planet	FALSE	FALSE	FALSE	FALSE	FALSE			Nicippe
2095	925	237	Hector	Hector	Sun	TRUE	TRUE	FALSE	FALSE	FALSE		Aergia, Chalcodon, Dione, Cleodaeus	Aiakos
2096	925	237	Alpha Hector	Hector	Terran planet	FALSE	FALSE	FALSE	FALSE	FALSE			Aiakos
2097	925	237	Beta Hector	Hector	Alien world	FALSE	FALSE	FALSE	FALSE	FALSE			Aiakos
2098	925	237	Chi Hector	Hector	Barren rock	FALSE	FALSE	FALSE	FALSE	FALSE	moon		Aiakos
2099	925	237	Delta Hector	Hector	Gas giant	FALSE	FALSE	FALSE	FALSE	FALSE			Aiakos
2100	925	237	Epsilon Hector	Hector	Alien world	FALSE	FALSE	FALSE	FALSE	FALSE			Aiakos
2101	925	237	Tau Hector	Hector	Barren rock	FALSE	FALSE	FALSE	FALSE	FALSE	moon		Aiakos
2102	925	237	Tenga	Hector	Asteroid belt	FALSE	FALSE	FALSE	FALSE	FALSE			Aiakos
2103	925	237	Theta Hector	Hector	Alien world	FALSE	FALSE	FALSE	FALSE	FALSE			Aiakos
2104	901	237	Chalcodon	Chalcodon	Sun	TRUE	TRUE	FALSE	FALSE	FALSE		Hector	Aiakos
2105	901	237	Alpha Chalcodon	Chalcodon	Terran planet	FALSE	FALSE	FALSE	FALSE	FALSE			Aiakos
2106	901	237	Beta Chalcodon	Chalcodon	Alien world	FALSE	FALSE	FALSE	FALSE	FALSE			Aiakos
2107	901	237	Gamma Chalcodon	Chalcodon	Alien world	FALSE	FALSE	FALSE	FALSE	FALSE			Aiakos
2108	901	237	Madam Mirela	Chalcodon	Fortune Teller	FALSE	FALSE	FALSE	FALSE	FALSE			Aiakos
2109	901	237	Epsilon Chalcodon	Chalcodon	Gas giant	FALSE	FALSE	FALSE	FALSE	FALSE			Aiakos
2110	901	237	Chalcodon dealership	Chalcodon	Heroware	FALSE	FALSE	FALSE	FALSE	FALSE			Aiakos
2111	901	237	Eta Chalcodon	Chalcodon	Terran planet	FALSE	FALSE	FALSE	FALSE	FALSE			Aiakos
2112	924	229	Aergia	Aergia	Sun	TRUE	TRUE	FALSE	FALSE	FALSE		Hector	Aiakos
2113	924	229	Alpha Aergia	Aergia	Gas giant	FALSE	FALSE	FALSE	FALSE	FALSE			Aiakos
2114	937	233	Dione	Dione	Sun	TRUE	TRUE	FALSE	FALSE	FALSE		Hector, Ilione	Aiakos
2115	937	233	Alpha Dione	Dione	Terran planet	FALSE	FALSE	FALSE	FALSE	FALSE			Aiakos
2116	937	233	Beta Dione	Dione	Gas giant	FALSE	FALSE	FALSE	FALSE	FALSE			Aiakos
2117	937	233	Gamma Dione	Dione	Terran planet	FALSE	FALSE	FALSE	FALSE	FALSE			Aiakos
2118	937	233	Delta Dione	Dione	Terran planet	FALSE	FALSE	FALSE	FALSE	FALSE			Aiakos
2119	944	223	Ilione	Ilione	Sun	TRUE	TRUE	FALSE	FALSE	FALSE		Dione	Aiakos
2120	944	223	Alpha Ilione	Ilione	Alien world	FALSE	FALSE	FALSE	FALSE	FALSE			Aiakos
2121	944	223	Beta Ilione	Ilione	Alien world	FALSE	FALSE	FALSE	FALSE	FALSE			Aiakos
2122	944	223	Gamma Ilione	Ilione	Gas giant	FALSE	FALSE	FALSE	FALSE	FALSE			Aiakos
2123	944	244	Cleodaeus	Cleodaeus	Sun	TRUE	TRUE	FALSE	FALSE	FALSE		Hector, Mestra	Aiakos
2124	944	244	Alpha Cleodaeus	Cleodaeus	Terran planet	FALSE	FALSE	FALSE	FALSE	FALSE			Aiakos
2125	944	244	Cleodaeus dealership	Cleodaeus	Heroware	FALSE	FALSE	FALSE	FALSE	FALSE			Aiakos
2126	944	244	Cleodaeus campus	Cleodaeus	Heroes Academy	FALSE	FALSE	FALSE	FALSE	FALSE			Aiakos
2127	944	244	Outlet 31007.8020	Cleodaeus	Gus's Gas	FALSE	FALSE	FALSE	FALSE	FALSE			Aiakos
2128	944	244	Epsilon Cleodaeus	Cleodaeus	Inferno	FALSE	TRUE	FALSE	FALSE	FALSE			Aiakos
2129	944	244	Madam Dooriya	Cleodaeus	Fortune Teller	FALSE	FALSE	FALSE	FALSE	FALSE			Aiakos
2130	944	244	Eta Cleodaeus	Cleodaeus	Terran planet	FALSE	FALSE	FALSE	FALSE	FALSE			Aiakos
2131	944	244	Theta Cleodaeus	Cleodaeus	Gas giant	FALSE	FALSE	FALSE	FALSE	FALSE			Aiakos
2132	944	244	Iota Cleodaeus	Cleodaeus	Alien world	FALSE	FALSE	FALSE	FALSE	FALSE			Aiakos
2133	956	240	Mestra	Mestra	Sun	TRUE	TRUE	FALSE	FALSE	FALSE		Cleodaeus, Leander, Chronos	Aiakos
2134	956	240	Alpha Mestra	Mestra	Terran planet	FALSE	FALSE	FALSE	FALSE	FALSE			Aiakos
2135	956	240	Beta Mestra	Mestra	Terran planet	FALSE	FALSE	FALSE	FALSE	FALSE			Aiakos
2136	956	240	Gamma Mestra	Mestra	Terran planet	FALSE	FALSE	FALSE	FALSE	FALSE			Aiakos
2137	956	240	Delta Mestra	Mestra	Alien world	FALSE	FALSE	FALSE	FALSE	FALSE			Aiakos
2138	961	247	Leander	Leander	Sun	TRUE	TRUE	FALSE	FALSE	FALSE		Mestra	Aiakos
2139	961	247	Alpha Leander	Leander	Alien world	FALSE	FALSE	FALSE	FALSE	FALSE			Aiakos
2140	967	236	Chronos	Chronos	Sun	TRUE	TRUE	FALSE	FALSE	FALSE		Mestra	Aiakos
2141	967	236	Alpha Chronos	Chronos	Alien world	FALSE	FALSE	FALSE	FALSE	FALSE			Aiakos
2142	967	236	Beta Chronos	Chronos	Alien world	FALSE	FALSE	FALSE	FALSE	FALSE			Aiakos
2143	967	236	Chi Chronos	Chronos	Alien world	FALSE	FALSE	FALSE	FALSE	FALSE	moon		Aiakos
2144	967	236	Delta Chronos	Chronos	Alien world	FALSE	FALSE	TRUE	FALSE	FALSE			Aiakos
2145	967	236	Epsilon Chronos	Chronos	Alien world	FALSE	FALSE	FALSE	FALSE	FALSE			Aiakos
2146	967	236	Tau Chronos	Chronos	Barren rock	FALSE	FALSE	FALSE	FALSE	FALSE	moon		Aiakos
2147	820	175	Euronotus	Euronotus	Sun	TRUE	TRUE	FALSE	FALSE	FALSE		Sidero, Aura	Europs
2148	820	175	Alpha Euronotus	Euronotus	Terran planet	FALSE	FALSE	FALSE	FALSE	FALSE			Europs
2149	820	175	Restaurant #7653	Euronotus	Space Burger	FALSE	FALSE	FALSE	FALSE	FALSE	Droid #A49A and Droid #6BE3		Europs
2150	820	175	Outlet 26927.5759	Euronotus	Gus's Gas	FALSE	FALSE	FALSE	FALSE	FALSE			Europs
2151	820	175	Delta Euronotus	Euronotus	Terran planet	FALSE	FALSE	FALSE	FALSE	FALSE			Europs
2152	820	175	Euronotus campus	Euronotus	Heroes Academy	FALSE	FALSE	FALSE	FALSE	FALSE			Europs
2153	820	175	Abiala	Euronotus	Asteroid belt	FALSE	FALSE	FALSE	FALSE	FALSE			Europs
2154	820	175	Eta Euronotus	Euronotus	Frozen wasteland	FALSE	FALSE	FALSE	TRUE	FALSE			Europs
2155	865	203	Hippodamia	Hippodamia	Sun	TRUE	TRUE	FALSE	FALSE	FALSE		Alcimede, Phoebe	Europs
2156	865	203	Alpha Hippodamia	Hippodamia	Terran planet	FALSE	FALSE	FALSE	FALSE	FALSE			Europs
2157	865	203	Beta Hippodamia	Hippodamia	Terran planet	FALSE	FALSE	FALSE	FALSE	FALSE			Europs
2158	865	203	Nunda	Hippodamia	Asteroid belt	FALSE	FALSE	FALSE	TRUE	FALSE			Europs
2159	813	183	Sidero Majoris	Sidero	Binary Sun	TRUE	TRUE	FALSE	FALSE	FALSE		Hypermnestra, Euronotus	Europs
2160	813	183	Sidero Minoris	Sidero	Binary Sun	TRUE	TRUE	FALSE	FALSE	FALSE			Europs
2161	813	183	Alpha Sidero	Sidero	Gas giant	FALSE	FALSE	FALSE	FALSE	FALSE			Europs
2162	813	183	Beta Sidero	Sidero	Terran planet	FALSE	FALSE	FALSE	FALSE	FALSE			Europs
2163	830	222	Aura Majoris	Aura	Binary Sun	TRUE	TRUE	FALSE	FALSE	FALSE		Cyamites, Euronotus	Europs
2164	830	222	Aura Minoris	Aura	Binary Sun	TRUE	TRUE	FALSE	FALSE	FALSE			Europs
2165	830	222	Alpha Aura	Aura	Alien world	FALSE	FALSE	FALSE	FALSE	FALSE			Europs
2166	830	222	Psi Aura	Aura	Alien world	FALSE	FALSE	FALSE	FALSE	FALSE	moon		Europs
2167	830	222	Chi Aura	Aura	Artificial moon	FALSE	FALSE	FALSE	FALSE	FALSE	moon		Europs
2168	830	222	Delta Aura	Aura	Alien world	FALSE	FALSE	FALSE	FALSE	FALSE			Europs
2169	830	222	Upsilon Aura	Aura	Alien world	FALSE	FALSE	FALSE	FALSE	FALSE	moon		Europs
2170	830	222	Zeta Aura	Aura	Terran planet	FALSE	FALSE	FALSE	FALSE	FALSE			Europs
2171	830	222	Eta Aura	Aura	Frozen wasteland	FALSE	FALSE	FALSE	TRUE	FALSE			Europs
2172	816	193	Hypermnestra	Hypermnestra	Sun	TRUE	TRUE	FALSE	FALSE	FALSE		Sidero	Europs
2173	816	193	Alpha Hypermnestra	Hypermnestra	Alien world	FALSE	FALSE	FALSE	FALSE	FALSE			Europs
2174	816	193	Hypermnestra dealership	Hypermnestra	Heroware	FALSE	FALSE	FALSE	FALSE	FALSE			Europs
2175	816	193	Chi Hypermnestra	Hypermnestra	Barren rock	FALSE	FALSE	FALSE	FALSE	FALSE	moon		Europs
2176	839	233	Cyamites	Cyamites	Sun	TRUE	TRUE	FALSE	FALSE	FALSE		Aura, Nesoi	Europs
2177	839	233	Alpha Cyamites	Cyamites	Alien world	FALSE	FALSE	FALSE	FALSE	FALSE			Europs
2178	839	233	Beta Cyamites	Cyamites	Gas giant	FALSE	FALSE	FALSE	FALSE	FALSE			Europs
2179	839	233	Gamma Cyamites	Cyamites	Terran planet	FALSE	FALSE	FALSE	FALSE	FALSE			Europs
2180	839	233	Delta Cyamites	Cyamites	Terran planet	FALSE	FALSE	FALSE	FALSE	FALSE			Europs
2181	857	238	Nesoi	Nesoi	Sun	TRUE	TRUE	FALSE	FALSE	FALSE		Cyamites, Hyrmine, Phoebe	Europs
2182	857	238	Alpha Nesoi	Nesoi	Gas giant	FALSE	FALSE	TRUE	FALSE	FALSE			Europs
2183	857	238	Beta Nesoi	Nesoi	Terran planet	FALSE	FALSE	FALSE	FALSE	FALSE			Europs
2184	857	238	Gamma Nesoi	Nesoi	Gas giant	FALSE	FALSE	FALSE	FALSE	FALSE			Europs
2185	857	238	Delta Nesoi	Nesoi	Alien world	FALSE	FALSE	FALSE	FALSE	FALSE			Europs
2186	857	238	Epsilon Nesoi	Nesoi	Alien world	FALSE	FALSE	FALSE	FALSE	FALSE			Europs
2187	853	230	Hyrmine	Hyrmine	Sun	TRUE	TRUE	FALSE	FALSE	FALSE		Nesoi	Europs
2188	853	230	Alpha Hyrmine	Hyrmine	Inferno	FALSE	TRUE	FALSE	FALSE	FALSE			Europs
2189	853	230	Beta Hyrmine	Hyrmine	Alien world	FALSE	FALSE	FALSE	FALSE	FALSE			Europs
2190	853	230	Gamma Hyrmine	Hyrmine	Terran planet	FALSE	FALSE	FALSE	FALSE	FALSE			Europs
2191	853	230	Hyrmine campus	Hyrmine	Heroes Academy	FALSE	FALSE	FALSE	FALSE	FALSE			Europs
2192	882	214	Phoebe	Phoebe	Sun	TRUE	TRUE	FALSE	FALSE	FALSE		Hippothoe, Nesoi, Cephalus, Cres, Hippodamia	Europs
2193	882	214	Alpha Phoebe	Phoebe	Alien world	FALSE	FALSE	FALSE	FALSE	FALSE			Europs
2194	882	214	Beta Phoebe	Phoebe	Terran planet	FALSE	FALSE	FALSE	FALSE	FALSE			Europs
2195	882	214	Gamma Phoebe	Phoebe	Alien world	FALSE	FALSE	TRUE	FALSE	FALSE			Europs
2196	882	214	Phi Phoebe	Phoebe	Artificial moon	FALSE	FALSE	FALSE	FALSE	FALSE	moon		Europs
2197	882	214	Epsilon Phoebe	Phoebe	Alien world	FALSE	FALSE	FALSE	FALSE	FALSE			Europs
2198	882	214	Zeta Phoebe	Phoebe	Terran planet	FALSE	FALSE	FALSE	FALSE	FALSE			Europs
2199	868	186	Alcimede	Alcimede	Sun	TRUE	TRUE	FALSE	FALSE	FALSE		Hippodamia	Europs
2200	868	186	Alpha Alcimede	Alcimede	Gas giant	FALSE	FALSE	FALSE	FALSE	FALSE			Europs
2201	900	196	Cephalus	Cephalus	Sun	TRUE	TRUE	FALSE	FALSE	FALSE		Phoebe	Europs
2202	900	196	Alpha Cephalus	Cephalus	Gas giant	FALSE	FALSE	FALSE	FALSE	FALSE			Europs
2203	900	196	Restaurant #7297	Cephalus	Space Burger	FALSE	FALSE	FALSE	FALSE	FALSE			Europs
2204	900	196	Gamma Cephalus	Cephalus	Alien world	FALSE	FALSE	FALSE	FALSE	FALSE			Europs
2205	900	196	Delta Cephalus	Cephalus	Alien world	FALSE	FALSE	FALSE	FALSE	FALSE			Europs
2206	900	196	Upsilon Cephalus	Cephalus	Artificial moon	FALSE	FALSE	FALSE	FALSE	FALSE	moon		Europs
2207	900	196	Tau Cephalus	Cephalus	Alien world	FALSE	FALSE	FALSE	FALSE	FALSE	moon		Europs
2208	900	196	Eta Cephalus	Cephalus	Alien world	FALSE	FALSE	FALSE	FALSE	FALSE			Europs
2209	893	167	Cres	Cres	Sun	TRUE	TRUE	FALSE	FALSE	FALSE		Oedipus, Phoebe	Europs
2210	893	167	Alpha Cres	Cres	Terran planet	FALSE	FALSE	FALSE	FALSE	FALSE			Europs
2211	893	167	Beta Cres	Cres	Terran planet	FALSE	FALSE	FALSE	FALSE	FALSE			Europs
2212	893	167	Gamma Cres	Cres	Terran planet	FALSE	FALSE	FALSE	FALSE	FALSE			Europs
2213	893	167	Delta Cres	Cres	Frozen wasteland	FALSE	FALSE	TRUE	TRUE	FALSE			Europs
2214	893	167	Epsilon Cres	Cres	Alien world	FALSE	FALSE	FALSE	FALSE	FALSE			Europs
2215	893	167	Tau Cres	Cres	Artificial moon	FALSE	FALSE	FALSE	FALSE	FALSE	moon		Europs
2216	901	165	Oedipus	Oedipus	Sun	TRUE	TRUE	FALSE	FALSE	FALSE		Cres	Europs
2217	901	165	Alpha Oedipus	Oedipus	Inferno	FALSE	TRUE	FALSE	FALSE	FALSE			Europs
2218	901	165	Oedipus campus	Oedipus	Heroes Academy	FALSE	FALSE	FALSE	FALSE	FALSE			Europs
2219	901	165	Madam Shimza	Oedipus	Fortune Teller	FALSE	FALSE	FALSE	FALSE	FALSE			Europs
2220	876	233	Hippothoe	Hippothoe	Sun	TRUE	TRUE	FALSE	FALSE	FALSE		Menos, Phoebe	Europs
2221	876	233	Alpha Hippothoe	Hippothoe	Inferno	FALSE	TRUE	FALSE	FALSE	FALSE			Europs
2222	876	233	Beta Hippothoe	Hippothoe	Terran planet	FALSE	FALSE	FALSE	FALSE	FALSE			Europs
2223	876	233	Outlet 28779.7638	Hippothoe	Gus's Gas	FALSE	FALSE	FALSE	FALSE	FALSE			Europs
2224	876	233	Delta Hippothoe	Hippothoe	Alien world	FALSE	FALSE	FALSE	FALSE	FALSE			Europs
2225	876	233	Epsilon Hippothoe	Hippothoe	Gas giant	FALSE	FALSE	FALSE	FALSE	FALSE			Europs
2226	874	254	Menos	Menos	Sun	TRUE	TRUE	FALSE	FALSE	FALSE		Hippothoe	Europs
2227	874	254	Alpha Menos	Menos	Terran planet	FALSE	FALSE	FALSE	FALSE	FALSE			Europs
2228	874	254	Beta Menos	Menos	Terran planet	FALSE	FALSE	FALSE	FALSE	FALSE			Europs
2229	874	254	Restaurant #4275	Menos	Space Burger	FALSE	FALSE	FALSE	FALSE	FALSE			Europs
2230	910	315	Memnon	Memnon	Sun	TRUE	TRUE	FALSE	FALSE	FALSE		Polypheides	Astyanassa
2231	910	315	Alpha Memnon	Memnon	Terran planet	FALSE	FALSE	FALSE	FALSE	FALSE			Astyanassa
2232	910	315	Beta Memnon	Memnon	Alien world	FALSE	FALSE	FALSE	FALSE	FALSE			Astyanassa
2233	910	315	Outlet 29888.10352	Memnon	Gus's Gas	FALSE	FALSE	FALSE	FALSE	FALSE			Astyanassa
2234	888	330	Polypheides	Polypheides	Sun	TRUE	TRUE	FALSE	FALSE	FALSE		Memnon, Adonis	Astyanassa
2235	888	330	Alpha Polypheides	Polypheides	Gas giant	FALSE	FALSE	FALSE	FALSE	FALSE			Astyanassa
2236	888	330	Beta Polypheides	Polypheides	Inferno	FALSE	TRUE	FALSE	FALSE	FALSE			Astyanassa
2237	888	330	Chi Polypheides	Polypheides	Artificial moon	FALSE	FALSE	FALSE	FALSE	FALSE	moon		Astyanassa
2238	888	330	Phi Polypheides	Polypheides	Alien world	FALSE	FALSE	FALSE	FALSE	FALSE	moon		Astyanassa
2239	888	330	Epsilon Polypheides	Polypheides	Alien world	FALSE	FALSE	FALSE	FALSE	FALSE			Astyanassa
2240	888	330	Zeta Polypheides	Polypheides	Alien world	FALSE	FALSE	FALSE	FALSE	FALSE			Astyanassa
2241	888	330	Eta Polypheides	Polypheides	Frozen wasteland	FALSE	FALSE	FALSE	TRUE	FALSE			Astyanassa
2242	888	330	Rho Polypheides	Polypheides	Barren rock	FALSE	FALSE	FALSE	FALSE	FALSE	moon		Astyanassa
2243	911	286	Adonis	Adonis	Sun	TRUE	TRUE	FALSE	FALSE	FALSE		Hesperus, Nyx, Diomedes, Polypheides, Danaë	Astyanassa
2244	911	286	Alpha Adonis	Adonis	Alien world	FALSE	FALSE	FALSE	FALSE	FALSE			Astyanassa
2245	911	286	Psi Adonis	Adonis	Alien world	FALSE	FALSE	FALSE	FALSE	FALSE	moon		Astyanassa
2246	911	286	Gamma Adonis	Adonis	Alien world	FALSE	FALSE	FALSE	FALSE	FALSE			Astyanassa
2247	911	286	Delta Adonis	Adonis	Gas giant	FALSE	FALSE	FALSE	FALSE	FALSE			Astyanassa
2248	911	286	Epsilon Adonis	Adonis	Alien world	FALSE	FALSE	FALSE	FALSE	FALSE			Astyanassa
2249	911	286	Tau Adonis	Adonis	Alien world	FALSE	FALSE	FALSE	FALSE	FALSE	moon		Astyanassa
2250	911	286	Restaurant #1167	Adonis	Space Burger	FALSE	FALSE	FALSE	FALSE	FALSE			Astyanassa
2251	911	286	Rho Adonis	Adonis	Alien world	FALSE	FALSE	FALSE	FALSE	FALSE	moon		Astyanassa
2252	911	286	Pi Adonis	Adonis	Alien world	FALSE	FALSE	TRUE	FALSE	FALSE	moon		Astyanassa
2253	911	286	Kappa Adonis	Adonis	Terran planet	FALSE	FALSE	FALSE	FALSE	FALSE			Astyanassa
2254	908	296	Hesperus	Hesperus	Sun	TRUE	TRUE	FALSE	FALSE	FALSE		Adonis	Astyanassa
2255	908	296	Alpha Hesperus	Hesperus	Terran planet	FALSE	FALSE	FALSE	FALSE	FALSE			Astyanassa
2256	908	296	Hesperus dealership	Hesperus	Heroware	FALSE	FALSE	FALSE	FALSE	FALSE			Astyanassa
2257	925	293	Danaë	Danaë	Sun	TRUE	TRUE	FALSE	FALSE	FALSE		Adonis	Astyanassa
2258	925	293	Alpha Danaë	Danaë	Alien world	FALSE	FALSE	FALSE	FALSE	FALSE			Astyanassa
2259	914	275	Nyx	Nyx	Sun	TRUE	TRUE	FALSE	FALSE	FALSE		Adonis	Astyanassa
2260	914	275	Alpha Nyx	Nyx	Terran planet	FALSE	FALSE	FALSE	FALSE	FALSE			Astyanassa
2261	914	275	Psi Nyx	Nyx	Alien world	FALSE	FALSE	TRUE	FALSE	FALSE	moon		Astyanassa
2262	914	275	Gamma Nyx	Nyx	Terran planet	FALSE	FALSE	FALSE	FALSE	FALSE			Astyanassa
2263	914	275	Nyx station	Nyx	Aftermarket Station	FALSE	FALSE	FALSE	FALSE	FALSE			Astyanassa
2264	914	275	Nyx campus	Nyx	Heroes Academy	FALSE	FALSE	FALSE	FALSE	FALSE			Astyanassa
2265	889	290	Diomedes	Diomedes	Sun	TRUE	TRUE	FALSE	FALSE	FALSE		Adonis	Astyanassa
2266	889	290	Alpha Diomedes	Diomedes	Terran planet	FALSE	FALSE	FALSE	FALSE	FALSE			Astyanassa
2267	889	290	Beta Diomedes	Diomedes	Alien world	FALSE	FALSE	FALSE	FALSE	FALSE			Astyanassa
2268	889	290	Chi Diomedes	Diomedes	Barren rock	FALSE	FALSE	TRUE	FALSE	FALSE	moon		Astyanassa
2269	889	290	Madam Theodora	Diomedes	Fortune Teller	FALSE	FALSE	FALSE	FALSE	FALSE			Astyanassa
2270	889	290	Upsilon Diomedes	Diomedes	Alien world	FALSE	FALSE	FALSE	FALSE	FALSE	moon		Astyanassa
2271	889	290	Tau Diomedes	Diomedes	Barren rock	FALSE	FALSE	TRUE	FALSE	FALSE	moon		Astyanassa
2272	889	290	Sigma Diomedes	Diomedes	Alien world	FALSE	FALSE	FALSE	FALSE	FALSE	moon		Astyanassa
2273	797	278	Peirous	Peirous	Sun	TRUE	TRUE	FALSE	FALSE	FALSE		Laonome	Auxesia
2274	797	278	Alpha Peirous	Peirous	Inferno	FALSE	TRUE	FALSE	FALSE	FALSE			Auxesia
2275	797	278	Psi Peirous	Peirous	Artificial moon	FALSE	FALSE	FALSE	FALSE	FALSE	moon		Auxesia
2276	797	278	Restaurant #1265	Peirous	Space Burger	FALSE	FALSE	FALSE	FALSE	FALSE	Droid #0035		Auxesia
2277	868	299	Lamedon	Lamedon	Sun	TRUE	TRUE	FALSE	FALSE	FALSE		Naubolus, Ormenus	Auxesia
2278	868	299	Alpha Lamedon	Lamedon	Alien world	FALSE	FALSE	FALSE	FALSE	FALSE			Auxesia
2279	868	299	Lamedon campus	Lamedon	Heroes Academy	FALSE	FALSE	FALSE	FALSE	FALSE			Auxesia
2280	868	299	Gamma Lamedon	Lamedon	Terran planet	FALSE	FALSE	FALSE	FALSE	FALSE			Auxesia
2281	868	299	Delta Lamedon	Lamedon	Terran planet	FALSE	FALSE	FALSE	FALSE	FALSE			Auxesia
2282	868	299	Kahdir	Lamedon	Asteroid belt	FALSE	FALSE	FALSE	TRUE	FALSE			Auxesia
2283	784	280	Epistrophus	Epistrophus	Sun	TRUE	TRUE	FALSE	FALSE	FALSE		Laonome	Auxesia
2284	784	280	Alpha Epistrophus	Epistrophus	Gas giant	FALSE	FALSE	FALSE	FALSE	FALSE			Auxesia
2285	784	280	Chango	Epistrophus	Asteroid belt	FALSE	FALSE	FALSE	FALSE	FALSE			Auxesia
2286	784	280	Gamma Epistrophus	Epistrophus	Alien world	FALSE	FALSE	FALSE	FALSE	FALSE			Auxesia
2287	784	280	Phi Epistrophus	Epistrophus	Barren rock	FALSE	FALSE	FALSE	FALSE	FALSE	moon		Auxesia
2288	784	280	Upsilon Epistrophus	Epistrophus	Alien world	FALSE	FALSE	FALSE	FALSE	FALSE	moon		Auxesia
2289	784	280	Tau Epistrophus	Epistrophus	Artificial moon	FALSE	FALSE	FALSE	FALSE	FALSE	moon		Auxesia
2290	784	280	Madam Talaitha	Epistrophus	Fortune Teller	FALSE	FALSE	FALSE	FALSE	FALSE			Auxesia
2291	784	280	Rho Epistrophus	Epistrophus	Alien world	FALSE	FALSE	FALSE	FALSE	FALSE	moon		Auxesia
2292	821	372	Asterion	Asterion	Sun	TRUE	TRUE	FALSE	FALSE	FALSE		Pandareus	Auxesia
2293	821	372	Alpha Asterion	Asterion	Alien world	FALSE	FALSE	FALSE	FALSE	FALSE			Auxesia
2294	821	372	Beta Asterion	Asterion	Alien world	FALSE	FALSE	FALSE	FALSE	FALSE			Auxesia
2295	821	372	Chi Asterion	Asterion	Artificial moon	FALSE	FALSE	FALSE	FALSE	FALSE	moon		Auxesia
2296	821	372	Ani-Ibo	Asterion	Asteroid belt	FALSE	FALSE	FALSE	TRUE	FALSE			Auxesia
2297	802	288	Laonome	Laonome	Sun	TRUE	TRUE	FALSE	FALSE	FALSE		Epistrophus, Peirous, Naubolus	Auxesia
2298	802	288	Alpha Laonome	Laonome	Terran planet	FALSE	FALSE	FALSE	FALSE	FALSE			Auxesia
2299	802	288	Laonome station	Laonome	Aftermarket Station	FALSE	FALSE	FALSE	FALSE	FALSE			Auxesia
2300	802	288	Gamma Laonome	Laonome	Inferno	FALSE	TRUE	FALSE	FALSE	FALSE			Auxesia
2301	838	296	Naubolus	Naubolus	Sun	TRUE	TRUE	FALSE	FALSE	FALSE		Hippotes, Lamedon, Laonome	Auxesia
2302	838	296	Alpha Naubolus	Naubolus	Terran planet	FALSE	FALSE	FALSE	FALSE	FALSE			Auxesia
2303	838	296	Beta Naubolus	Naubolus	Gas giant	FALSE	FALSE	FALSE	FALSE	FALSE			Auxesia
2304	838	296	Gamma Naubolus	Naubolus	Alien world	FALSE	FALSE	FALSE	FALSE	FALSE			Auxesia
2305	838	296	Delta Naubolus	Naubolus	Frozen wasteland	FALSE	FALSE	TRUE	TRUE	FALSE			Auxesia
2306	838	296	Epsilon Naubolus	Naubolus	Terran planet	FALSE	FALSE	FALSE	FALSE	FALSE			Auxesia
2307	838	296	Tau Naubolus	Naubolus	Artificial moon	FALSE	FALSE	FALSE	FALSE	FALSE	moon		Auxesia
2308	859	289	Ormenus	Ormenus	Sun	TRUE	TRUE	FALSE	FALSE	FALSE		Lamedon	Auxesia
2309	859	289	Alpha Ormenus	Ormenus	Inferno	FALSE	TRUE	FALSE	FALSE	FALSE			Auxesia
2310	859	289	Ormenus station	Ormenus	Aftermarket Station	FALSE	FALSE	FALSE	FALSE	FALSE			Auxesia
2311	859	289	Chi Ormenus	Ormenus	Alien world	FALSE	FALSE	FALSE	FALSE	FALSE	moon		Auxesia
2312	859	289	Delta Ormenus	Ormenus	Alien world	FALSE	FALSE	FALSE	FALSE	FALSE			Auxesia
2313	859	289	Epsilon Ormenus	Ormenus	Alien world	FALSE	FALSE	FALSE	FALSE	FALSE			Auxesia
2314	767	384	Branchus	Branchus	Sun	TRUE	TRUE	FALSE	FALSE	FALSE		Aristaeus	Auxesia
2315	767	384	Alpha Branchus	Branchus	Inferno	FALSE	TRUE	FALSE	FALSE	FALSE			Auxesia
2316	767	384	Branchus dealership	Branchus	Heroware	FALSE	FALSE	FALSE	FALSE	FALSE			Auxesia
2317	767	384	Chi Branchus	Branchus	Artificial moon	FALSE	FALSE	FALSE	FALSE	FALSE	moon		Auxesia
2318	767	384	Delta Branchus	Branchus	Alien world	FALSE	FALSE	FALSE	FALSE	FALSE			Auxesia
2319	767	384	Epsilon Branchus	Branchus	Gas giant	FALSE	FALSE	FALSE	FALSE	FALSE			Auxesia
2320	791	369	Aristaeus	Aristaeus	Sun	TRUE	TRUE	FALSE	FALSE	FALSE		Branchus, Pandareus	Auxesia
2321	791	369	Alpha Aristaeus	Aristaeus	Alien world	FALSE	FALSE	FALSE	FALSE	FALSE			Auxesia
2322	791	369	Aristaeus station	Aristaeus	Aftermarket Station	FALSE	FALSE	FALSE	FALSE	FALSE			Auxesia
2323	791	369	Gamma Aristaeus	Aristaeus	Terran planet	FALSE	FALSE	FALSE	FALSE	FALSE			Auxesia
2324	791	369	Delta Aristaeus	Aristaeus	Terran planet	FALSE	FALSE	FALSE	FALSE	FALSE			Auxesia
2325	812	385	Pandareus	Pandareus	Sun	TRUE	TRUE	FALSE	FALSE	FALSE		Asterion, Aristaeus, Hippotes	Auxesia
2326	812	385	Alpha Pandareus	Pandareus	Alien world	FALSE	FALSE	FALSE	FALSE	FALSE			Auxesia
2327	812	385	Beta Pandareus	Pandareus	Alien world	FALSE	FALSE	FALSE	FALSE	FALSE			Auxesia
2328	812	385	Chi Pandareus	Pandareus	Barren rock	FALSE	FALSE	FALSE	FALSE	FALSE	moon		Auxesia
2329	812	385	Phi Pandareus	Pandareus	Artificial moon	FALSE	FALSE	FALSE	FALSE	FALSE	moon		Auxesia
2330	812	385	Upsilon Pandareus	Pandareus	Barren rock	FALSE	FALSE	FALSE	FALSE	FALSE	moon		Auxesia
2331	812	385	Tau Pandareus	Pandareus	Alien world	FALSE	FALSE	FALSE	FALSE	FALSE	moon		Auxesia
2332	812	385	Eta Pandareus	Pandareus	Terran planet	FALSE	FALSE	FALSE	FALSE	FALSE			Auxesia
2333	812	385	Theta Pandareus	Pandareus	Frozen wasteland	FALSE	FALSE	FALSE	TRUE	FALSE			Auxesia
2334	812	385	Pandareus dealership	Pandareus	Heroware	FALSE	FALSE	FALSE	FALSE	FALSE			Auxesia
2335	838	400	Hippotes	Hippotes	Sun	TRUE	TRUE	FALSE	FALSE	FALSE		Lysimache, Pandareus, Naubolus	Auxesia
2336	838	400	Alpha Hippotes	Hippotes	Inferno	FALSE	TRUE	FALSE	FALSE	FALSE			Auxesia
2337	838	400	Beta Hippotes	Hippotes	Terran planet	FALSE	FALSE	FALSE	FALSE	FALSE			Auxesia
2338	838	400	Gamma Hippotes	Hippotes	Alien world	FALSE	FALSE	FALSE	FALSE	FALSE			Auxesia
2339	838	400	Delta Hippotes	Hippotes	Terran planet	FALSE	FALSE	FALSE	FALSE	FALSE			Auxesia
2340	838	400	Restaurant #3100	Hippotes	Space Burger	FALSE	FALSE	FALSE	FALSE	FALSE			Auxesia
2341	838	400	Zeta Hippotes	Hippotes	Terran planet	FALSE	FALSE	FALSE	FALSE	FALSE			Auxesia
2342	827	415	Lysimache	Lysimache	Sun	TRUE	TRUE	FALSE	FALSE	FALSE		Cydon, Hippotes	Auxesia
2343	827	415	Alpha Lysimache	Lysimache	Alien world	FALSE	FALSE	FALSE	FALSE	FALSE			Auxesia
2344	827	415	Beta Lysimache	Lysimache	Inferno	FALSE	TRUE	FALSE	FALSE	FALSE			Auxesia
2345	827	415	Gamma Lysimache	Lysimache	Gas giant	FALSE	FALSE	FALSE	FALSE	FALSE			Auxesia
2346	825	404	Cydon	Cydon	Sun	TRUE	TRUE	FALSE	FALSE	FALSE		Euphorion, Lysimache	Auxesia
2347	825	404	Alpha Cydon	Cydon	Terran planet	FALSE	FALSE	FALSE	FALSE	FALSE			Auxesia
2348	825	404	Cydon station	Cydon	Aftermarket Station	FALSE	FALSE	FALSE	FALSE	FALSE			Auxesia
2349	825	404	Gamma Cydon	Cydon	Inferno	FALSE	TRUE	FALSE	FALSE	FALSE			Auxesia
2350	823	399	Euphorion	Euphorion	Sun	TRUE	TRUE	FALSE	FALSE	FALSE		Cydon	Auxesia
2351	823	399	Alpha Euphorion	Euphorion	Terran planet	FALSE	FALSE	FALSE	FALSE	FALSE			Auxesia
2352	823	399	Outlet 27031.13097	Euphorion	Gus's Gas	FALSE	FALSE	FALSE	FALSE	FALSE			Auxesia
2353	823	399	Gamma Euphorion	Euphorion	Terran planet	FALSE	FALSE	FALSE	FALSE	FALSE			Auxesia
2354	848	356	Gorgyra	Gorgyra	Sun	TRUE	TRUE	FALSE	FALSE	FALSE		Melampus	Talaus
2355	848	356	Alpha Gorgyra	Gorgyra	Terran planet	FALSE	FALSE	FALSE	FALSE	FALSE			Talaus
2356	848	356	Gorgyra station	Gorgyra	Aftermarket Station	FALSE	FALSE	FALSE	FALSE	FALSE			Talaus
2357	848	356	Gamma Gorgyra	Gorgyra	Terran planet	FALSE	FALSE	FALSE	FALSE	FALSE			Talaus
2358	848	356	Madam Sapphira	Gorgyra	Fortune Teller	FALSE	FALSE	FALSE	FALSE	FALSE			Talaus
2359	848	356	Outlet 27862.11691	Gorgyra	Gus's Gas	FALSE	FALSE	FALSE	FALSE	FALSE			Talaus
2360	852	364	Melampus	Melampus	Sun	TRUE	TRUE	FALSE	FALSE	FALSE		Gorgyra, Cynurus	Talaus
2361	852	364	Alpha Melampus	Melampus	Inferno	FALSE	TRUE	TRUE	FALSE	FALSE			Talaus
2362	852	364	Beta Melampus	Melampus	Gas giant	FALSE	FALSE	FALSE	FALSE	FALSE			Talaus
2363	852	364	Melampus dealership	Melampus	Heroware	FALSE	FALSE	FALSE	FALSE	FALSE			Talaus
2364	852	364	Phi Melampus	Melampus	Alien world	FALSE	FALSE	FALSE	FALSE	FALSE	moon		Talaus
2365	852	364	Epsilon Melampus	Melampus	Alien world	FALSE	FALSE	FALSE	FALSE	FALSE			Talaus
2366	852	364	Zeta Melampus	Melampus	Alien world	FALSE	FALSE	FALSE	FALSE	FALSE			Talaus
2367	878	370	Cynurus	Cynurus	Sun	TRUE	TRUE	FALSE	FALSE	FALSE		Eusebeia, Eurymedon, Melampus	Talaus
2368	878	370	Alpha Cynurus	Cynurus	Alien world	FALSE	FALSE	FALSE	FALSE	FALSE			Talaus
2369	878	370	Beta Cynurus	Cynurus	Gas giant	FALSE	FALSE	FALSE	FALSE	FALSE			Talaus
2370	878	370	Gamma Cynurus	Cynurus	Frozen wasteland	FALSE	FALSE	FALSE	TRUE	FALSE			Talaus
2371	878	370	Delta Cynurus	Cynurus	Alien world	FALSE	FALSE	FALSE	FALSE	FALSE			Talaus
2372	878	370	Upsilon Cynurus	Cynurus	Artificial moon	FALSE	FALSE	FALSE	FALSE	FALSE	moon		Talaus
2373	878	370	Zeta Cynurus	Cynurus	Frozen wasteland	FALSE	FALSE	FALSE	TRUE	FALSE			Talaus
2374	878	370	Sigma Cynurus	Cynurus	Alien world	FALSE	FALSE	TRUE	FALSE	FALSE	moon		Talaus
2375	878	370	Rho Cynurus	Cynurus	Alien world	FALSE	FALSE	FALSE	FALSE	FALSE	moon		Talaus
2376	878	370	Pi Cynurus	Cynurus	Artificial moon	FALSE	FALSE	FALSE	FALSE	FALSE	moon		Talaus
2377	888	365	Eurymedon	Eurymedon	Sun	TRUE	TRUE	FALSE	FALSE	FALSE		Cynurus	Talaus
2378	888	365	Alpha Eurymedon	Eurymedon	Terran planet	FALSE	FALSE	FALSE	FALSE	FALSE			Talaus
2379	888	365	Beta Eurymedon	Eurymedon	Alien world	FALSE	FALSE	FALSE	FALSE	FALSE			Talaus
2380	888	365	Gamma Eurymedon	Eurymedon	Terran planet	FALSE	FALSE	FALSE	FALSE	FALSE			Talaus
2381	888	365	Delta Eurymedon	Eurymedon	Terran planet	FALSE	FALSE	FALSE	FALSE	FALSE			Talaus
2382	861	406	Eusebeia	Eusebeia	Sun	TRUE	TRUE	FALSE	FALSE	FALSE		Anthus, Cynurus	Talaus
2383	861	406	Alpha Eusebeia	Eusebeia	Alien world	FALSE	FALSE	FALSE	FALSE	FALSE			Talaus
2384	861	406	Psi Eusebeia	Eusebeia	Artificial moon	FALSE	FALSE	FALSE	FALSE	FALSE	moon		Talaus
2385	861	406	Chi Eusebeia	Eusebeia	Barren rock	FALSE	FALSE	FALSE	FALSE	FALSE	moon		Talaus
2386	861	406	Delta Eusebeia	Eusebeia	Terran planet	FALSE	FALSE	FALSE	FALSE	FALSE			Talaus
2387	861	406	Epsilon Eusebeia	Eusebeia	Gas giant	FALSE	FALSE	FALSE	FALSE	FALSE			Talaus
2388	861	406	Tau Eusebeia	Eusebeia	Artificial moon	FALSE	FALSE	FALSE	FALSE	FALSE	moon		Talaus
2389	861	406	Eta Eusebeia	Eusebeia	Frozen wasteland	FALSE	FALSE	FALSE	TRUE	FALSE			Talaus
2390	861	406	Theta Eusebeia	Eusebeia	Alien world	FALSE	FALSE	FALSE	FALSE	FALSE			Talaus
2391	860	391	Anthus	Anthus	Sun	TRUE	TRUE	FALSE	FALSE	FALSE		Palaemon, Eusebeia	Talaus
2392	860	391	Alpha Anthus	Anthus	Alien world	FALSE	FALSE	FALSE	FALSE	FALSE			Talaus
2393	860	391	Beta Anthus	Anthus	Alien world	FALSE	FALSE	FALSE	FALSE	FALSE			Talaus
2394	860	391	Gamma Anthus	Anthus	Inferno	FALSE	TRUE	FALSE	FALSE	FALSE			Talaus
2395	860	391	Phi Anthus	Anthus	Alien world	FALSE	FALSE	FALSE	FALSE	FALSE	moon		Talaus
2396	864	388	Palaemon	Palaemon	Sun	TRUE	TRUE	FALSE	FALSE	FALSE		Anthus	Talaus
2397	864	388	Alpha Palaemon	Palaemon	Gas giant	FALSE	FALSE	FALSE	FALSE	FALSE			Talaus
2398	864	388	Beta Palaemon	Palaemon	Alien world	FALSE	FALSE	FALSE	FALSE	FALSE			Talaus
2399	864	388	Gamma Palaemon	Palaemon	Gas giant	FALSE	FALSE	FALSE	FALSE	FALSE			Talaus
2400	940	431	Bolina	Bolina	Sun	TRUE	TRUE	FALSE	FALSE	FALSE		Orphne	Batea
2401	940	431	Minga Bengale	Bolina	Asteroid belt	FALSE	TRUE	FALSE	FALSE	FALSE			Batea
2402	940	431	Bolina station	Bolina	Aftermarket Station	FALSE	FALSE	FALSE	FALSE	FALSE			Batea
2403	940	431	Gamma Bolina	Bolina	Alien world	FALSE	FALSE	FALSE	FALSE	FALSE			Batea
2404	940	431	Phi Bolina	Bolina	Barren rock	FALSE	FALSE	TRUE	FALSE	FALSE	moon		Batea
2405	947	360	Lyssa	Lyssa	Sun	TRUE	TRUE	FALSE	FALSE	FALSE		Laodamia, Menippe, Hegemone	Batea
2406	947	360	Alpha Lyssa	Lyssa	Inferno	FALSE	TRUE	FALSE	FALSE	FALSE			Batea
2407	947	360	Beta Lyssa	Lyssa	Alien world	FALSE	FALSE	FALSE	FALSE	FALSE			Batea
2408	947	360	Gamma Lyssa	Lyssa	Alien world	FALSE	FALSE	FALSE	FALSE	FALSE			Batea
2409	947	360	Lyssa campus	Lyssa	Heroes Academy	FALSE	FALSE	FALSE	FALSE	FALSE			Batea
2410	947	360	Epsilon Lyssa	Lyssa	Frozen wasteland	FALSE	FALSE	FALSE	TRUE	FALSE			Batea
2411	959	379	Hegemone	Hegemone	Sun	TRUE	TRUE	FALSE	FALSE	FALSE		Smaragos, Lyssa	Batea
2412	959	379	Alpha Hegemone	Hegemone	Alien world	FALSE	FALSE	FALSE	FALSE	FALSE			Batea
2413	959	379	Hegemone dealership	Hegemone	Heroware	FALSE	FALSE	FALSE	FALSE	FALSE			Batea
2414	959	379	Hegemone station	Hegemone	Aftermarket Station	FALSE	FALSE	FALSE	FALSE	FALSE			Batea
2415	959	379	Delta Hegemone	Hegemone	Inferno	FALSE	TRUE	FALSE	FALSE	FALSE			Batea
2416	965	382	Smaragos	Smaragos	Sun	TRUE	TRUE	FALSE	FALSE	FALSE		Hegemone	Batea
2417	965	382	Alpha Smaragos	Smaragos	Inferno	FALSE	TRUE	FALSE	FALSE	FALSE			Batea
2418	965	382	Psi Smaragos	Smaragos	Barren rock	FALSE	FALSE	FALSE	FALSE	FALSE	moon		Batea
2419	965	382	Chi Smaragos	Smaragos	Barren rock	FALSE	FALSE	FALSE	FALSE	FALSE	moon		Batea
2420	965	382	Alotangana Kono	Smaragos	Asteroid belt	FALSE	FALSE	FALSE	TRUE	FALSE			Batea
2421	909	370	Sabazios	Sabazios	Sun	TRUE	TRUE	FALSE	FALSE	FALSE		Laodamia	Batea
2422	909	370	Alpha Sabazios	Sabazios	Inferno	FALSE	TRUE	FALSE	FALSE	FALSE			Batea
2423	909	370	Beta Sabazios	Sabazios	Gas giant	FALSE	FALSE	FALSE	FALSE	FALSE			Batea
2424	909	370	Gamma Sabazios	Sabazios	Terran planet	FALSE	FALSE	FALSE	FALSE	FALSE			Batea
2425	909	370	Phi Sabazios	Sabazios	Barren rock	FALSE	FALSE	FALSE	FALSE	FALSE	moon		Batea
2426	909	370	Madam Hester	Sabazios	Fortune Teller	FALSE	FALSE	FALSE	FALSE	FALSE			Batea
2427	909	370	Tau Sabazios	Sabazios	Alien world	FALSE	FALSE	FALSE	FALSE	FALSE	moon		Batea
2428	909	370	Sigma Sabazios	Sabazios	Artificial moon	FALSE	FALSE	FALSE	FALSE	FALSE	moon		Batea
2429	916	360	Laodamia	Laodamia	Sun	TRUE	TRUE	FALSE	FALSE	FALSE		Sabazios, Neoptolemus, Lyssa	Batea
2430	916	360	Alpha Laodamia	Laodamia	Inferno	FALSE	TRUE	FALSE	FALSE	FALSE			Batea
2431	916	360	Beta Laodamia	Laodamia	Alien world	FALSE	FALSE	FALSE	FALSE	FALSE			Batea
2432	916	360	Gamma Laodamia	Laodamia	Alien world	FALSE	FALSE	FALSE	FALSE	FALSE			Batea
2433	916	360	Delta Laodamia	Laodamia	Terran planet	FALSE	FALSE	FALSE	FALSE	FALSE			Batea
2434	931	369	Neoptolemus	Neoptolemus	Sun	TRUE	TRUE	FALSE	FALSE	FALSE		Laodamia	Batea
2435	931	369	Alpha Neoptolemus	Neoptolemus	Alien world	FALSE	FALSE	FALSE	FALSE	FALSE			Batea
2436	931	369	Beta Neoptolemus	Neoptolemus	Gas giant	FALSE	FALSE	FALSE	FALSE	FALSE			Batea
2437	931	369	Outlet 30582.12109	Neoptolemus	Gus's Gas	FALSE	FALSE	FALSE	FALSE	FALSE			Batea
2438	957	407	Menippe	Menippe	Sun	TRUE	TRUE	FALSE	FALSE	FALSE		Agastrophus, Orphne, Lyssa	Batea
2439	957	407	Alpha Menippe	Menippe	Alien world	FALSE	FALSE	FALSE	FALSE	FALSE			Batea
2440	957	407	Beta Menippe	Menippe	Terran planet	FALSE	FALSE	FALSE	FALSE	FALSE			Batea
2441	957	407	Gamma Menippe	Menippe	Alien world	FALSE	FALSE	FALSE	FALSE	FALSE			Batea
2442	957	407	Delta Menippe	Menippe	Alien world	FALSE	FALSE	FALSE	FALSE	FALSE			Batea
2443	957	407	Upsilon Menippe	Menippe	Artificial moon	FALSE	FALSE	FALSE	FALSE	FALSE	moon		Batea
2444	957	407	Tau Menippe	Menippe	Barren rock	FALSE	FALSE	FALSE	FALSE	FALSE	moon		Batea
2445	957	407	Eta Menippe	Menippe	Terran planet	FALSE	FALSE	FALSE	FALSE	FALSE			Batea
2446	957	407	Madam Rhoda	Menippe	Fortune Teller	FALSE	FALSE	FALSE	FALSE	FALSE			Batea
2447	966	403	Agastrophus	Agastrophus	Sun	TRUE	TRUE	FALSE	FALSE	FALSE		Menippe	Batea
2448	966	403	Alpha Agastrophus	Agastrophus	Gas giant	FALSE	FALSE	FALSE	FALSE	FALSE			Batea
2449	940	419	Orphne	Orphne	Sun	TRUE	TRUE	FALSE	FALSE	FALSE		Menippe, Bolina	Batea
2450	940	419	Alpha Orphne	Orphne	Inferno	FALSE	TRUE	FALSE	FALSE	FALSE			Batea
2451	940	419	Outlet 30856.13737	Orphne	Gus's Gas	FALSE	FALSE	FALSE	FALSE	FALSE			Batea
2452	919	397	Ctesippus	Ctesippus	Sun	TRUE	TRUE	FALSE	FALSE	FALSE		Electryon	Endeïs
2453	919	397	Alpha Ctesippus	Ctesippus	Alien world	FALSE	FALSE	FALSE	FALSE	FALSE			Endeïs
2454	919	397	Restaurant #5082	Ctesippus	Space Burger	FALSE	FALSE	FALSE	FALSE	FALSE	Droid #AE76		Endeïs
2455	919	397	Ctesippus campus	Ctesippus	Heroes Academy	FALSE	FALSE	FALSE	FALSE	FALSE			Endeïs
2456	887	434	Theseus	Theseus	Sun	TRUE	TRUE	FALSE	FALSE	FALSE		Harpalion	Endeïs
2457	887	434	Alpha Theseus	Theseus	Gas giant	FALSE	FALSE	FALSE	FALSE	FALSE			Endeïs
2458	887	434	Psi Theseus	Theseus	Barren rock	FALSE	FALSE	FALSE	FALSE	FALSE	moon		Endeïs
2459	887	434	Gamma Theseus	Theseus	Terran planet	FALSE	FALSE	FALSE	FALSE	FALSE			Endeïs
2460	887	434	Phi Theseus	Theseus	Barren rock	FALSE	FALSE	FALSE	FALSE	FALSE	moon		Endeïs
2461	887	434	Akuj	Theseus	Asteroid belt	FALSE	FALSE	FALSE	FALSE	FALSE			Endeïs
2462	887	434	Zeta Theseus	Theseus	Gas giant	FALSE	FALSE	FALSE	FALSE	FALSE			Endeïs
2463	913	388	Electryon	Electryon	Sun	TRUE	TRUE	FALSE	FALSE	FALSE		Panacea, Ctesippus	Endeïs
2464	913	388	Alpha Electryon	Electryon	Terran planet	FALSE	FALSE	FALSE	FALSE	FALSE			Endeïs
2465	913	388	Beta Electryon	Electryon	Alien world	FALSE	FALSE	FALSE	FALSE	FALSE			Endeïs
2466	913	388	Chi Electryon	Electryon	Artificial moon	FALSE	FALSE	FALSE	FALSE	FALSE	moon		Endeïs
2467	913	388	Phi Electryon	Electryon	Artificial moon	FALSE	FALSE	FALSE	FALSE	FALSE	moon		Endeïs
2468	900	390	Panacea	Panacea	Sun	TRUE	TRUE	FALSE	FALSE	FALSE		Electryon, Rhadamanthys, Carya	Endeïs
2469	900	390	Alpha Panacea	Panacea	Alien world	FALSE	FALSE	FALSE	FALSE	FALSE			Endeïs
2470	900	390	Beta Panacea	Panacea	Terran planet	FALSE	FALSE	FALSE	FALSE	FALSE			Endeïs
2471	900	390	Gamma Panacea	Panacea	Alien world	FALSE	FALSE	FALSE	FALSE	FALSE			Endeïs
2472	900	390	Delta Panacea	Panacea	Terran planet	FALSE	FALSE	FALSE	FALSE	FALSE			Endeïs
2473	900	390	Upsilon Panacea	Panacea	Artificial moon	FALSE	FALSE	FALSE	FALSE	FALSE	moon		Endeïs
2474	901	381	Rhadamanthys	Rhadamanthys	Sun	TRUE	TRUE	FALSE	FALSE	FALSE		Panacea	Endeïs
2475	901	381	Alpha Rhadamanthys	Rhadamanthys	Inferno	FALSE	TRUE	FALSE	FALSE	FALSE			Endeïs
2476	901	381	Beta Rhadamanthys	Rhadamanthys	Alien world	FALSE	FALSE	FALSE	FALSE	FALSE			Endeïs
2477	901	381	Gamma Rhadamanthys	Rhadamanthys	Alien world	FALSE	FALSE	FALSE	FALSE	FALSE			Endeïs
2478	879	397	Carya	Carya	Sun	TRUE	TRUE	FALSE	FALSE	FALSE		Panacea, Celeus	Endeïs
2479	879	397	Alpha Carya	Carya	Gas giant	FALSE	FALSE	TRUE	FALSE	FALSE			Endeïs
2480	879	397	Beta Carya	Carya	Alien world	FALSE	FALSE	FALSE	FALSE	FALSE			Endeïs
2481	879	397	Gamma Carya	Carya	Terran planet	FALSE	FALSE	FALSE	FALSE	FALSE			Endeïs
2482	879	397	Delta Carya	Carya	Alien world	FALSE	FALSE	FALSE	FALSE	FALSE			Endeïs
2483	879	397	Carya station	Carya	Aftermarket Station	FALSE	FALSE	FALSE	FALSE	FALSE			Endeïs
2484	879	397	Tau Carya	Carya	Barren rock	FALSE	FALSE	FALSE	FALSE	FALSE	moon		Endeïs
2485	871	410	Celeus	Celeus	Sun	TRUE	TRUE	FALSE	FALSE	FALSE		Harpalion, Carya	Endeïs
2486	871	410	Alpha Celeus	Celeus	Terran planet	FALSE	FALSE	FALSE	FALSE	FALSE			Endeïs
2487	871	410	Beta Celeus	Celeus	Alien world	FALSE	FALSE	FALSE	FALSE	FALSE			Endeïs
2488	871	410	Gamma Celeus	Celeus	Alien world	FALSE	FALSE	FALSE	FALSE	FALSE			Endeïs
2489	871	410	Delta Celeus	Celeus	Gas giant	FALSE	FALSE	FALSE	FALSE	FALSE			Endeïs
2490	871	410	Epsilon Celeus	Celeus	Terran planet	FALSE	FALSE	FALSE	FALSE	FALSE			Endeïs
2491	881	420	Harpalion	Harpalion	Sun	TRUE	TRUE	FALSE	FALSE	FALSE		Celeus, Teutamides, Theseus, Hodites	Endeïs
2492	881	420	Alpha Harpalion	Harpalion	Gas giant	FALSE	FALSE	FALSE	FALSE	FALSE			Endeïs
2493	881	420	Beta Harpalion	Harpalion	Inferno	FALSE	TRUE	FALSE	FALSE	FALSE			Endeïs
2494	881	420	Gamma Harpalion	Harpalion	Alien world	FALSE	FALSE	FALSE	FALSE	FALSE			Endeïs
2495	881	420	Phi Harpalion	Harpalion	Artificial moon	FALSE	FALSE	FALSE	FALSE	FALSE	moon		Endeïs
2496	881	420	Upsilon Harpalion	Harpalion	Barren rock	FALSE	FALSE	FALSE	FALSE	FALSE	moon		Endeïs
2497	881	420	Tau Harpalion	Harpalion	Barren rock	FALSE	FALSE	FALSE	FALSE	FALSE	moon		Endeïs
2498	881	420	Eta Harpalion	Harpalion	Alien world	FALSE	FALSE	FALSE	FALSE	FALSE			Endeïs
2499	887	424	Teutamides	Teutamides	Sun	TRUE	TRUE	FALSE	FALSE	FALSE		Harpalion	Endeïs
2500	887	424	Alpha Teutamides	Teutamides	Inferno	FALSE	TRUE	FALSE	FALSE	FALSE			Endeïs
2501	903	415	Hodites	Hodites	Sun	TRUE	TRUE	FALSE	FALSE	FALSE		Harpalion, Ctesylla	Endeïs
2502	903	415	Alpha Hodites	Hodites	Gas giant	FALSE	FALSE	FALSE	FALSE	FALSE			Endeïs
2503	903	415	Psi Hodites	Hodites	Artificial moon	FALSE	FALSE	FALSE	FALSE	FALSE	moon		Endeïs
2504	903	415	Hodites dealership	Hodites	Heroware	FALSE	FALSE	FALSE	FALSE	FALSE			Endeïs
2505	903	415	Delta Hodites	Hodites	Gas giant	FALSE	FALSE	FALSE	FALSE	FALSE			Endeïs
2506	903	415	Upsilon Hodites	Hodites	Alien world	FALSE	FALSE	FALSE	FALSE	FALSE	moon		Endeïs
2507	903	415	Zeta Hodites	Hodites	Gas giant	FALSE	FALSE	FALSE	FALSE	FALSE			Endeïs
2508	897	405	Ctesylla	Ctesylla	Sun	TRUE	TRUE	FALSE	FALSE	FALSE		Hodites	Endeïs
2509	897	405	Alpha Ctesylla	Ctesylla	Gas giant	FALSE	FALSE	FALSE	FALSE	FALSE			Endeïs
2510	897	405	Beta Ctesylla	Ctesylla	Gas giant	FALSE	FALSE	FALSE	FALSE	FALSE			Endeïs
2511	872	458	Teleon Majoris	Teleon	Binary Sun	TRUE	TRUE	FALSE	FALSE	FALSE		Aella	Skeiron
2512	872	458	Teleon Minoris	Teleon	Binary Sun	TRUE	TRUE	FALSE	FALSE	FALSE			Skeiron
2513	872	458	Alpha Teleon	Teleon	Terran planet	FALSE	FALSE	FALSE	FALSE	FALSE			Skeiron
2514	872	458	Beta Teleon	Teleon	Alien world	FALSE	FALSE	FALSE	FALSE	FALSE			Skeiron
2515	872	458	Restaurant #6607	Teleon	Space Burger	FALSE	FALSE	FALSE	FALSE	FALSE			Skeiron
2516	872	458	Phi Teleon	Teleon	Artificial moon	FALSE	FALSE	FALSE	FALSE	FALSE	moon		Skeiron
2517	872	458	Epsilon Teleon	Teleon	Alien world	FALSE	FALSE	FALSE	FALSE	FALSE			Skeiron
2518	833	467	Hekaerge Majoris	Hekaerge	Binary Sun	TRUE	TRUE	FALSE	FALSE	FALSE		Aella	Skeiron
2519	833	467	Hekaerge Minoris	Hekaerge	Binary Sun	TRUE	TRUE	FALSE	FALSE	FALSE			Skeiron
2520	833	467	Alpha Hekaerge	Hekaerge	Alien world	FALSE	FALSE	FALSE	FALSE	FALSE			Skeiron
2521	833	467	Beta Hekaerge	Hekaerge	Terran planet	FALSE	FALSE	FALSE	FALSE	FALSE			Skeiron
2522	833	467	Gamma Hekaerge	Hekaerge	Alien world	FALSE	FALSE	FALSE	FALSE	FALSE			Skeiron
2523	833	467	Delta Hekaerge	Hekaerge	Terran planet	FALSE	FALSE	FALSE	FALSE	FALSE			Skeiron
2524	878	437	Oicles	Oicles	Sun	TRUE	TRUE	FALSE	FALSE	FALSE		Cinyras	Skeiron
2525	878	437	Alpha Oicles	Oicles	Inferno	FALSE	TRUE	FALSE	FALSE	FALSE			Skeiron
2526	878	437	Outlet 28803.14350	Oicles	Gus's Gas	FALSE	FALSE	FALSE	FALSE	FALSE			Skeiron
2527	878	437	Gamma Oicles	Oicles	Terran planet	FALSE	FALSE	FALSE	FALSE	FALSE			Skeiron
2528	878	437	Phi Oicles	Oicles	Artificial moon	FALSE	FALSE	FALSE	FALSE	FALSE	moon		Skeiron
2529	934	445	Gerana	Gerana	Sun	TRUE	TRUE	FALSE	FALSE	FALSE		Lycorus	Skeiron
2530	934	445	Alpha Gerana	Gerana	Gas giant	FALSE	FALSE	FALSE	FALSE	FALSE			Skeiron
2531	934	445	Madam Olympia	Gerana	Fortune Teller	FALSE	FALSE	FALSE	FALSE	FALSE			Skeiron
2532	920	450	Lycorus	Lycorus	Sun	TRUE	TRUE	FALSE	FALSE	FALSE		Gerana, Momus, Eurycyda	Skeiron
2533	920	450	Alpha Lycorus	Lycorus	Alien world	FALSE	FALSE	FALSE	FALSE	FALSE			Skeiron
2534	920	450	Beta Lycorus	Lycorus	Alien world	FALSE	FALSE	FALSE	FALSE	FALSE			Skeiron
2535	920	450	Gamma Lycorus	Lycorus	Gas giant	FALSE	FALSE	FALSE	FALSE	FALSE			Skeiron
2536	920	450	Delta Lycorus	Lycorus	Gas giant	FALSE	FALSE	FALSE	FALSE	FALSE			Skeiron
2537	913	455	Momus	Momus	Sun	TRUE	TRUE	FALSE	FALSE	FALSE		Lycorus	Skeiron
2538	913	455	Alpha Momus	Momus	Alien world	FALSE	FALSE	FALSE	FALSE	FALSE			Skeiron
2539	913	455	Beta Momus	Momus	Gas giant	FALSE	FALSE	FALSE	FALSE	FALSE			Skeiron
2540	901	451	Eurycyda	Eurycyda	Sun	TRUE	TRUE	FALSE	FALSE	FALSE		Aella, Lycorus	Skeiron
2541	901	451	Alpha Eurycyda	Eurycyda	Alien world	FALSE	FALSE	FALSE	FALSE	FALSE			Skeiron
2542	901	451	Psi Eurycyda	Eurycyda	Artificial moon	FALSE	FALSE	FALSE	FALSE	FALSE	moon		Skeiron
2543	901	451	Chi Eurycyda	Eurycyda	Alien world	FALSE	FALSE	TRUE	FALSE	FALSE	moon		Skeiron
2544	901	451	Phi Eurycyda	Eurycyda	Barren rock	FALSE	FALSE	FALSE	FALSE	FALSE	moon		Skeiron
2545	901	451	Upsilon Eurycyda	Eurycyda	Alien world	FALSE	FALSE	FALSE	FALSE	FALSE	moon		Skeiron
2546	901	451	Zeta Eurycyda	Eurycyda	Alien world	FALSE	FALSE	TRUE	FALSE	FALSE			Skeiron
2547	901	451	Sigma Eurycyda	Eurycyda	Barren rock	FALSE	FALSE	FALSE	FALSE	FALSE	moon		Skeiron
2548	901	451	Eurycyda campus	Eurycyda	Heroes Academy	FALSE	FALSE	FALSE	FALSE	FALSE			Skeiron
2549	901	451	Iota Eurycyda	Eurycyda	Frozen wasteland	FALSE	FALSE	FALSE	TRUE	FALSE			Skeiron
2550	901	451	Kappa Eurycyda	Eurycyda	Alien world	FALSE	FALSE	FALSE	FALSE	FALSE			Skeiron
2551	901	451	Lambda Eurycyda	Eurycyda	Frozen wasteland	FALSE	FALSE	FALSE	TRUE	FALSE			Skeiron
2552	871	433	Cinyras	Cinyras	Sun	TRUE	TRUE	FALSE	FALSE	FALSE		Aella, Oicles	Skeiron
2553	871	433	Alpha Cinyras	Cinyras	Terran planet	FALSE	FALSE	FALSE	FALSE	FALSE			Skeiron
2554	871	433	Beta Cinyras	Cinyras	Terran planet	FALSE	FALSE	FALSE	FALSE	FALSE			Skeiron
2555	871	433	Gamma Cinyras	Cinyras	Terran planet	FALSE	FALSE	FALSE	FALSE	FALSE			Skeiron
2556	871	433	Delta Cinyras	Cinyras	Alien world	FALSE	FALSE	TRUE	FALSE	FALSE			Skeiron
2557	871	433	Epsilon Cinyras	Cinyras	Alien world	FALSE	FALSE	FALSE	FALSE	FALSE			Skeiron
2558	867	445	Aella	Aella	Sun	TRUE	TRUE	FALSE	FALSE	FALSE		Hekaerge, Harpocrates, Cinyras, Teleon, Eurycyda	Skeiron
2559	867	445	Alpha Aella	Aella	Terran planet	FALSE	FALSE	FALSE	FALSE	FALSE			Skeiron
2560	867	445	Beta Aella	Aella	Gas giant	FALSE	FALSE	FALSE	FALSE	FALSE			Skeiron
2561	867	445	Gamma Aella	Aella	Alien world	FALSE	FALSE	FALSE	FALSE	FALSE			Skeiron
2562	867	445	Delta Aella	Aella	Terran planet	FALSE	FALSE	FALSE	FALSE	FALSE			Skeiron
2563	867	445	Upsilon Aella	Aella	Barren rock	FALSE	FALSE	FALSE	FALSE	FALSE	moon		Skeiron
2564	867	445	Zeta Aella	Aella	Gas giant	FALSE	FALSE	FALSE	FALSE	FALSE			Skeiron
2565	858	442	Harpocrates	Harpocrates	Sun	TRUE	TRUE	FALSE	FALSE	FALSE		Phoroneus, Aella	Skeiron
2566	858	442	Alpha Harpocrates	Harpocrates	Gas giant	FALSE	FALSE	TRUE	FALSE	FALSE			Skeiron
2567	858	442	Beta Harpocrates	Harpocrates	Alien world	FALSE	FALSE	FALSE	FALSE	FALSE			Skeiron
2568	858	442	Gamma Harpocrates	Harpocrates	Terran planet	FALSE	FALSE	FALSE	FALSE	FALSE			Skeiron
2569	858	442	Delta Harpocrates	Harpocrates	Gas giant	FALSE	FALSE	TRUE	FALSE	FALSE			Skeiron
2570	856	434	Phoroneus	Phoroneus	Sun	TRUE	TRUE	FALSE	FALSE	FALSE		Harpocrates	Skeiron
2571	856	434	Alpha Phoroneus	Phoroneus	Gas giant	FALSE	FALSE	FALSE	FALSE	FALSE			Skeiron
2572	856	434	Beta Phoroneus	Phoroneus	Inferno	FALSE	TRUE	FALSE	FALSE	FALSE			Skeiron
2573	856	434	Chi Phoroneus	Phoroneus	Artificial moon	FALSE	FALSE	FALSE	FALSE	FALSE	moon		Skeiron
2574	856	434	Delta Phoroneus	Phoroneus	Alien world	FALSE	FALSE	FALSE	FALSE	FALSE			Skeiron
2575	856	434	Upsilon Phoroneus	Phoroneus	Barren rock	FALSE	FALSE	FALSE	FALSE	FALSE	moon		Skeiron
2576	856	434	Tau Phoroneus	Phoroneus	Alien world	FALSE	FALSE	FALSE	FALSE	FALSE	moon		Skeiron
2577	856	434	Eta Phoroneus	Phoroneus	Alien world	FALSE	FALSE	FALSE	FALSE	FALSE			Skeiron
2578	908	515	Macaria	Macaria	Sun	TRUE	TRUE	FALSE	FALSE	FALSE		Midas	Clinis
2579	908	515	Alpha Macaria	Macaria	Inferno	FALSE	TRUE	TRUE	FALSE	FALSE			Clinis
2580	908	515	Restaurant #5112	Macaria	Space Burger	FALSE	FALSE	FALSE	FALSE	FALSE	Droid #10C3 and Droid #E92C		Clinis
2581	908	515	Outlet 29837.16896	Macaria	Gus's Gas	FALSE	FALSE	FALSE	FALSE	FALSE			Clinis
2582	963	486	Imbrius	Imbrius	Sun	TRUE	TRUE	FALSE	FALSE	FALSE		Phemius	Clinis
2583	963	486	Alpha Imbrius	Imbrius	Gas giant	FALSE	FALSE	FALSE	FALSE	FALSE			Clinis
2584	963	486	Imbrius campus	Imbrius	Heroes Academy	FALSE	FALSE	FALSE	FALSE	FALSE			Clinis
2585	963	486	Gamma Imbrius	Imbrius	Terran planet	FALSE	FALSE	FALSE	FALSE	FALSE			Clinis
2586	963	486	Luamerava	Imbrius	Asteroid belt	FALSE	FALSE	FALSE	TRUE	FALSE			Clinis
2587	908	526	Midas	Midas	Sun	TRUE	TRUE	FALSE	FALSE	FALSE		Melas, Macaria	Clinis
2588	908	526	Alpha Midas	Midas	Alien world	FALSE	FALSE	FALSE	FALSE	FALSE			Clinis
2589	908	526	Beta Midas	Midas	Terran planet	FALSE	FALSE	FALSE	FALSE	FALSE			Clinis
2590	908	526	Midas dealership	Midas	Heroware	FALSE	FALSE	FALSE	FALSE	FALSE			Clinis
2591	908	526	Phi Midas	Midas	Artificial moon	FALSE	FALSE	FALSE	FALSE	FALSE	moon		Clinis
2592	908	526	Epsilon Midas	Midas	Gas giant	FALSE	FALSE	FALSE	FALSE	FALSE			Clinis
2593	877	529	Melas	Melas	Sun	TRUE	TRUE	FALSE	FALSE	FALSE		Aegyptus, Midas, Priapus	Clinis
2594	877	529	Alpha Melas	Melas	Inferno	FALSE	TRUE	FALSE	FALSE	FALSE			Clinis
2595	877	529	Melas campus	Melas	Heroes Academy	FALSE	FALSE	FALSE	FALSE	FALSE			Clinis
2596	877	529	Gamma Melas	Melas	Alien world	FALSE	FALSE	TRUE	FALSE	FALSE			Clinis
2597	877	529	Delta Melas	Melas	Alien world	FALSE	FALSE	FALSE	FALSE	FALSE			Clinis
2598	877	529	Epsilon Melas	Melas	Frozen wasteland	FALSE	FALSE	FALSE	TRUE	FALSE			Clinis
2599	877	529	Zeta Melas	Melas	Gas giant	FALSE	FALSE	FALSE	FALSE	FALSE			Clinis
2600	890	521	Aegyptus	Aegyptus	Sun	TRUE	TRUE	FALSE	FALSE	FALSE		Melas	Clinis
2601	890	521	Alpha Aegyptus	Aegyptus	Terran planet	FALSE	FALSE	FALSE	FALSE	FALSE			Clinis
2602	890	521	Aegyptus station	Aegyptus	Aftermarket Station	FALSE	FALSE	FALSE	FALSE	FALSE			Clinis
2603	890	521	Gamma Aegyptus	Aegyptus	Alien world	FALSE	FALSE	FALSE	FALSE	FALSE			Clinis
2604	890	521	Phi Aegyptus	Aegyptus	Barren rock	FALSE	FALSE	FALSE	FALSE	FALSE	moon		Clinis
2605	909	471	Priapus	Priapus	Sun	TRUE	TRUE	FALSE	FALSE	FALSE		Melas, Phemius, Cyanippus	Clinis
2606	909	471	Alpha Priapus	Priapus	Inferno	FALSE	TRUE	FALSE	FALSE	FALSE			Clinis
2607	909	471	Beta Priapus	Priapus	Alien world	FALSE	FALSE	FALSE	FALSE	FALSE			Clinis
2608	909	471	Gamma Priapus	Priapus	Alien world	FALSE	FALSE	TRUE	FALSE	FALSE			Clinis
2609	909	471	Phi Priapus	Priapus	Alien world	FALSE	FALSE	FALSE	FALSE	FALSE	moon		Clinis
2610	909	471	Epsilon Priapus	Priapus	Terran planet	FALSE	FALSE	FALSE	FALSE	FALSE			Clinis
2611	909	471	Zeta Priapus	Priapus	Gas giant	FALSE	FALSE	FALSE	FALSE	FALSE			Clinis
2612	914	464	Phemius	Phemius	Sun	TRUE	TRUE	FALSE	FALSE	FALSE		Priapus, Imbrius	Clinis
2613	914	464	Alpha Phemius	Phemius	Gas giant	FALSE	FALSE	TRUE	FALSE	FALSE			Clinis
2614	914	464	Beta Phemius	Phemius	Terran planet	FALSE	FALSE	FALSE	FALSE	FALSE			Clinis
2615	914	464	Gamma Phemius	Phemius	Alien world	FALSE	FALSE	FALSE	FALSE	FALSE			Clinis
2616	914	464	Delta Phemius	Phemius	Terran planet	FALSE	FALSE	FALSE	FALSE	FALSE			Clinis
2617	914	464	Upsilon Phemius	Phemius	Alien world	FALSE	FALSE	FALSE	FALSE	FALSE	moon		Clinis
2618	914	464	Tau Phemius	Phemius	Alien world	FALSE	FALSE	FALSE	FALSE	FALSE	moon		Clinis
2619	882	483	Cyanippus	Cyanippus	Sun	TRUE	TRUE	FALSE	FALSE	FALSE		Enyeus, Priapus	Clinis
2620	882	483	Alpha Cyanippus	Cyanippus	Terran planet	FALSE	FALSE	FALSE	FALSE	FALSE			Clinis
2621	882	483	Beta Cyanippus	Cyanippus	Gas giant	FALSE	FALSE	FALSE	FALSE	FALSE			Clinis
2622	882	483	Gamma Cyanippus	Cyanippus	Alien world	FALSE	FALSE	FALSE	FALSE	FALSE			Clinis
2623	882	483	Delta Cyanippus	Cyanippus	Gas giant	FALSE	FALSE	FALSE	FALSE	FALSE			Clinis
2624	878	498	Enyeus	Enyeus	Sun	TRUE	TRUE	FALSE	FALSE	FALSE		Cyanippus	Clinis
2625	878	498	Alpha Enyeus	Enyeus	Gas giant	FALSE	FALSE	FALSE	FALSE	FALSE			Clinis
2626	878	498	Madam Sadira	Enyeus	Fortune Teller	FALSE	FALSE	FALSE	FALSE	FALSE			Clinis
2627	878	498	Gamma Enyeus	Enyeus	Gas giant	FALSE	FALSE	FALSE	FALSE	FALSE			Clinis
2628	878	498	Delta Enyeus	Enyeus	Gas giant	FALSE	FALSE	FALSE	FALSE	FALSE			Clinis
2629	913	632	Karkinos	Karkinos	Sun	TRUE	TRUE	FALSE	FALSE	FALSE		Eurydamas, Pylaemenes	Parthenope
2630	913	632	Alpha Karkinos	Karkinos	Terran planet	FALSE	FALSE	FALSE	FALSE	FALSE			Parthenope
2631	913	632	Psi Karkinos	Karkinos	Alien world	FALSE	FALSE	FALSE	FALSE	FALSE	moon		Parthenope
2632	913	632	Chi Karkinos	Karkinos	Artificial moon	FALSE	FALSE	FALSE	FALSE	FALSE	moon		Parthenope
2633	913	632	Delta Karkinos	Karkinos	Alien world	FALSE	FALSE	FALSE	FALSE	FALSE			Parthenope
2634	913	632	Epsilon Karkinos	Karkinos	Terran planet	FALSE	FALSE	FALSE	FALSE	FALSE			Parthenope
2635	913	632	Zeta Karkinos	Karkinos	Alien world	FALSE	FALSE	FALSE	FALSE	FALSE			Parthenope
2636	913	632	Karkinos station	Karkinos	Aftermarket Station	FALSE	FALSE	FALSE	FALSE	FALSE			Parthenope
2637	913	632	Theta Karkinos	Karkinos	Alien world	FALSE	FALSE	FALSE	FALSE	FALSE			Parthenope
2638	913	632	Vabi Rano	Karkinos	Asteroid belt	FALSE	FALSE	FALSE	TRUE	FALSE			Parthenope
2639	910	656	Eurydamas	Eurydamas	Sun	TRUE	TRUE	FALSE	FALSE	FALSE		Karkinos	Parthenope
2640	910	656	Alpha Eurydamas	Eurydamas	Gas giant	FALSE	FALSE	FALSE	FALSE	FALSE			Parthenope
2641	910	656	Beta Eurydamas	Eurydamas	Gas giant	FALSE	FALSE	FALSE	FALSE	FALSE			Parthenope
2642	910	656	Gamma Eurydamas	Eurydamas	Alien world	FALSE	FALSE	FALSE	FALSE	FALSE			Parthenope
2643	873	609	Crisus	Crisus	Sun	TRUE	TRUE	FALSE	FALSE	FALSE		Argia	Parthenope
2644	873	609	Alpha Crisus	Crisus	Alien world	FALSE	FALSE	TRUE	FALSE	FALSE			Parthenope
2645	873	609	Beta Crisus	Crisus	Alien world	FALSE	FALSE	FALSE	FALSE	FALSE			Parthenope
2646	873	609	Gamma Crisus	Crisus	Alien world	FALSE	FALSE	FALSE	FALSE	FALSE			Parthenope
2647	873	609	Crisus campus	Crisus	Heroes Academy	FALSE	FALSE	FALSE	FALSE	FALSE			Parthenope
2648	873	609	Outlet 28713.19964	Crisus	Gus's Gas	FALSE	FALSE	FALSE	FALSE	FALSE			Parthenope
2649	867	618	Argia	Argia	Sun	TRUE	TRUE	FALSE	FALSE	FALSE		Crisus, Pylaemenes	Parthenope
2650	867	618	Alpha Argia	Argia	Terran planet	FALSE	FALSE	FALSE	FALSE	FALSE			Parthenope
2651	867	618	Beta Argia	Argia	Alien world	FALSE	FALSE	TRUE	FALSE	FALSE			Parthenope
2652	867	618	Gamma Argia	Argia	Terran planet	FALSE	FALSE	FALSE	FALSE	FALSE			Parthenope
2653	867	618	Phi Argia	Argia	Alien world	FALSE	FALSE	FALSE	FALSE	FALSE	moon		Parthenope
2654	912	615	Pylaemenes	Pylaemenes	Sun	TRUE	TRUE	FALSE	FALSE	FALSE		Argia, Karkinos, Eumedes	Parthenope
2655	912	615	Alpha Pylaemenes	Pylaemenes	Alien world	FALSE	FALSE	FALSE	FALSE	FALSE			Parthenope
2656	912	615	Beta Pylaemenes	Pylaemenes	Alien world	FALSE	FALSE	FALSE	FALSE	FALSE			Parthenope
2657	912	615	Chi Pylaemenes	Pylaemenes	Artificial moon	FALSE	FALSE	FALSE	FALSE	FALSE	moon		Parthenope
2658	912	615	Delta Pylaemenes	Pylaemenes	Alien world	FALSE	FALSE	FALSE	FALSE	FALSE			Parthenope
2659	912	615	Epsilon Pylaemenes	Pylaemenes	Alien world	FALSE	FALSE	FALSE	FALSE	FALSE			Parthenope
2660	912	615	Tau Pylaemenes	Pylaemenes	Alien world	FALSE	FALSE	FALSE	FALSE	FALSE	moon		Parthenope
2661	912	615	Sigma Pylaemenes	Pylaemenes	Alien world	FALSE	FALSE	FALSE	FALSE	FALSE	moon		Parthenope
2662	912	615	Rho Pylaemenes	Pylaemenes	Artificial moon	FALSE	FALSE	FALSE	FALSE	FALSE	moon		Parthenope
2663	912	615	Pi Pylaemenes	Pylaemenes	Barren rock	FALSE	FALSE	TRUE	FALSE	FALSE	moon		Parthenope
2664	912	615	Kappa Pylaemenes	Pylaemenes	Frozen wasteland	FALSE	FALSE	TRUE	TRUE	FALSE			Parthenope
2665	930	555	Eumedes	Eumedes	Sun	TRUE	TRUE	FALSE	FALSE	FALSE		Pylaemenes, Nilus, Nausithous, Theoclymeneus	Parthenope
2666	930	555	Alpha Eumedes	Eumedes	Gas giant	FALSE	FALSE	FALSE	FALSE	FALSE			Parthenope
2667	930	555	Beta Eumedes	Eumedes	Gas giant	FALSE	FALSE	FALSE	FALSE	FALSE			Parthenope
2668	930	555	Gamma Eumedes	Eumedes	Gas giant	FALSE	FALSE	FALSE	FALSE	FALSE			Parthenope
2669	930	555	Delta Eumedes	Eumedes	Frozen wasteland	FALSE	FALSE	TRUE	TRUE	FALSE			Parthenope
2670	930	555	Upsilon Eumedes	Eumedes	Barren rock	FALSE	FALSE	FALSE	FALSE	FALSE	moon		Parthenope
2671	930	555	Madam Zelena	Eumedes	Fortune Teller	FALSE	FALSE	FALSE	FALSE	FALSE			Parthenope
2672	930	555	Eumedes station	Eumedes	Aftermarket Station	FALSE	FALSE	FALSE	FALSE	FALSE			Parthenope
2673	918	560	Nausithous	Nausithous	Sun	TRUE	TRUE	FALSE	FALSE	FALSE		Eumedes	Parthenope
2674	918	560	Alpha Nausithous	Nausithous	Gas giant	FALSE	FALSE	FALSE	FALSE	FALSE			Parthenope
2675	933	568	Nilus	Nilus	Sun	TRUE	TRUE	FALSE	FALSE	FALSE		Formion, Eumedes	Parthenope
2676	933	568	Alpha Nilus	Nilus	Alien world	FALSE	FALSE	FALSE	FALSE	FALSE			Parthenope
2677	933	568	Beta Nilus	Nilus	Inferno	FALSE	TRUE	FALSE	FALSE	FALSE			Parthenope
2678	933	568	Gamma Nilus	Nilus	Alien world	FALSE	FALSE	FALSE	FALSE	FALSE			Parthenope
2679	907	577	Formion	Formion	Sun	TRUE	TRUE	FALSE	FALSE	FALSE		Nilus	Parthenope
2680	907	577	Alpha Formion	Formion	Alien world	FALSE	FALSE	FALSE	FALSE	FALSE			Parthenope
2681	907	577	Psi Formion	Formion	Artificial moon	FALSE	FALSE	FALSE	FALSE	FALSE	moon		Parthenope
2682	907	577	Gamma Formion	Formion	Alien world	FALSE	FALSE	FALSE	FALSE	FALSE			Parthenope
2683	907	577	Outlet 29798.18937	Formion	Gus's Gas	FALSE	FALSE	FALSE	FALSE	FALSE			Parthenope
2684	962	597	Theoclymeneus	Theoclymeneus	Sun	TRUE	TRUE	FALSE	FALSE	FALSE		Eumedes, Mnemosyne, Medea, Phineus	Parthenope
2685	962	597	Alpha Theoclymeneus	Theoclymeneus	Inferno	FALSE	TRUE	FALSE	FALSE	FALSE			Parthenope
2686	962	597	Psi Theoclymeneus	Theoclymeneus	Artificial moon	FALSE	FALSE	FALSE	FALSE	FALSE	moon		Parthenope
2687	962	597	Gamma Theoclymeneus	Theoclymeneus	Terran planet	FALSE	FALSE	FALSE	FALSE	FALSE			Parthenope
2688	962	597	Delta Theoclymeneus	Theoclymeneus	Alien world	FALSE	FALSE	FALSE	FALSE	FALSE			Parthenope
2689	947	595	Mnemosyne	Mnemosyne	Sun	TRUE	TRUE	FALSE	FALSE	FALSE		Theoclymeneus	Parthenope
2690	947	595	Alpha Mnemosyne	Mnemosyne	Inferno	FALSE	TRUE	FALSE	FALSE	FALSE			Parthenope
2691	947	595	Beta Mnemosyne	Mnemosyne	Terran planet	FALSE	FALSE	FALSE	FALSE	FALSE			Parthenope
2692	947	595	Gamma Mnemosyne	Mnemosyne	Alien world	FALSE	FALSE	FALSE	FALSE	FALSE			Parthenope
2693	966	601	Medea	Medea	Sun	TRUE	TRUE	FALSE	FALSE	FALSE		Theoclymeneus	Parthenope
2694	966	601	Alpha Medea	Medea	Alien world	FALSE	FALSE	FALSE	FALSE	FALSE			Parthenope
2695	966	601	Outlet 31698.19721	Medea	Gus's Gas	FALSE	FALSE	FALSE	FALSE	FALSE			Parthenope
2696	966	601	Medea station	Medea	Aftermarket Station	FALSE	FALSE	FALSE	FALSE	FALSE			Parthenope
2697	970	586	Phineus	Phineus	Sun	TRUE	TRUE	FALSE	FALSE	FALSE		Theoclymeneus	Parthenope
2698	970	586	Alpha Phineus	Phineus	Alien world	FALSE	FALSE	FALSE	FALSE	FALSE			Parthenope
2699	970	586	Beta Phineus	Phineus	Terran planet	FALSE	FALSE	FALSE	FALSE	FALSE			Parthenope
2700	970	586	Gamma Phineus	Phineus	Alien world	FALSE	FALSE	FALSE	FALSE	FALSE			Parthenope
2701	970	586	Phi Phineus	Phineus	Artificial moon	FALSE	FALSE	FALSE	FALSE	FALSE	moon		Parthenope
2702	748	439	Schedius	Schedius	Sun	TRUE	TRUE	FALSE	FALSE	FALSE		Praxidike, Astypalaea, Tartarus	Thestor
2703	748	439	Alpha Schedius	Schedius	Terran planet	FALSE	FALSE	FALSE	FALSE	FALSE			Thestor
2704	748	439	Beta Schedius	Schedius	Alien world	FALSE	FALSE	FALSE	FALSE	FALSE			Thestor
2705	748	439	Gamma Schedius	Schedius	Gas giant	FALSE	FALSE	FALSE	FALSE	FALSE			Thestor
2706	748	439	Delta Schedius	Schedius	Alien world	FALSE	FALSE	FALSE	FALSE	FALSE			Thestor
2707	748	439	Epsilon Schedius	Schedius	Terran planet	FALSE	FALSE	FALSE	FALSE	FALSE			Thestor
2708	748	439	Restaurant #8942	Schedius	Space Burger	FALSE	FALSE	FALSE	FALSE	FALSE	Droid #03B7 and Droid #B858		Thestor
2709	748	439	Outlet 24626.14390	Schedius	Gus's Gas	FALSE	FALSE	FALSE	FALSE	FALSE			Thestor
2710	806	438	Myrrha	Myrrha	Sun	TRUE	TRUE	FALSE	FALSE	FALSE		Tartarus, Aesacus	Thestor
2711	806	438	Alpha Myrrha	Myrrha	Alien world	FALSE	FALSE	FALSE	FALSE	FALSE			Thestor
2712	806	438	Psi Myrrha	Myrrha	Alien world	FALSE	FALSE	FALSE	FALSE	FALSE	moon		Thestor
2713	806	438	Chi Myrrha	Myrrha	Alien world	FALSE	FALSE	FALSE	FALSE	FALSE	moon		Thestor
2714	806	438	Delta Myrrha	Myrrha	Gas giant	FALSE	FALSE	FALSE	FALSE	FALSE			Thestor
2715	806	438	Epsilon Myrrha	Myrrha	Gas giant	FALSE	FALSE	FALSE	FALSE	FALSE			Thestor
2716	806	438	Zeta Myrrha	Myrrha	Alien world	FALSE	FALSE	FALSE	FALSE	FALSE			Thestor
2717	806	438	Restaurant #1809	Myrrha	Space Burger	FALSE	FALSE	FALSE	FALSE	FALSE			Thestor
2718	806	438	Kombu Bantu	Myrrha	Asteroid belt	FALSE	FALSE	FALSE	TRUE	FALSE			Thestor
2719	806	438	Myrrha campus	Myrrha	Heroes Academy	FALSE	FALSE	FALSE	FALSE	FALSE			Thestor
2720	708	423	Soteria	Soteria	Sun	TRUE	TRUE	FALSE	FALSE	FALSE		Praxidike	Thestor
2721	708	423	Alpha Soteria	Soteria	Gas giant	FALSE	FALSE	FALSE	FALSE	FALSE			Thestor
2722	708	423	Soteria campus	Soteria	Heroes Academy	FALSE	FALSE	FALSE	FALSE	FALSE			Thestor
2723	708	423	Nzambi	Soteria	Asteroid belt	FALSE	FALSE	FALSE	TRUE	FALSE			Thestor
2724	708	423	Madam Astraea	Soteria	Fortune Teller	FALSE	FALSE	FALSE	FALSE	FALSE			Thestor
2725	797	513	Orion	Orion	Sun	TRUE	TRUE	FALSE	FALSE	FALSE		Tithonus	Thestor
2726	797	513	Alpha Orion	Orion	Inferno	FALSE	TRUE	FALSE	FALSE	FALSE			Thestor
2727	797	513	Beta Orion	Orion	Alien world	FALSE	FALSE	FALSE	FALSE	FALSE			Thestor
2728	797	513	Gamma Orion	Orion	Gas giant	FALSE	FALSE	FALSE	FALSE	FALSE			Thestor
2729	797	513	Phi Orion	Orion	Alien world	FALSE	FALSE	FALSE	FALSE	FALSE	moon		Thestor
2730	797	513	Upsilon Orion	Orion	Barren rock	FALSE	FALSE	TRUE	FALSE	FALSE	moon		Thestor
2731	797	513	Tau Orion	Orion	Artificial moon	FALSE	FALSE	FALSE	FALSE	FALSE	moon		Thestor
2732	797	513	Sigma Orion	Orion	Artificial moon	FALSE	FALSE	FALSE	FALSE	FALSE	moon		Thestor
2733	813	458	Tithonus	Tithonus	Sun	TRUE	TRUE	FALSE	FALSE	FALSE		Aesacus, Orion	Thestor
2734	813	458	Alpha Tithonus	Tithonus	Terran planet	FALSE	FALSE	FALSE	FALSE	FALSE			Thestor
2735	813	458	Psi Tithonus	Tithonus	Barren rock	FALSE	FALSE	TRUE	FALSE	FALSE	moon		Thestor
2736	813	458	Chi Tithonus	Tithonus	Alien world	FALSE	FALSE	FALSE	FALSE	FALSE	moon		Thestor
2737	813	458	Delta Tithonus	Tithonus	Alien world	FALSE	FALSE	FALSE	FALSE	FALSE			Thestor
2738	813	458	Epsilon Tithonus	Tithonus	Gas giant	FALSE	FALSE	FALSE	FALSE	FALSE			Thestor
2739	813	458	Madam Theodosia	Tithonus	Fortune Teller	FALSE	FALSE	FALSE	FALSE	FALSE			Thestor
2740	800	448	Aesacus	Aesacus	Sun	TRUE	TRUE	FALSE	FALSE	FALSE		Tithonus, Myrrha	Thestor
2741	800	448	Alpha Aesacus	Aesacus	Alien world	FALSE	FALSE	FALSE	FALSE	FALSE			Thestor
2742	800	448	Aesacus dealership	Aesacus	Heroware	FALSE	FALSE	FALSE	FALSE	FALSE			Thestor
2743	800	448	Gamma Aesacus	Aesacus	Alien world	FALSE	FALSE	FALSE	FALSE	FALSE			Thestor
2744	800	448	Outlet 26293.14709	Aesacus	Gus's Gas	FALSE	FALSE	FALSE	FALSE	FALSE			Thestor
2745	800	448	Epsilon Aesacus	Aesacus	Terran planet	FALSE	FALSE	FALSE	FALSE	FALSE			Thestor
2746	800	448	Aesacus station	Aesacus	Aftermarket Station	FALSE	FALSE	FALSE	FALSE	FALSE			Thestor
2747	800	448	Eta Aesacus	Aesacus	Gas giant	FALSE	FALSE	FALSE	FALSE	FALSE			Thestor
2748	793	434	Tartarus	Tartarus	Sun	TRUE	TRUE	FALSE	FALSE	FALSE		Schedius, Myrrha	Thestor
2749	793	434	Alpha Tartarus	Tartarus	Inferno	FALSE	TRUE	FALSE	FALSE	FALSE			Thestor
2750	793	434	Beta Tartarus	Tartarus	Terran planet	FALSE	FALSE	FALSE	FALSE	FALSE			Thestor
2751	793	434	Gamma Tartarus	Tartarus	Frozen wasteland	FALSE	FALSE	FALSE	TRUE	FALSE			Thestor
2752	793	434	Delta Tartarus	Tartarus	Alien world	FALSE	FALSE	FALSE	FALSE	FALSE			Thestor
2753	793	434	Epsilon Tartarus	Tartarus	Gas giant	FALSE	FALSE	FALSE	FALSE	FALSE			Thestor
2754	728	435	Praxidike	Praxidike	Sun	TRUE	TRUE	FALSE	FALSE	FALSE		Soteria, Schedius	Thestor
2755	728	435	Alpha Praxidike	Praxidike	Alien world	FALSE	FALSE	FALSE	FALSE	FALSE			Thestor
2756	728	435	Beta Praxidike	Praxidike	Terran planet	FALSE	FALSE	FALSE	FALSE	FALSE			Thestor
2757	737	411	Astypalaea	Astypalaea	Sun	TRUE	TRUE	FALSE	FALSE	FALSE		Schedius, Itonus	Thestor
2758	737	411	Alpha Astypalaea	Astypalaea	Alien world	FALSE	FALSE	FALSE	FALSE	FALSE			Thestor
2759	737	411	Beta Astypalaea	Astypalaea	Alien world	FALSE	FALSE	TRUE	FALSE	FALSE			Thestor
2760	737	411	Gamma Astypalaea	Astypalaea	Alien world	FALSE	FALSE	FALSE	FALSE	FALSE			Thestor
2761	744	398	Itonus	Itonus	Sun	TRUE	TRUE	FALSE	FALSE	FALSE		Astypalaea	Thestor
2762	744	398	Alpha Itonus	Itonus	Terran planet	FALSE	FALSE	FALSE	FALSE	FALSE			Thestor
2763	744	398	Psi Itonus	Itonus	Artificial moon	FALSE	FALSE	FALSE	FALSE	FALSE	moon		Thestor
2764	703	506	Budeia	Budeia	Sun	TRUE	TRUE	FALSE	FALSE	FALSE		Theophane	Eurymachus
2765	703	506	Inkosazana	Budeia	Asteroid belt	FALSE	TRUE	FALSE	FALSE	FALSE			Eurymachus
2766	703	506	Outlet 23078.16608	Budeia	Gus's Gas	FALSE	FALSE	FALSE	FALSE	FALSE			Eurymachus
2767	703	506	Gamma Budeia	Budeia	Inferno	FALSE	TRUE	FALSE	FALSE	FALSE			Eurymachus
2768	715	476	Theophane	Theophane	Sun	TRUE	TRUE	FALSE	FALSE	FALSE		Budeia, Alectrona	Eurymachus
2769	715	476	Alpha Theophane	Theophane	Terran planet	FALSE	FALSE	FALSE	FALSE	FALSE			Eurymachus
2770	715	476	Beta Theophane	Theophane	Alien world	FALSE	FALSE	FALSE	FALSE	FALSE			Eurymachus
2771	715	476	Theophane dealership	Theophane	Heroware	FALSE	FALSE	FALSE	FALSE	FALSE			Eurymachus
2772	715	476	Delta Theophane	Theophane	Alien world	FALSE	FALSE	FALSE	FALSE	FALSE			Eurymachus
2773	715	476	Epsilon Theophane	Theophane	Terran planet	FALSE	FALSE	FALSE	FALSE	FALSE			Eurymachus
2774	715	476	Zeta Theophane	Theophane	Gas giant	FALSE	FALSE	FALSE	FALSE	FALSE			Eurymachus
2775	718	483	Alectrona	Alectrona	Sun	TRUE	TRUE	FALSE	FALSE	FALSE		Theophane	Eurymachus
2776	718	483	Alpha Alectrona	Alectrona	Gas giant	FALSE	FALSE	FALSE	FALSE	FALSE			Eurymachus
2777	832	566	Na'ininen	Na'ininen	Wormhole	TRUE	FALSE	FALSE	FALSE	TRUE			Na'ininen
2778	960	97	Tanuta	Tanuta	Wormhole	TRUE	FALSE	FALSE	FALSE	TRUE			Tanuta
2779	933	328	K'tithrak	K'tithrak	Wormhole	TRUE	FALSE	FALSE	FALSE	TRUE			K'tithrak
2780	714	362	Briareus	Briareus	Sun	TRUE	TRUE	FALSE	FALSE	FALSE		Tonnes, Ligeia	Rarus
2781	714	362	Alpha Briareus	Briareus	Alien world	FALSE	FALSE	FALSE	FALSE	FALSE			Rarus
2782	714	362	Psi Briareus	Briareus	Barren rock	FALSE	FALSE	FALSE	FALSE	FALSE	moon		Rarus
2783	714	362	Chi Briareus	Briareus	Alien world	FALSE	FALSE	FALSE	FALSE	FALSE	moon		Rarus
2784	714	362	Delta Briareus	Briareus	Alien world	FALSE	FALSE	FALSE	FALSE	FALSE			Rarus
2785	714	362	Epsilon Briareus	Briareus	Alien world	FALSE	FALSE	FALSE	FALSE	FALSE			Rarus
2786	714	362	Zeta Briareus	Briareus	Terran planet	FALSE	FALSE	FALSE	FALSE	FALSE			Rarus
2787	714	362	Restaurant #1678	Briareus	Space Burger	FALSE	FALSE	FALSE	FALSE	FALSE	Droid #D44A and Droid #E57E		Rarus
2788	714	362	Madam Jofranka	Briareus	Fortune Teller	FALSE	FALSE	FALSE	FALSE	FALSE			Rarus
2789	714	362	Pi Briareus	Briareus	Alien world	FALSE	FALSE	FALSE	FALSE	FALSE	moon		Rarus
2790	714	362	Kappa Briareus	Briareus	Frozen wasteland	FALSE	FALSE	FALSE	TRUE	FALSE			Rarus
2791	714	362	Outlet 23583.11875	Briareus	Gus's Gas	FALSE	FALSE	FALSE	FALSE	FALSE			Rarus
2792	663	255	Hebe	Hebe	Sun	TRUE	TRUE	FALSE	FALSE	FALSE		Nestor	Rarus
2793	663	255	Alpha Hebe	Hebe	Gas giant	FALSE	FALSE	FALSE	FALSE	FALSE			Rarus
2794	663	255	Nana Buluku Fon	Hebe	Asteroid belt	FALSE	FALSE	FALSE	FALSE	FALSE			Rarus
2795	663	255	Restaurant #3331	Hebe	Space Burger	FALSE	FALSE	FALSE	FALSE	FALSE	Galactic Party 2021 location		Rarus
2796	663	255	Delta Hebe	Hebe	Alien world	FALSE	FALSE	FALSE	FALSE	FALSE			Rarus
2797	663	255	Hebe dealership	Hebe	Heroware	FALSE	FALSE	FALSE	FALSE	FALSE			Rarus
2798	650	247	Nestor	Nestor	Sun	TRUE	TRUE	FALSE	FALSE	FALSE		Hebe, Tonnes	Rarus
2799	650	247	Alpha Nestor	Nestor	Gas giant	FALSE	FALSE	FALSE	FALSE	FALSE			Rarus
2800	650	247	Psi Nestor	Nestor	Artificial moon	FALSE	FALSE	FALSE	FALSE	FALSE	moon		Rarus
2801	650	247	Chi Nestor	Nestor	Alien world	FALSE	FALSE	FALSE	FALSE	FALSE	moon		Rarus
2802	650	247	Delta Nestor	Nestor	Alien world	FALSE	FALSE	FALSE	FALSE	FALSE			Rarus
2803	650	247	Epsilon Nestor	Nestor	Gas giant	FALSE	FALSE	TRUE	FALSE	FALSE			Rarus
2804	650	247	Tau Nestor	Nestor	Barren rock	FALSE	FALSE	TRUE	FALSE	FALSE	moon		Rarus
2805	726	208	Parthenopeus	Parthenopeus	Sun	TRUE	TRUE	FALSE	FALSE	FALSE		Tonnes	Rarus
2806	726	208	Alpha Parthenopeus	Parthenopeus	Terran planet	FALSE	FALSE	FALSE	FALSE	FALSE			Rarus
2807	726	208	Psi Parthenopeus	Parthenopeus	Barren rock	FALSE	FALSE	FALSE	FALSE	FALSE	moon		Rarus
2808	726	208	Chi Parthenopeus	Parthenopeus	Barren rock	FALSE	FALSE	FALSE	FALSE	FALSE	moon		Rarus
2809	722	394	Socus	Socus	Sun	TRUE	TRUE	FALSE	FALSE	FALSE		Phaenops	Rarus
2810	722	394	Alpha Socus	Socus	Alien world	FALSE	FALSE	FALSE	FALSE	FALSE			Rarus
2811	709	387	Phaenops	Phaenops	Sun	TRUE	TRUE	FALSE	FALSE	FALSE		Socus, Ligeia	Rarus
2812	709	387	Alpha Phaenops	Phaenops	Alien world	FALSE	FALSE	TRUE	FALSE	FALSE			Rarus
2813	709	387	Beta Phaenops	Phaenops	Alien world	FALSE	FALSE	FALSE	FALSE	FALSE			Rarus
2814	709	387	Gamma Phaenops	Phaenops	Gas giant	FALSE	FALSE	FALSE	FALSE	FALSE			Rarus
2815	709	387	Phaenops dealership	Phaenops	Heroware	FALSE	FALSE	FALSE	FALSE	FALSE			Rarus
2816	709	387	Epsilon Phaenops	Phaenops	Alien world	FALSE	FALSE	FALSE	FALSE	FALSE			Rarus
2817	709	387	Tau Phaenops	Phaenops	Alien world	FALSE	FALSE	FALSE	FALSE	FALSE	moon		Rarus
2818	709	387	Sigma Phaenops	Phaenops	Alien world	FALSE	FALSE	FALSE	FALSE	FALSE	moon		Rarus
2819	704	373	Ligeia	Ligeia	Sun	TRUE	TRUE	FALSE	FALSE	FALSE		Briareus, Phaenops	Rarus
2820	704	373	Alpha Ligeia	Ligeia	Alien world	FALSE	FALSE	FALSE	FALSE	FALSE			Rarus
2821	704	373	Ligeia station	Ligeia	Aftermarket Station	FALSE	FALSE	FALSE	FALSE	FALSE			Rarus
2822	704	373	Gamma Ligeia	Ligeia	Gas giant	FALSE	FALSE	FALSE	FALSE	FALSE			Rarus
2823	704	373	Delta Ligeia	Ligeia	Alien world	FALSE	FALSE	FALSE	FALSE	FALSE			Rarus
2824	704	373	Epsilon Ligeia	Ligeia	Frozen wasteland	FALSE	FALSE	FALSE	TRUE	FALSE			Rarus
2825	704	373	Zeta Ligeia	Ligeia	Alien world	FALSE	FALSE	FALSE	FALSE	FALSE			Rarus
2826	701	235	Tonnes	Tonnes	Sun	TRUE	TRUE	FALSE	FALSE	FALSE		Nestor, Briareus, Parthenopeus	Rarus
2827	701	235	Alpha Tonnes	Tonnes	Alien world	FALSE	FALSE	FALSE	FALSE	FALSE			Rarus
2828	701	235	Beta Tonnes	Tonnes	Alien world	FALSE	FALSE	FALSE	FALSE	FALSE			Rarus
2829	701	235	Gamma Tonnes	Tonnes	Alien world	FALSE	FALSE	FALSE	FALSE	FALSE			Rarus
2830	701	235	Phi Tonnes	Tonnes	Artificial moon	FALSE	FALSE	FALSE	FALSE	FALSE	moon		Rarus
2831	701	235	Upsilon Tonnes	Tonnes	Alien world	FALSE	FALSE	FALSE	FALSE	FALSE	moon		Rarus
2832	701	235	Tau Tonnes	Tonnes	Barren rock	FALSE	FALSE	FALSE	FALSE	FALSE	moon		Rarus
2833	701	235	Sigma Tonnes	Tonnes	Barren rock	FALSE	FALSE	FALSE	FALSE	FALSE	moon		Rarus
2834	701	235	Tonnes campus	Tonnes	Heroes Academy	FALSE	FALSE	FALSE	FALSE	FALSE			Rarus
2835	701	235	Iota Tonnes	Tonnes	Alien world	FALSE	FALSE	FALSE	FALSE	FALSE			Rarus
2836	665	331	Althaea	Althaea	Sun	TRUE	TRUE	FALSE	FALSE	FALSE		Kakia, Minos	Ismene
2837	665	331	Alpha Althaea	Althaea	Alien world	FALSE	FALSE	FALSE	FALSE	FALSE			Ismene
2838	665	331	Beta Althaea	Althaea	Terran planet	FALSE	FALSE	FALSE	FALSE	FALSE			Ismene
2839	665	331	Gamma Althaea	Althaea	Gas giant	FALSE	FALSE	FALSE	FALSE	FALSE			Ismene
2840	665	331	Phi Althaea	Althaea	Barren rock	FALSE	FALSE	FALSE	FALSE	FALSE	moon		Ismene
2841	665	331	Upsilon Althaea	Althaea	Barren rock	FALSE	FALSE	FALSE	FALSE	FALSE	moon		Ismene
2842	665	331	Tau Althaea	Althaea	Alien world	FALSE	FALSE	TRUE	FALSE	FALSE	moon		Ismene
2843	665	331	Eta Althaea	Althaea	Frozen wasteland	FALSE	FALSE	FALSE	TRUE	FALSE			Ismene
2844	665	331	Rho Althaea	Althaea	Artificial moon	FALSE	FALSE	FALSE	FALSE	FALSE	moon		Ismene
2845	665	331	Pi Althaea	Althaea	Alien world	FALSE	FALSE	FALSE	FALSE	FALSE	moon		Ismene
2846	665	331	Restaurant #4897	Althaea	Space Burger	FALSE	FALSE	FALSE	FALSE	FALSE	Droid #AD0A		Ismene
2847	603	328	Maia	Maia	Sun	TRUE	TRUE	FALSE	FALSE	FALSE		Evippus	Ismene
2848	603	328	Alpha Maia	Maia	Alien world	FALSE	FALSE	FALSE	FALSE	FALSE			Ismene
2849	603	328	Bumba Bantu	Maia	Asteroid belt	FALSE	FALSE	FALSE	FALSE	FALSE			Ismene
2850	603	328	Gamma Maia	Maia	Gas giant	FALSE	FALSE	FALSE	FALSE	FALSE			Ismene
2851	690	324	Myles	Myles	Sun	TRUE	TRUE	FALSE	FALSE	FALSE		Kakia	Ismene
2852	690	324	Alpha Myles	Myles	Gas giant	FALSE	FALSE	FALSE	FALSE	FALSE			Ismene
2853	690	324	Psi Myles	Myles	Artificial moon	FALSE	FALSE	FALSE	FALSE	FALSE	moon		Ismene
2854	690	324	Chi Myles	Myles	Barren rock	FALSE	FALSE	FALSE	FALSE	FALSE	moon		Ismene
2855	690	324	Phi Myles	Myles	Barren rock	FALSE	FALSE	TRUE	FALSE	FALSE	moon		Ismene
2856	690	324	Myles dealership	Myles	Heroware	FALSE	FALSE	FALSE	FALSE	FALSE			Ismene
2857	690	324	Zeta Myles	Myles	Alien world	FALSE	FALSE	FALSE	FALSE	FALSE			Ismene
2858	684	345	Paidia	Paidia	Sun	TRUE	TRUE	FALSE	FALSE	FALSE		Kakia	Ismene
2859	684	345	Alpha Paidia	Paidia	Inferno	FALSE	TRUE	FALSE	FALSE	FALSE			Ismene
2860	684	345	Paidia campus	Paidia	Heroes Academy	FALSE	FALSE	FALSE	FALSE	FALSE			Ismene
2861	682	338	Kakia	Kakia	Sun	TRUE	TRUE	FALSE	FALSE	FALSE		Paidia, Myles, Althaea	Ismene
2862	682	338	Alpha Kakia	Kakia	Terran planet	FALSE	FALSE	FALSE	FALSE	FALSE			Ismene
2863	682	338	Beta Kakia	Kakia	Gas giant	FALSE	FALSE	FALSE	FALSE	FALSE			Ismene
2864	629	330	Minos	Minos	Sun	TRUE	TRUE	FALSE	FALSE	FALSE		Evippus, Althaea, Cecrops	Ismene
2865	629	330	Alpha Minos	Minos	Alien world	FALSE	FALSE	FALSE	FALSE	FALSE			Ismene
2866	629	330	Beta Minos	Minos	Gas giant	FALSE	FALSE	FALSE	FALSE	FALSE			Ismene
2867	629	330	Gamma Minos	Minos	Terran planet	FALSE	FALSE	FALSE	FALSE	FALSE			Ismene
2868	629	330	Delta Minos	Minos	Alien world	FALSE	FALSE	FALSE	FALSE	FALSE			Ismene
2869	629	330	Epsilon Minos	Minos	Gas giant	FALSE	FALSE	FALSE	FALSE	FALSE			Ismene
2870	615	346	Evippus	Evippus	Sun	TRUE	TRUE	FALSE	FALSE	FALSE		Maia, Minos	Ismene
2871	615	346	Alpha Evippus	Evippus	Alien world	FALSE	FALSE	FALSE	FALSE	FALSE			Ismene
2872	615	346	Beta Evippus	Evippus	Gas giant	FALSE	FALSE	FALSE	FALSE	FALSE			Ismene
2873	615	346	Outlet 20227.11357	Evippus	Gus's Gas	FALSE	FALSE	FALSE	FALSE	FALSE			Ismene
2874	615	346	Delta Evippus	Evippus	Alien world	FALSE	FALSE	FALSE	FALSE	FALSE			Ismene
2875	615	346	Epsilon Evippus	Evippus	Terran planet	FALSE	FALSE	FALSE	FALSE	FALSE			Ismene
2876	637	376	Europa	Europa	Sun	TRUE	TRUE	FALSE	FALSE	FALSE		Oizys	Ismene
2877	637	376	Alpha Europa	Europa	Terran planet	FALSE	FALSE	FALSE	FALSE	FALSE			Ismene
2878	635	366	Oizys	Oizys	Sun	TRUE	TRUE	FALSE	FALSE	FALSE		Europa, Cecrops	Ismene
2879	635	366	Alpha Oizys	Oizys	Alien world	FALSE	FALSE	FALSE	FALSE	FALSE			Ismene
2880	635	366	Beta Oizys	Oizys	Inferno	FALSE	TRUE	FALSE	FALSE	FALSE			Ismene
2881	635	366	Oizys station	Oizys	Aftermarket Station	FALSE	FALSE	FALSE	FALSE	FALSE			Ismene
2882	635	366	Delta Oizys	Oizys	Terran planet	FALSE	FALSE	FALSE	FALSE	FALSE			Ismene
2883	664	366	Pandion	Pandion	Sun	TRUE	TRUE	FALSE	FALSE	FALSE		Peleus	Ismene
2884	664	366	Alpha Pandion	Pandion	Terran planet	FALSE	FALSE	FALSE	FALSE	FALSE			Ismene
2885	664	366	Pandion dealership	Pandion	Heroware	FALSE	FALSE	FALSE	FALSE	FALSE			Ismene
2886	664	366	Gamma Pandion	Pandion	Terran planet	FALSE	FALSE	FALSE	FALSE	FALSE			Ismene
2887	664	366	Phi Pandion	Pandion	Alien world	FALSE	FALSE	FALSE	FALSE	FALSE	moon		Ismene
2888	669	384	Ixion	Ixion	Sun	TRUE	TRUE	FALSE	FALSE	FALSE		Peleus	Ismene
2889	669	384	Alpha Ixion	Ixion	Alien world	FALSE	FALSE	FALSE	FALSE	FALSE			Ismene
2890	668	375	Peleus	Peleus	Sun	TRUE	TRUE	FALSE	FALSE	FALSE		Ixion, Pandion, Cecrops	Ismene
2891	668	375	Alpha Peleus	Peleus	Terran planet	FALSE	FALSE	FALSE	FALSE	FALSE			Ismene
2892	668	375	Psi Peleus	Peleus	Barren rock	FALSE	FALSE	FALSE	FALSE	FALSE	moon		Ismene
2893	668	375	Chi Peleus	Peleus	Barren rock	FALSE	FALSE	FALSE	FALSE	FALSE	moon		Ismene
2894	668	375	Phi Peleus	Peleus	Alien world	FALSE	FALSE	FALSE	FALSE	FALSE	moon		Ismene
2895	668	375	Upsilon Peleus	Peleus	Barren rock	FALSE	FALSE	FALSE	FALSE	FALSE	moon		Ismene
2896	668	375	Tau Peleus	Peleus	Barren rock	FALSE	FALSE	FALSE	FALSE	FALSE	moon		Ismene
2897	668	375	Eta Peleus	Peleus	Alien world	FALSE	FALSE	FALSE	FALSE	FALSE			Ismene
2898	651	383	Cecrops	Cecrops	Sun	TRUE	TRUE	FALSE	FALSE	FALSE		Arcas, Thyestes, Peleus, Minos, Oizys	Ismene
2899	651	383	Alpha Cecrops	Cecrops	Inferno	FALSE	TRUE	FALSE	FALSE	FALSE			Ismene
2900	651	383	Psi Cecrops	Cecrops	Alien world	FALSE	FALSE	FALSE	FALSE	FALSE	moon		Ismene
2901	651	383	Gamma Cecrops	Cecrops	Alien world	FALSE	FALSE	FALSE	FALSE	FALSE			Ismene
2902	651	383	Delta Cecrops	Cecrops	Gas giant	FALSE	FALSE	FALSE	FALSE	FALSE			Ismene
2903	651	383	Upsilon Cecrops	Cecrops	Alien world	FALSE	FALSE	TRUE	FALSE	FALSE	moon		Ismene
2904	651	383	Zeta Cecrops	Cecrops	Alien world	FALSE	FALSE	FALSE	FALSE	FALSE			Ismene
2905	651	383	Eta Cecrops	Cecrops	Gas giant	FALSE	FALSE	FALSE	FALSE	FALSE			Ismene
2906	652	395	Arcas	Arcas	Sun	TRUE	TRUE	FALSE	FALSE	FALSE		Meliae, Cecrops	Ismene
2907	652	395	Alpha Arcas	Arcas	Gas giant	FALSE	FALSE	FALSE	FALSE	FALSE			Ismene
2908	652	395	Madam Althea	Arcas	Fortune Teller	FALSE	FALSE	FALSE	FALSE	FALSE			Ismene
2909	652	395	Gamma Arcas	Arcas	Inferno	FALSE	TRUE	FALSE	FALSE	FALSE			Ismene
2910	643	405	Meliae	Meliae	Sun	TRUE	TRUE	FALSE	FALSE	FALSE		Arcas	Ismene
2911	643	405	Alpha Meliae	Meliae	Terran planet	FALSE	FALSE	FALSE	FALSE	FALSE			Ismene
2912	643	405	Psi Meliae	Meliae	Alien world	FALSE	FALSE	FALSE	FALSE	FALSE	moon		Ismene
2913	678	408	Thyestes	Thyestes	Sun	TRUE	TRUE	FALSE	FALSE	FALSE		Cecrops	Ismene
2914	678	408	Alpha Thyestes	Thyestes	Gas giant	FALSE	FALSE	FALSE	FALSE	FALSE			Ismene
2915	678	408	Beta Thyestes	Thyestes	Gas giant	FALSE	FALSE	FALSE	FALSE	FALSE			Ismene
2916	678	408	Gamma Thyestes	Thyestes	Terran planet	FALSE	FALSE	FALSE	FALSE	FALSE			Ismene
2917	678	408	Delta Thyestes	Thyestes	Alien world	FALSE	FALSE	FALSE	FALSE	FALSE			Ismene
2918	664	465	Iole	Iole	Sun	TRUE	TRUE	FALSE	FALSE	FALSE		Phylas	Caucon
2919	664	465	Inkanyamba	Iole	Asteroid belt	FALSE	TRUE	FALSE	FALSE	FALSE			Caucon
2920	664	465	Beta Iole	Iole	Alien world	FALSE	FALSE	FALSE	FALSE	FALSE			Caucon
2921	664	465	Restaurant #493	Iole	Space Burger	FALSE	FALSE	FALSE	FALSE	FALSE	Droid #60D0 and Droid #7AB2		Caucon
2922	664	465	Delta Iole	Iole	Alien world	FALSE	FALSE	FALSE	FALSE	FALSE			Caucon
2923	639	515	Hecate	Hecate	Sun	TRUE	TRUE	FALSE	FALSE	FALSE		Eileithyia	Caucon
2924	639	515	Alpha Hecate	Hecate	Alien world	FALSE	FALSE	FALSE	FALSE	FALSE			Caucon
2925	639	515	Hecate campus	Hecate	Heroes Academy	FALSE	FALSE	FALSE	FALSE	FALSE			Caucon
2926	639	515	Restaurant #7258	Hecate	Space Burger	FALSE	FALSE	FALSE	FALSE	FALSE			Caucon
2927	626	492	Eileithyia	Eileithyia	Sun	TRUE	TRUE	FALSE	FALSE	FALSE		Hecate, Erebus	Caucon
2928	626	492	Alpha Eileithyia	Eileithyia	Gas giant	FALSE	FALSE	FALSE	FALSE	FALSE			Caucon
2929	645	478	Erebus	Erebus	Sun	TRUE	TRUE	FALSE	FALSE	FALSE		Eileithyia, Phylas	Caucon
2930	645	478	Alpha Erebus	Erebus	Terran planet	FALSE	FALSE	FALSE	FALSE	FALSE			Caucon
2931	645	478	Beta Erebus	Erebus	Alien world	FALSE	FALSE	FALSE	FALSE	FALSE			Caucon
2932	645	478	Gamma Erebus	Erebus	Gas giant	FALSE	FALSE	FALSE	FALSE	FALSE			Caucon
2933	645	478	Erebus station	Erebus	Aftermarket Station	FALSE	FALSE	FALSE	FALSE	FALSE			Caucon
2934	668	446	Phylas Majoris	Phylas	Binary Sun	TRUE	TRUE	FALSE	FALSE	FALSE		Phrontis, Erebus, Iole, Lycaste	Caucon
2935	668	446	Phylas Minoris	Phylas	Binary Sun	TRUE	TRUE	FALSE	FALSE	FALSE			Caucon
2936	668	446	Alpha Phylas	Phylas	Inferno	FALSE	TRUE	FALSE	FALSE	FALSE			Caucon
2937	668	446	Beta Phylas	Phylas	Terran planet	FALSE	FALSE	FALSE	FALSE	FALSE			Caucon
2938	668	446	Chi Phylas	Phylas	Barren rock	FALSE	FALSE	FALSE	FALSE	FALSE	moon		Caucon
2939	668	446	Phi Phylas	Phylas	Alien world	FALSE	FALSE	FALSE	FALSE	FALSE	moon		Caucon
2940	668	446	Upsilon Phylas	Phylas	Alien world	FALSE	FALSE	FALSE	FALSE	FALSE	moon		Caucon
2941	668	446	Zeta Phylas	Phylas	Gas giant	FALSE	FALSE	FALSE	FALSE	FALSE			Caucon
2942	668	446	Eta Phylas	Phylas	Gas giant	FALSE	FALSE	FALSE	FALSE	FALSE			Caucon
2943	668	446	Theta Phylas	Phylas	Frozen wasteland	FALSE	FALSE	FALSE	TRUE	FALSE			Caucon
2944	685	432	Lycaste	Lycaste	Sun	TRUE	TRUE	FALSE	FALSE	FALSE		Phylas	Caucon
2945	685	432	Alpha Lycaste	Lycaste	Alien world	FALSE	FALSE	FALSE	FALSE	FALSE			Caucon
2946	685	432	Beta Lycaste	Lycaste	Terran planet	FALSE	FALSE	FALSE	FALSE	FALSE			Caucon
2947	685	432	Gamma Lycaste	Lycaste	Frozen wasteland	FALSE	FALSE	FALSE	TRUE	FALSE			Caucon
2948	685	432	Phi Lycaste	Lycaste	Alien world	FALSE	FALSE	FALSE	FALSE	FALSE	moon		Caucon
2949	685	432	Upsilon Lycaste	Lycaste	Alien world	FALSE	FALSE	FALSE	FALSE	FALSE	moon		Caucon
2950	685	432	Tau Lycaste	Lycaste	Barren rock	FALSE	FALSE	FALSE	FALSE	FALSE	moon		Caucon
2951	685	432	Sigma Lycaste	Lycaste	Barren rock	FALSE	FALSE	FALSE	FALSE	FALSE	moon		Caucon
2952	652	430	Phrontis	Phrontis	Sun	TRUE	TRUE	FALSE	FALSE	FALSE		Phylas, Myrmidon	Caucon
2953	652	430	Alpha Phrontis	Phrontis	Alien world	FALSE	FALSE	FALSE	FALSE	FALSE			Caucon
2954	652	430	Psi Phrontis	Phrontis	Alien world	FALSE	FALSE	FALSE	FALSE	FALSE	moon		Caucon
2955	652	430	Phrontis campus	Phrontis	Heroes Academy	FALSE	FALSE	FALSE	FALSE	FALSE			Caucon
2956	652	430	Delta Phrontis	Phrontis	Alien world	FALSE	FALSE	FALSE	FALSE	FALSE			Caucon
2957	652	430	Epsilon Phrontis	Phrontis	Terran planet	FALSE	FALSE	FALSE	FALSE	FALSE			Caucon
2958	652	430	Phrontis dealership	Phrontis	Heroware	FALSE	FALSE	FALSE	FALSE	FALSE			Caucon
2959	661	416	Myrmidon	Myrmidon	Sun	TRUE	TRUE	FALSE	FALSE	FALSE		Phrontis, Clonius	Caucon
2960	661	416	Alpha Myrmidon	Myrmidon	Terran planet	FALSE	FALSE	FALSE	FALSE	FALSE			Caucon
2961	661	416	Loba Duala	Myrmidon	Asteroid belt	FALSE	FALSE	FALSE	FALSE	FALSE			Caucon
2962	661	416	Gamma Myrmidon	Myrmidon	Inferno	FALSE	TRUE	FALSE	FALSE	FALSE			Caucon
2963	661	416	Delta Myrmidon	Myrmidon	Alien world	FALSE	FALSE	FALSE	FALSE	FALSE			Caucon
2964	673	421	Clonius	Clonius	Sun	TRUE	TRUE	FALSE	FALSE	FALSE		Myrmidon	Caucon
2965	673	421	Alpha Clonius	Clonius	Terran planet	FALSE	FALSE	FALSE	FALSE	FALSE			Caucon
2966	673	421	Beta Clonius	Clonius	Alien world	FALSE	FALSE	FALSE	FALSE	FALSE			Caucon
2967	509	484	Idyia	Idyia	Sun	TRUE	TRUE	FALSE	FALSE	FALSE		Oenotrus	Leitus
2968	509	484	Alpha Idyia	Idyia	Gas giant	FALSE	FALSE	FALSE	FALSE	FALSE			Leitus
2969	509	484	Psi Idyia	Idyia	Alien world	FALSE	FALSE	FALSE	FALSE	FALSE	moon		Leitus
2970	509	484	Chi Idyia	Idyia	Artificial moon	FALSE	FALSE	FALSE	FALSE	FALSE	moon		Leitus
2971	509	484	Madam Mahala	Idyia	Fortune Teller	FALSE	FALSE	FALSE	FALSE	FALSE			Leitus
2972	509	484	Upsilon Idyia	Idyia	Artificial moon	FALSE	FALSE	FALSE	FALSE	FALSE	moon		Leitus
2973	520	454	Galene	Galene	Sun	TRUE	TRUE	FALSE	FALSE	FALSE		Pylaeus, Bienor	Leitus
2974	520	454	Alpha Galene	Galene	Alien world	FALSE	FALSE	FALSE	FALSE	FALSE			Leitus
2975	520	454	Psi Galene	Galene	Artificial moon	FALSE	FALSE	FALSE	FALSE	FALSE	moon		Leitus
2976	520	454	Chi Galene	Galene	Barren rock	FALSE	FALSE	FALSE	FALSE	FALSE	moon		Leitus
2977	520	454	Phi Galene	Galene	Artificial moon	FALSE	FALSE	FALSE	FALSE	FALSE	moon		Leitus
2978	520	454	Epsilon Galene	Galene	Alien world	FALSE	FALSE	FALSE	FALSE	FALSE			Leitus
2979	520	454	Huvi Bushmen	Galene	Asteroid belt	FALSE	FALSE	FALSE	TRUE	FALSE			Leitus
2980	623	445	Hades	Hades	Sun	TRUE	TRUE	FALSE	FALSE	FALSE		Anticlea, Coeranus	Leitus
2981	623	445	Alpha Hades	Hades	Inferno	FALSE	TRUE	FALSE	FALSE	FALSE			Leitus
2982	623	445	Beta Hades	Hades	Terran planet	FALSE	FALSE	FALSE	FALSE	FALSE			Leitus
2983	623	445	Gamma Hades	Hades	Alien world	FALSE	FALSE	FALSE	FALSE	FALSE			Leitus
2984	634	449	Coeranus	Coeranus	Sun	TRUE	TRUE	FALSE	FALSE	FALSE		Hades	Leitus
2985	634	449	Alpha Coeranus	Coeranus	Terran planet	FALSE	FALSE	FALSE	FALSE	FALSE			Leitus
2986	634	449	Outlet 20847.14715	Coeranus	Gus's Gas	FALSE	FALSE	FALSE	FALSE	FALSE			Leitus
2987	634	449	Madam Odessa	Coeranus	Fortune Teller	FALSE	FALSE	FALSE	FALSE	FALSE			Leitus
2988	602	450	Anticlea	Anticlea	Sun	TRUE	TRUE	FALSE	FALSE	FALSE		Menoetius, Hades	Leitus
2989	602	450	Alpha Anticlea	Anticlea	Alien world	FALSE	FALSE	FALSE	FALSE	FALSE			Leitus
2990	602	450	Beta Anticlea	Anticlea	Alien world	FALSE	FALSE	FALSE	FALSE	FALSE			Leitus
2991	602	450	Gamma Anticlea	Anticlea	Alien world	FALSE	FALSE	FALSE	FALSE	FALSE			Leitus
2992	587	460	Menoetius	Menoetius	Sun	TRUE	TRUE	FALSE	FALSE	FALSE		Anticlea, Bienor	Leitus
2993	587	460	Alpha Menoetius	Menoetius	Gas giant	FALSE	FALSE	TRUE	FALSE	FALSE			Leitus
2994	587	460	Beta Menoetius	Menoetius	Gas giant	FALSE	FALSE	FALSE	FALSE	FALSE			Leitus
2995	587	460	Chi Menoetius	Menoetius	Alien world	FALSE	FALSE	FALSE	FALSE	FALSE	moon		Leitus
2996	587	460	Delta Menoetius	Menoetius	Alien world	FALSE	FALSE	FALSE	FALSE	FALSE			Leitus
2997	587	460	Upsilon Menoetius	Menoetius	Barren rock	FALSE	FALSE	FALSE	FALSE	FALSE	moon		Leitus
2998	587	460	Zeta Menoetius	Menoetius	Alien world	FALSE	FALSE	FALSE	FALSE	FALSE			Leitus
2999	587	460	Sigma Menoetius	Menoetius	Artificial moon	FALSE	FALSE	FALSE	FALSE	FALSE	moon		Leitus
3000	587	460	Theta Menoetius	Menoetius	Gas giant	FALSE	FALSE	FALSE	FALSE	FALSE			Leitus
3001	587	460	Pi Menoetius	Menoetius	Barren rock	FALSE	FALSE	FALSE	FALSE	FALSE	moon		Leitus
3002	540	460	Bienor	Bienor	Sun	TRUE	TRUE	FALSE	FALSE	FALSE		Crete, Galene, Borus, Menoetius	Leitus
3003	540	460	Alpha Bienor	Bienor	Terran planet	FALSE	FALSE	FALSE	FALSE	FALSE			Leitus
3004	540	460	Beta Bienor	Bienor	Terran planet	FALSE	FALSE	FALSE	FALSE	FALSE			Leitus
3005	540	460	Chi Bienor	Bienor	Barren rock	FALSE	FALSE	FALSE	FALSE	FALSE	moon		Leitus
3006	540	460	Delta Bienor	Bienor	Alien world	FALSE	FALSE	FALSE	FALSE	FALSE			Leitus
3007	540	460	Epsilon Bienor	Bienor	Gas giant	FALSE	FALSE	FALSE	FALSE	FALSE			Leitus
3008	540	460	Tau Bienor	Bienor	Artificial moon	FALSE	FALSE	FALSE	FALSE	FALSE	moon		Leitus
3009	540	460	Eta Bienor	Bienor	Gas giant	FALSE	FALSE	FALSE	FALSE	FALSE			Leitus
3010	534	469	Crete	Crete	Sun	TRUE	TRUE	FALSE	FALSE	FALSE		Bienor	Leitus
3011	534	469	Alpha Crete	Crete	Inferno	FALSE	TRUE	FALSE	FALSE	FALSE			Leitus
3012	534	469	Crete campus	Crete	Heroes Academy	FALSE	FALSE	FALSE	FALSE	FALSE			Leitus
3013	534	469	Crete station	Crete	Aftermarket Station	FALSE	FALSE	FALSE	FALSE	FALSE			Leitus
3014	534	469	Delta Crete	Crete	Alien world	FALSE	FALSE	FALSE	FALSE	FALSE			Leitus
3015	534	469	Upsilon Crete	Crete	Barren rock	FALSE	FALSE	FALSE	FALSE	FALSE	moon		Leitus
3016	542	442	Borus	Borus	Sun	TRUE	TRUE	FALSE	FALSE	FALSE		Bienor	Leitus
3017	542	442	Alpha Borus	Borus	Alien world	FALSE	FALSE	FALSE	FALSE	FALSE			Leitus
3018	542	442	Psi Borus	Borus	Alien world	FALSE	FALSE	FALSE	FALSE	FALSE	moon		Leitus
3019	542	442	Gamma Borus	Borus	Terran planet	FALSE	FALSE	FALSE	FALSE	FALSE			Leitus
3020	542	442	Delta Borus	Borus	Terran planet	FALSE	FALSE	FALSE	FALSE	FALSE			Leitus
3021	542	442	Upsilon Borus	Borus	Alien world	FALSE	FALSE	FALSE	FALSE	FALSE	moon		Leitus
3022	542	442	Tau Borus	Borus	Alien world	FALSE	FALSE	FALSE	FALSE	FALSE	moon		Leitus
3023	542	442	Sigma Borus	Borus	Barren rock	FALSE	FALSE	FALSE	FALSE	FALSE	moon		Leitus
3024	516	464	Pylaeus	Pylaeus	Sun	TRUE	TRUE	FALSE	FALSE	FALSE		Oenotrus, Galene	Leitus
3025	516	464	Alpha Pylaeus	Pylaeus	Terran planet	FALSE	FALSE	FALSE	FALSE	FALSE			Leitus
3026	516	464	Beta Pylaeus	Pylaeus	Alien world	FALSE	FALSE	TRUE	FALSE	FALSE			Leitus
3027	510	468	Oenotrus	Oenotrus	Sun	TRUE	TRUE	FALSE	FALSE	FALSE		Idyia, Pylaeus	Leitus
3028	510	468	Alpha Oenotrus	Oenotrus	Alien world	FALSE	FALSE	FALSE	FALSE	FALSE			Leitus
3029	510	468	Outlet 16772.15349	Oenotrus	Gus's Gas	FALSE	FALSE	FALSE	FALSE	FALSE			Leitus
3030	510	468	Oenotrus dealership	Oenotrus	Heroware	FALSE	FALSE	FALSE	FALSE	FALSE			Leitus
3031	524	379	Clytus	Clytus	Sun	TRUE	TRUE	FALSE	FALSE	FALSE		Dolius	Celtine
3032	524	379	Alpha Clytus	Clytus	Terran planet	FALSE	FALSE	FALSE	FALSE	FALSE			Celtine
3033	524	379	Waaq	Clytus	Asteroid belt	FALSE	FALSE	FALSE	TRUE	FALSE			Celtine
3034	508	424	Amycus	Amycus	Sun	TRUE	TRUE	FALSE	FALSE	FALSE		Iphicles	Celtine
3035	508	424	Alpha Amycus	Amycus	Terran planet	FALSE	FALSE	FALSE	FALSE	FALSE			Celtine
3036	508	424	Amycus dealership	Amycus	Heroware	FALSE	FALSE	FALSE	FALSE	FALSE			Celtine
3037	508	424	Gamma Amycus	Amycus	Gas giant	FALSE	FALSE	TRUE	FALSE	FALSE			Celtine
3038	513	431	Iphicles	Iphicles	Sun	TRUE	TRUE	FALSE	FALSE	FALSE		Amycus, Psyche	Celtine
3039	513	431	Alpha Iphicles	Iphicles	Inferno	FALSE	TRUE	FALSE	FALSE	FALSE			Celtine
3040	513	431	Psi Iphicles	Iphicles	Alien world	FALSE	FALSE	FALSE	FALSE	FALSE	moon		Celtine
3041	513	431	Gamma Iphicles	Iphicles	Alien world	FALSE	FALSE	FALSE	FALSE	FALSE			Celtine
3042	513	431	Phi Iphicles	Iphicles	Alien world	FALSE	FALSE	FALSE	FALSE	FALSE	moon		Celtine
3043	513	431	Upsilon Iphicles	Iphicles	Artificial moon	FALSE	FALSE	FALSE	FALSE	FALSE	moon		Celtine
3044	513	431	Tau Iphicles	Iphicles	Artificial moon	FALSE	FALSE	FALSE	FALSE	FALSE	moon		Celtine
3045	513	431	Eta Iphicles	Iphicles	Frozen wasteland	FALSE	FALSE	FALSE	TRUE	FALSE			Celtine
3046	527	419	Psyche	Psyche	Sun	TRUE	TRUE	FALSE	FALSE	FALSE		Iphicles, Palioxis, Agon	Celtine
3047	527	419	Alpha Psyche	Psyche	Alien world	FALSE	FALSE	FALSE	FALSE	FALSE			Celtine
3048	527	419	Beta Psyche	Psyche	Inferno	FALSE	TRUE	FALSE	FALSE	FALSE			Celtine
3049	527	419	Gamma Psyche	Psyche	Alien world	FALSE	FALSE	FALSE	FALSE	FALSE			Celtine
3050	527	419	Phi Psyche	Psyche	Barren rock	FALSE	FALSE	FALSE	FALSE	FALSE	moon		Celtine
3051	527	419	Upsilon Psyche	Psyche	Alien world	FALSE	FALSE	FALSE	FALSE	FALSE	moon		Celtine
3052	527	419	Tau Psyche	Psyche	Barren rock	FALSE	FALSE	FALSE	FALSE	FALSE	moon		Celtine
3053	527	419	Sigma Psyche	Psyche	Barren rock	FALSE	FALSE	FALSE	FALSE	FALSE	moon		Celtine
3054	527	419	Theta Psyche	Psyche	Frozen wasteland	FALSE	FALSE	FALSE	TRUE	FALSE			Celtine
3055	527	419	Iota Psyche	Psyche	Frozen wasteland	FALSE	FALSE	FALSE	TRUE	FALSE			Celtine
3056	535	309	Cleobule	Cleobule	Sun	TRUE	TRUE	FALSE	FALSE	FALSE		Naiades	Celtine
3057	535	309	Alpha Cleobule	Cleobule	Alien world	FALSE	FALSE	FALSE	FALSE	FALSE			Celtine
3058	533	320	Naiades	Naiades	Sun	TRUE	TRUE	FALSE	FALSE	FALSE		Agon, Cleobule	Celtine
3059	533	320	Alpha Naiades	Naiades	Gas giant	FALSE	FALSE	FALSE	FALSE	FALSE			Celtine
3060	533	320	Psi Naiades	Naiades	Alien world	FALSE	FALSE	FALSE	FALSE	FALSE	moon		Celtine
3061	533	320	Gamma Naiades	Naiades	Gas giant	FALSE	FALSE	FALSE	FALSE	FALSE			Celtine
3062	533	320	Delta Naiades	Naiades	Alien world	FALSE	FALSE	FALSE	FALSE	FALSE			Celtine
3063	540	340	Agon	Agon	Sun	TRUE	TRUE	FALSE	FALSE	FALSE		Naiades, Psyche	Celtine
3064	540	340	Alpha Agon	Agon	Alien world	FALSE	FALSE	FALSE	FALSE	FALSE			Celtine
3065	540	340	Beta Agon	Agon	Gas giant	FALSE	FALSE	FALSE	FALSE	FALSE			Celtine
3066	540	340	Gamma Agon	Agon	Terran planet	FALSE	FALSE	FALSE	FALSE	FALSE			Celtine
3067	540	340	Phi Agon	Agon	Artificial moon	FALSE	FALSE	FALSE	FALSE	FALSE	moon		Celtine
3068	540	340	Epsilon Agon	Agon	Alien world	FALSE	FALSE	FALSE	FALSE	FALSE			Celtine
3069	540	340	Agon dealership	Agon	Heroware	FALSE	FALSE	FALSE	FALSE	FALSE			Celtine
3070	540	340	Eta Agon	Agon	Alien world	FALSE	FALSE	FALSE	FALSE	FALSE			Celtine
3071	540	340	Rho Agon	Agon	Alien world	FALSE	FALSE	FALSE	FALSE	FALSE	moon		Celtine
3072	537	404	Palioxis	Palioxis	Sun	TRUE	TRUE	FALSE	FALSE	FALSE		Psyche, Dolius, Asterope	Celtine
3073	537	404	Alpha Palioxis	Palioxis	Inferno	FALSE	TRUE	FALSE	FALSE	FALSE			Celtine
3074	537	404	Beta Palioxis	Palioxis	Alien world	FALSE	FALSE	FALSE	FALSE	FALSE			Celtine
3075	537	404	Gamma Palioxis	Palioxis	Alien world	FALSE	FALSE	FALSE	FALSE	FALSE			Celtine
3076	537	404	Delta Palioxis	Palioxis	Gas giant	FALSE	FALSE	FALSE	FALSE	FALSE			Celtine
3077	537	404	Epsilon Palioxis	Palioxis	Alien world	FALSE	FALSE	FALSE	FALSE	FALSE			Celtine
3078	528	372	Dolius	Dolius	Sun	TRUE	TRUE	FALSE	FALSE	FALSE		Clytus, Palioxis	Celtine
3079	528	372	Alpha Dolius	Dolius	Terran planet	FALSE	FALSE	FALSE	FALSE	FALSE			Celtine
3080	528	372	Beta Dolius	Dolius	Alien world	FALSE	FALSE	FALSE	FALSE	FALSE			Celtine
3081	528	372	Gamma Dolius	Dolius	Terran planet	FALSE	FALSE	FALSE	FALSE	FALSE			Celtine
3082	528	372	Dolius campus	Dolius	Heroes Academy	FALSE	FALSE	FALSE	FALSE	FALSE			Celtine
3083	559	385	Asterope	Asterope	Sun	TRUE	TRUE	FALSE	FALSE	FALSE		Dryas, Palioxis	Celtine
3084	559	385	Alpha Asterope	Asterope	Alien world	FALSE	FALSE	FALSE	FALSE	FALSE			Celtine
3085	559	385	Psi Asterope	Asterope	Barren rock	FALSE	FALSE	FALSE	FALSE	FALSE	moon		Celtine
3086	559	385	Gamma Asterope	Asterope	Alien world	FALSE	FALSE	FALSE	FALSE	FALSE			Celtine
3087	559	385	Delta Asterope	Asterope	Terran planet	FALSE	FALSE	FALSE	FALSE	FALSE			Celtine
3088	559	385	Madam Estella	Asterope	Fortune Teller	FALSE	FALSE	FALSE	FALSE	FALSE			Celtine
3089	559	385	Restaurant #2327	Asterope	Space Burger	FALSE	FALSE	FALSE	FALSE	FALSE			Celtine
3090	559	385	Eta Asterope	Asterope	Alien world	FALSE	FALSE	TRUE	FALSE	FALSE			Celtine
3091	559	385	Outlet 18475.12643	Asterope	Gus's Gas	FALSE	FALSE	FALSE	FALSE	FALSE			Celtine
3092	557	397	Dryas	Dryas	Sun	TRUE	TRUE	FALSE	FALSE	FALSE		Asterope, Clymene	Celtine
3093	557	397	Alpha Dryas	Dryas	Gas giant	FALSE	FALSE	FALSE	FALSE	FALSE			Celtine
3094	557	397	Beta Dryas	Dryas	Alien world	FALSE	FALSE	FALSE	FALSE	FALSE			Celtine
3095	557	397	Gamma Dryas	Dryas	Alien world	FALSE	FALSE	FALSE	FALSE	FALSE			Celtine
3096	557	397	Delta Dryas	Dryas	Frozen wasteland	FALSE	FALSE	FALSE	TRUE	FALSE			Celtine
3097	557	397	Dryas station	Dryas	Aftermarket Station	FALSE	FALSE	FALSE	FALSE	FALSE			Celtine
3098	594	414	Clymene	Clymene	Sun	TRUE	TRUE	FALSE	FALSE	FALSE		Ogygus, Dryas	Celtine
3099	594	414	Alpha Clymene	Clymene	Terran planet	FALSE	FALSE	FALSE	FALSE	FALSE			Celtine
3100	594	414	Outlet 19528.13576	Clymene	Gus's Gas	FALSE	FALSE	FALSE	FALSE	FALSE			Celtine
3101	594	414	Gamma Clymene	Clymene	Alien world	FALSE	FALSE	FALSE	FALSE	FALSE			Celtine
3102	594	414	Delta Clymene	Clymene	Alien world	FALSE	FALSE	FALSE	FALSE	FALSE			Celtine
3103	594	414	Madam Shalaye	Clymene	Fortune Teller	FALSE	FALSE	FALSE	FALSE	FALSE			Celtine
3104	602	424	Ogygus	Ogygus	Sun	TRUE	TRUE	FALSE	FALSE	FALSE		Clymene	Celtine
3105	602	424	Alpha Ogygus	Ogygus	Inferno	FALSE	TRUE	FALSE	FALSE	FALSE			Celtine
3106	602	424	Beta Ogygus	Ogygus	Alien world	FALSE	FALSE	FALSE	FALSE	FALSE			Celtine
3107	602	424	Ogygus campus	Ogygus	Heroes Academy	FALSE	FALSE	FALSE	FALSE	FALSE			Celtine
3108	602	424	Ogygus station	Ogygus	Aftermarket Station	FALSE	FALSE	FALSE	FALSE	FALSE			Celtine
3109	507	386	Hyperion	Hyperion	Sun	TRUE	TRUE	FALSE	FALSE	FALSE		Machaon	Enceladus
3110	507	386	Alpha Hyperion	Hyperion	Alien world	FALSE	FALSE	FALSE	FALSE	FALSE			Enceladus
3111	507	386	Beta Hyperion	Hyperion	Terran planet	FALSE	FALSE	FALSE	FALSE	FALSE			Enceladus
3112	507	386	Madam Kirvi	Hyperion	Fortune Teller	FALSE	FALSE	FALSE	FALSE	FALSE			Enceladus
3113	516	396	Machaon	Machaon	Sun	TRUE	TRUE	FALSE	FALSE	FALSE		Ilus, Hyperion	Enceladus
3114	516	396	Alpha Machaon	Machaon	Alien world	FALSE	FALSE	FALSE	FALSE	FALSE			Enceladus
3115	516	396	Beta Machaon	Machaon	Terran planet	FALSE	FALSE	FALSE	FALSE	FALSE			Enceladus
3116	493	394	Ilus	Ilus	Sun	TRUE	TRUE	FALSE	FALSE	FALSE		Celaeno, Machaon, Adephagia	Enceladus
3117	493	394	Alpha Ilus	Ilus	Terran planet	FALSE	FALSE	FALSE	FALSE	FALSE			Enceladus
3118	493	394	Beta Ilus	Ilus	Gas giant	FALSE	FALSE	FALSE	FALSE	FALSE			Enceladus
3119	493	394	Gamma Ilus	Ilus	Alien world	FALSE	FALSE	FALSE	FALSE	FALSE			Enceladus
3120	493	394	Delta Ilus	Ilus	Alien world	FALSE	FALSE	FALSE	FALSE	FALSE			Enceladus
3121	502	408	Adephagia	Adephagia	Sun	TRUE	TRUE	FALSE	FALSE	FALSE		Ilus	Enceladus
3122	502	408	Alpha Adephagia	Adephagia	Terran planet	FALSE	FALSE	FALSE	FALSE	FALSE			Enceladus
3123	502	408	Restaurant #8910	Adephagia	Space Burger	FALSE	FALSE	FALSE	FALSE	FALSE			Enceladus
3124	502	408	Chi Adephagia	Adephagia	Alien world	FALSE	FALSE	FALSE	FALSE	FALSE	moon		Enceladus
3125	485	398	Celaeno	Celaeno	Sun	TRUE	TRUE	FALSE	FALSE	FALSE		Anaideia, Haemus, Ilus	Enceladus
3126	485	398	Alpha Celaeno	Celaeno	Gas giant	FALSE	FALSE	FALSE	FALSE	FALSE			Enceladus
3127	485	398	Beta Celaeno	Celaeno	Terran planet	FALSE	FALSE	FALSE	FALSE	FALSE			Enceladus
3128	485	398	Gamma Celaeno	Celaeno	Terran planet	FALSE	FALSE	FALSE	FALSE	FALSE			Enceladus
3129	485	398	Delta Celaeno	Celaeno	Terran planet	FALSE	FALSE	FALSE	FALSE	FALSE			Enceladus
3130	481	392	Anaideia	Anaideia	Sun	TRUE	TRUE	FALSE	FALSE	FALSE		Celaeno	Enceladus
3131	481	392	Alpha Anaideia	Anaideia	Terran planet	FALSE	FALSE	FALSE	FALSE	FALSE			Enceladus
3132	481	392	Beta Anaideia	Anaideia	Inferno	FALSE	TRUE	FALSE	FALSE	FALSE			Enceladus
3133	481	392	Outlet 15800.12848	Anaideia	Gus's Gas	FALSE	FALSE	FALSE	FALSE	FALSE			Enceladus
3134	460	414	Cocytus	Cocytus	Sun	TRUE	TRUE	FALSE	FALSE	FALSE		Haemus	Enceladus
3135	460	414	Alpha Cocytus	Cocytus	Alien world	FALSE	FALSE	TRUE	FALSE	FALSE			Enceladus
3136	460	414	Beta Cocytus	Cocytus	Alien world	FALSE	FALSE	FALSE	FALSE	FALSE			Enceladus
3137	460	414	Gamma Cocytus	Cocytus	Alien world	FALSE	FALSE	FALSE	FALSE	FALSE			Enceladus
3138	466	434	Haemus	Haemus	Sun	TRUE	TRUE	FALSE	FALSE	FALSE		Althaemenes, Cocytus, Celaeno	Enceladus
3139	466	434	Alpha Haemus	Haemus	Alien world	FALSE	FALSE	FALSE	FALSE	FALSE			Enceladus
3140	466	434	Psi Haemus	Haemus	Alien world	FALSE	FALSE	FALSE	FALSE	FALSE	moon		Enceladus
3141	466	434	Gamma Haemus	Haemus	Inferno	FALSE	TRUE	FALSE	FALSE	FALSE			Enceladus
3142	466	434	Delta Haemus	Haemus	Alien world	FALSE	FALSE	FALSE	FALSE	FALSE			Enceladus
3143	466	434	Epsilon Haemus	Haemus	Gas giant	FALSE	FALSE	FALSE	FALSE	FALSE			Enceladus
3144	487	448	Althaemenes	Althaemenes	Sun	TRUE	TRUE	FALSE	FALSE	FALSE		Haemus	Enceladus
3145	487	448	Alpha Althaemenes	Althaemenes	Alien world	FALSE	FALSE	FALSE	FALSE	FALSE			Enceladus
3146	487	448	Beta Althaemenes	Althaemenes	Terran planet	FALSE	FALSE	FALSE	FALSE	FALSE			Enceladus
3147	540	526	Enyalius	Enyalius	Sun	TRUE	TRUE	FALSE	FALSE	FALSE		Aglaope	Iolaus
3148	540	526	Alpha Enyalius	Enyalius	Alien world	FALSE	FALSE	FALSE	FALSE	FALSE			Iolaus
3149	540	526	Psi Enyalius	Enyalius	Artificial moon	FALSE	FALSE	FALSE	FALSE	FALSE	moon		Iolaus
3150	540	526	Chi Enyalius	Enyalius	Artificial moon	FALSE	FALSE	FALSE	FALSE	FALSE	moon		Iolaus
3151	540	526	Delta Enyalius	Enyalius	Alien world	FALSE	FALSE	FALSE	FALSE	FALSE			Iolaus
3152	540	526	Epsilon Enyalius	Enyalius	Terran planet	FALSE	FALSE	FALSE	FALSE	FALSE			Iolaus
3153	540	526	Zeta Enyalius	Enyalius	Frozen wasteland	FALSE	FALSE	FALSE	TRUE	FALSE			Iolaus
3154	540	526	Sigma Enyalius	Enyalius	Artificial moon	FALSE	FALSE	FALSE	FALSE	FALSE	moon		Iolaus
3155	540	526	Theta Enyalius	Enyalius	Terran planet	FALSE	FALSE	FALSE	FALSE	FALSE			Iolaus
3156	540	526	Pi Enyalius	Enyalius	Alien world	FALSE	FALSE	TRUE	FALSE	FALSE	moon		Iolaus
3157	540	526	Omicron Enyalius	Enyalius	Artificial moon	FALSE	FALSE	FALSE	FALSE	FALSE	moon		Iolaus
3158	550	563	Aglaope	Aglaope	Sun	TRUE	TRUE	FALSE	FALSE	FALSE		Enyalius	Iolaus
3159	550	563	Alpha Aglaope	Aglaope	Alien world	FALSE	FALSE	FALSE	FALSE	FALSE			Iolaus
3160	550	563	Beta Aglaope	Aglaope	Gas giant	FALSE	FALSE	FALSE	FALSE	FALSE			Iolaus
3161	550	563	Chi Aglaope	Aglaope	Artificial moon	FALSE	FALSE	FALSE	FALSE	FALSE	moon		Iolaus
3162	550	563	Phi Aglaope	Aglaope	Barren rock	FALSE	FALSE	FALSE	FALSE	FALSE	moon		Iolaus
3163	451	584	Nyctimene	Nyctimene	Sun	TRUE	TRUE	FALSE	FALSE	FALSE		Busiris	Erymanthus
3164	451	584	Alpha Nyctimene	Nyctimene	Terran planet	FALSE	FALSE	FALSE	FALSE	FALSE			Erymanthus
3165	451	584	Beta Nyctimene	Nyctimene	Alien world	FALSE	FALSE	FALSE	FALSE	FALSE			Erymanthus
3166	451	584	Restaurant #4093	Nyctimene	Space Burger	FALSE	FALSE	FALSE	FALSE	FALSE	Droid #49AB		Erymanthus
3167	451	584	Delta Nyctimene	Nyctimene	Gas giant	FALSE	FALSE	FALSE	FALSE	FALSE			Erymanthus
3168	451	584	Epsilon Nyctimene	Nyctimene	Gas giant	FALSE	FALSE	FALSE	FALSE	FALSE			Erymanthus
3169	451	584	Outlet 14876.19149	Nyctimene	Gus's Gas	FALSE	FALSE	FALSE	FALSE	FALSE			Erymanthus
3170	505	543	Bremusa	Bremusa	Sun	TRUE	TRUE	FALSE	FALSE	FALSE		Hilaera	Erymanthus
3171	505	543	Alpha Bremusa	Bremusa	Terran planet	FALSE	FALSE	FALSE	FALSE	FALSE			Erymanthus
3172	505	543	Beta Bremusa	Bremusa	Alien world	FALSE	FALSE	FALSE	FALSE	FALSE			Erymanthus
3173	505	543	Bremusa dealership	Bremusa	Heroware	FALSE	FALSE	FALSE	FALSE	FALSE			Erymanthus
3174	505	543	Phi Bremusa	Bremusa	Alien world	FALSE	FALSE	FALSE	FALSE	FALSE	moon		Erymanthus
3175	505	543	Epsilon Bremusa	Bremusa	Frozen wasteland	FALSE	FALSE	FALSE	TRUE	FALSE			Erymanthus
3176	502	531	Hilaera	Hilaera	Sun	TRUE	TRUE	FALSE	FALSE	FALSE		Busiris, Bremusa	Erymanthus
3177	502	531	Alpha Hilaera	Hilaera	Alien world	FALSE	FALSE	FALSE	FALSE	FALSE			Erymanthus
3178	502	531	Beta Hilaera	Hilaera	Terran planet	FALSE	FALSE	FALSE	FALSE	FALSE			Erymanthus
3179	502	531	Gamma Hilaera	Hilaera	Terran planet	FALSE	FALSE	FALSE	FALSE	FALSE			Erymanthus
3180	502	531	Delta Hilaera	Hilaera	Gas giant	FALSE	FALSE	FALSE	FALSE	FALSE			Erymanthus
3181	484	529	Gorge	Gorge	Sun	TRUE	TRUE	FALSE	FALSE	FALSE		Acmon	Erymanthus
3182	484	529	Alpha Gorge	Gorge	Alien world	FALSE	FALSE	FALSE	FALSE	FALSE			Erymanthus
3183	484	529	Beta Gorge	Gorge	Alien world	FALSE	FALSE	FALSE	FALSE	FALSE			Erymanthus
3184	484	529	Gamma Gorge	Gorge	Alien world	FALSE	FALSE	FALSE	FALSE	FALSE			Erymanthus
3185	484	529	Outlet 15947.17338	Gorge	Gus's Gas	FALSE	FALSE	FALSE	FALSE	FALSE			Erymanthus
3186	471	527	Acmon	Acmon	Sun	TRUE	TRUE	FALSE	FALSE	FALSE		Busiris, Gorge	Erymanthus
3187	471	527	Alpha Acmon	Acmon	Alien world	FALSE	FALSE	FALSE	FALSE	FALSE			Erymanthus
3188	471	527	Beta Acmon	Acmon	Alien world	FALSE	FALSE	FALSE	FALSE	FALSE			Erymanthus
3189	471	527	Acmon campus	Acmon	Heroes Academy	FALSE	FALSE	FALSE	FALSE	FALSE			Erymanthus
3190	471	527	Delta Acmon	Acmon	Alien world	FALSE	FALSE	FALSE	FALSE	FALSE			Erymanthus
3191	471	527	Epsilon Acmon	Acmon	Frozen wasteland	FALSE	FALSE	FALSE	TRUE	FALSE			Erymanthus
3192	471	527	Tau Acmon	Acmon	Barren rock	FALSE	FALSE	FALSE	FALSE	FALSE	moon		Erymanthus
3193	471	527	Sigma Acmon	Acmon	Artificial moon	FALSE	FALSE	FALSE	FALSE	FALSE	moon		Erymanthus
3194	459	560	Cyzicus	Cyzicus	Sun	TRUE	TRUE	FALSE	FALSE	FALSE		Busiris	Erymanthus
3195	459	560	Alpha Cyzicus	Cyzicus	Inferno	FALSE	TRUE	FALSE	FALSE	FALSE			Erymanthus
3196	459	560	Psi Cyzicus	Cyzicus	Artificial moon	FALSE	FALSE	FALSE	FALSE	FALSE	moon		Erymanthus
3197	459	560	Chi Cyzicus	Cyzicus	Barren rock	FALSE	FALSE	FALSE	FALSE	FALSE	moon		Erymanthus
3198	459	560	Phi Cyzicus	Cyzicus	Artificial moon	FALSE	FALSE	FALSE	FALSE	FALSE	moon		Erymanthus
3199	459	560	Epsilon Cyzicus	Cyzicus	Gas giant	FALSE	FALSE	FALSE	FALSE	FALSE			Erymanthus
3200	478	560	Busiris	Busiris	Sun	TRUE	TRUE	FALSE	FALSE	FALSE		Nyctimene, Charites, Cyzicus, Acmon, Hilaera	Erymanthus
3201	478	560	Alpha Busiris	Busiris	Alien world	FALSE	FALSE	FALSE	FALSE	FALSE			Erymanthus
3202	478	560	Beta Busiris	Busiris	Alien world	FALSE	FALSE	FALSE	FALSE	FALSE			Erymanthus
3203	478	560	Gamma Busiris	Busiris	Alien world	FALSE	FALSE	FALSE	FALSE	FALSE			Erymanthus
3204	478	560	Phi Busiris	Busiris	Barren rock	FALSE	FALSE	FALSE	FALSE	FALSE	moon		Erymanthus
3205	478	560	Busiris station	Busiris	Aftermarket Station	FALSE	FALSE	FALSE	FALSE	FALSE			Erymanthus
3206	478	560	Zeta Busiris	Busiris	Terran planet	FALSE	FALSE	FALSE	FALSE	FALSE			Erymanthus
3207	478	560	Eta Busiris	Busiris	Frozen wasteland	FALSE	FALSE	TRUE	TRUE	FALSE			Erymanthus
3208	466	624	Charites	Charites	Sun	TRUE	TRUE	FALSE	FALSE	FALSE		Busiris	Erymanthus
3209	466	624	Alpha Charites	Charites	Alien world	FALSE	FALSE	FALSE	FALSE	FALSE			Erymanthus
3210	466	624	Psi Charites	Charites	Artificial moon	FALSE	FALSE	FALSE	FALSE	FALSE	moon		Erymanthus
3211	466	624	Gamma Charites	Charites	Terran planet	FALSE	FALSE	FALSE	FALSE	FALSE			Erymanthus
3212	466	624	Delta Charites	Charites	Frozen wasteland	FALSE	FALSE	FALSE	TRUE	FALSE			Erymanthus
3213	466	624	Epsilon Charites	Charites	Terran planet	FALSE	FALSE	FALSE	FALSE	FALSE			Erymanthus
3214	466	624	Outlet 15447.20448	Charites	Gus's Gas	FALSE	FALSE	FALSE	FALSE	FALSE			Erymanthus
3215	466	624	Sigma Charites	Charites	Barren rock	FALSE	FALSE	FALSE	FALSE	FALSE	moon		Erymanthus
3216	466	624	Rho Charites	Charites	Artificial moon	FALSE	FALSE	FALSE	FALSE	FALSE	moon		Erymanthus
3217	466	624	Pi Charites	Charites	Alien world	FALSE	FALSE	TRUE	FALSE	FALSE	moon		Erymanthus
3218	466	624	Kappa Charites	Charites	Terran planet	FALSE	FALSE	FALSE	FALSE	FALSE			Erymanthus
3219	404	521	Eleusis	Eleusis	Sun	TRUE	TRUE	FALSE	FALSE	FALSE		Thelchtereia, Autolycus, Phalanthus, Antimachus	Adrastea
3220	404	521	Alpha Eleusis	Eleusis	Alien world	FALSE	FALSE	FALSE	FALSE	FALSE			Adrastea
3221	404	521	Mugasha Baziba	Eleusis	Asteroid belt	FALSE	FALSE	FALSE	FALSE	FALSE			Adrastea
3222	404	521	Gamma Eleusis	Eleusis	Inferno	FALSE	TRUE	FALSE	FALSE	FALSE			Adrastea
3223	404	521	Delta Eleusis	Eleusis	Alien world	FALSE	FALSE	FALSE	FALSE	FALSE			Adrastea
3224	404	521	Epsilon Eleusis	Eleusis	Gas giant	FALSE	FALSE	FALSE	FALSE	FALSE			Adrastea
3225	404	521	Restaurant #2964	Eleusis	Space Burger	FALSE	FALSE	FALSE	FALSE	FALSE	Droid #9B8F and Droid #485A		Adrastea
3226	404	521	Sigma Eleusis	Eleusis	Artificial moon	FALSE	FALSE	FALSE	FALSE	FALSE	moon		Adrastea
3227	404	521	Theta Eleusis	Eleusis	Frozen wasteland	FALSE	FALSE	FALSE	TRUE	FALSE			Adrastea
3228	401	489	Chryson	Chryson	Sun	TRUE	TRUE	FALSE	FALSE	FALSE		Antimachus	Adrastea
3229	401	489	Alpha Chryson	Chryson	Terran planet	FALSE	FALSE	FALSE	FALSE	FALSE			Adrastea
3230	401	489	Beta Chryson	Chryson	Terran planet	FALSE	FALSE	FALSE	FALSE	FALSE			Adrastea
3231	401	489	Gamma Chryson	Chryson	Gas giant	FALSE	FALSE	FALSE	FALSE	FALSE			Adrastea
3232	405	498	Antimachus	Antimachus	Sun	TRUE	TRUE	FALSE	FALSE	FALSE		Eleusis, Chryson	Adrastea
3233	405	498	Alpha Antimachus	Antimachus	Terran planet	FALSE	FALSE	FALSE	FALSE	FALSE			Adrastea
3234	405	498	Psi Antimachus	Antimachus	Alien world	FALSE	FALSE	FALSE	FALSE	FALSE	moon		Adrastea
3235	405	498	Gamma Antimachus	Antimachus	Alien world	FALSE	FALSE	FALSE	FALSE	FALSE			Adrastea
3236	405	498	Outlet 13372.16345	Antimachus	Gus's Gas	FALSE	FALSE	FALSE	FALSE	FALSE			Adrastea
3237	405	498	Epsilon Antimachus	Antimachus	Alien world	FALSE	FALSE	FALSE	FALSE	FALSE			Adrastea
3238	405	498	Zeta Antimachus	Antimachus	Alien world	FALSE	FALSE	TRUE	FALSE	FALSE			Adrastea
3239	405	498	Sigma Antimachus	Antimachus	Alien world	FALSE	FALSE	TRUE	FALSE	FALSE	moon		Adrastea
3240	405	498	Rho Antimachus	Antimachus	Alien world	FALSE	FALSE	FALSE	FALSE	FALSE	moon		Adrastea
3241	405	498	Pi Antimachus	Antimachus	Barren rock	FALSE	FALSE	FALSE	FALSE	FALSE	moon		Adrastea
3242	413	538	Phalanthus	Phalanthus	Sun	TRUE	TRUE	FALSE	FALSE	FALSE		Eleusis	Adrastea
3243	413	538	Alpha Phalanthus	Phalanthus	Gas giant	FALSE	FALSE	FALSE	FALSE	FALSE			Adrastea
3244	413	538	Madam Cosima	Phalanthus	Fortune Teller	FALSE	FALSE	FALSE	FALSE	FALSE			Adrastea
3245	415	557	Autolycus	Autolycus	Sun	TRUE	TRUE	FALSE	FALSE	FALSE		Eleusis	Adrastea
3246	415	557	Alpha Autolycus	Autolycus	Alien world	FALSE	FALSE	FALSE	FALSE	FALSE			Adrastea
3247	415	557	Psi Autolycus	Autolycus	Barren rock	FALSE	FALSE	FALSE	FALSE	FALSE	moon		Adrastea
3248	415	557	Gamma Autolycus	Autolycus	Gas giant	FALSE	FALSE	FALSE	FALSE	FALSE			Adrastea
3249	415	557	Phi Autolycus	Autolycus	Artificial moon	FALSE	FALSE	FALSE	FALSE	FALSE	moon		Adrastea
3250	415	557	Upsilon Autolycus	Autolycus	Alien world	FALSE	FALSE	FALSE	FALSE	FALSE	moon		Adrastea
3251	415	557	Tau Autolycus	Autolycus	Artificial moon	FALSE	FALSE	FALSE	FALSE	FALSE	moon		Adrastea
3252	415	557	Sigma Autolycus	Autolycus	Barren rock	FALSE	FALSE	FALSE	FALSE	FALSE	moon		Adrastea
3253	415	557	Theta Autolycus	Autolycus	Alien world	FALSE	FALSE	FALSE	FALSE	FALSE			Adrastea
3254	415	557	Pi Autolycus	Autolycus	Artificial moon	FALSE	FALSE	FALSE	FALSE	FALSE	moon		Adrastea
3255	415	557	Omicron Autolycus	Autolycus	Artificial moon	FALSE	FALSE	FALSE	FALSE	FALSE	moon		Adrastea
3256	415	557	Lambda Autolycus	Autolycus	Alien world	FALSE	FALSE	FALSE	FALSE	FALSE			Adrastea
3257	415	557	Outlet 13835.18275	Autolycus	Gus's Gas	FALSE	FALSE	FALSE	FALSE	FALSE			Adrastea
3258	379	581	Achilles	Achilles	Sun	TRUE	TRUE	FALSE	FALSE	FALSE		Thelchtereia	Adrastea
3259	379	581	Alpha Achilles	Achilles	Terran planet	FALSE	FALSE	FALSE	FALSE	FALSE			Adrastea
3260	374	575	Thelchtereia	Thelchtereia	Sun	TRUE	TRUE	FALSE	FALSE	FALSE		Achilles, Oenoe, Eleusis	Adrastea
3261	374	575	Alpha Thelchtereia	Thelchtereia	Alien world	FALSE	FALSE	FALSE	FALSE	FALSE			Adrastea
3262	374	575	Beta Thelchtereia	Thelchtereia	Alien world	FALSE	FALSE	FALSE	FALSE	FALSE			Adrastea
3263	374	575	Chi Thelchtereia	Thelchtereia	Barren rock	FALSE	FALSE	FALSE	FALSE	FALSE	moon		Adrastea
3264	374	575	Delta Thelchtereia	Thelchtereia	Frozen wasteland	FALSE	FALSE	FALSE	TRUE	FALSE			Adrastea
3265	374	575	Thelchtereia campus	Thelchtereia	Heroes Academy	FALSE	FALSE	FALSE	FALSE	FALSE			Adrastea
3266	374	575	Zeta Thelchtereia	Thelchtereia	Terran planet	FALSE	FALSE	FALSE	FALSE	FALSE			Adrastea
3267	374	575	Eta Thelchtereia	Thelchtereia	Gas giant	FALSE	FALSE	TRUE	FALSE	FALSE			Adrastea
3268	374	575	Madam Jaelle	Thelchtereia	Fortune Teller	FALSE	FALSE	FALSE	FALSE	FALSE			Adrastea
3269	374	575	Pi Thelchtereia	Thelchtereia	Barren rock	FALSE	FALSE	FALSE	FALSE	FALSE	moon		Adrastea
3270	374	575	Asase Yaa	Thelchtereia	Asteroid belt	FALSE	FALSE	FALSE	TRUE	FALSE			Adrastea
3271	357	550	Oenoe	Oenoe	Sun	TRUE	TRUE	FALSE	FALSE	FALSE		Temenus, Thelchtereia	Adrastea
3272	357	550	Alpha Oenoe	Oenoe	Gas giant	FALSE	FALSE	FALSE	FALSE	FALSE			Adrastea
3273	357	550	Beta Oenoe	Oenoe	Alien world	FALSE	FALSE	FALSE	FALSE	FALSE			Adrastea
3274	357	550	Gamma Oenoe	Oenoe	Terran planet	FALSE	FALSE	FALSE	FALSE	FALSE			Adrastea
3275	357	550	Phi Oenoe	Oenoe	Artificial moon	FALSE	FALSE	FALSE	FALSE	FALSE	moon		Adrastea
3276	357	550	Upsilon Oenoe	Oenoe	Alien world	FALSE	FALSE	FALSE	FALSE	FALSE	moon		Adrastea
3277	320	546	Temenus	Temenus	Sun	TRUE	TRUE	FALSE	FALSE	FALSE		Oenoe	Adrastea
3278	320	546	Alpha Temenus	Temenus	Gas giant	FALSE	FALSE	FALSE	FALSE	FALSE			Adrastea
3279	320	546	Restaurant #8785	Temenus	Space Burger	FALSE	FALSE	FALSE	FALSE	FALSE			Adrastea
3280	320	546	Gamma Temenus	Temenus	Terran planet	FALSE	FALSE	FALSE	FALSE	FALSE			Adrastea
3281	320	546	Madam Alta	Temenus	Fortune Teller	FALSE	FALSE	FALSE	FALSE	FALSE			Adrastea
3282	389	486	Alabandus	Alabandus	Sun	TRUE	TRUE	FALSE	FALSE	FALSE		Rhadine	Tenes
3283	389	486	Alpha Alabandus	Alabandus	Alien world	FALSE	FALSE	FALSE	FALSE	FALSE			Tenes
3284	389	486	Psi Alabandus	Alabandus	Alien world	FALSE	FALSE	FALSE	FALSE	FALSE	moon		Tenes
3285	389	486	Chi Alabandus	Alabandus	Barren rock	FALSE	FALSE	FALSE	FALSE	FALSE	moon		Tenes
3286	389	486	Restaurant #993	Alabandus	Space Burger	FALSE	FALSE	FALSE	FALSE	FALSE			Tenes
3287	389	486	Upsilon Alabandus	Alabandus	Alien world	FALSE	FALSE	FALSE	FALSE	FALSE	moon		Tenes
3288	389	486	Zeta Alabandus	Alabandus	Alien world	FALSE	FALSE	FALSE	FALSE	FALSE			Tenes
3289	389	486	Eta Alabandus	Alabandus	Gas giant	FALSE	FALSE	FALSE	FALSE	FALSE			Tenes
3290	389	486	Alabandus station	Alabandus	Aftermarket Station	FALSE	FALSE	FALSE	FALSE	FALSE			Tenes
3291	361	492	Pelias	Pelias	Sun	TRUE	TRUE	FALSE	FALSE	FALSE		Tyndareus	Tenes
3292	361	492	Alpha Pelias	Pelias	Gas giant	FALSE	FALSE	TRUE	FALSE	FALSE			Tenes
3293	366	496	Tyndareus	Tyndareus	Sun	TRUE	TRUE	FALSE	FALSE	FALSE		Rhadine, Pelias	Tenes
3294	366	496	Alpha Tyndareus	Tyndareus	Alien world	FALSE	FALSE	FALSE	FALSE	FALSE			Tenes
3295	366	496	Beta Tyndareus	Tyndareus	Alien world	FALSE	FALSE	FALSE	FALSE	FALSE			Tenes
3296	372	494	Rhadine	Rhadine	Sun	TRUE	TRUE	FALSE	FALSE	FALSE		Tyndareus, Ormenos, Alabandus	Tenes
3297	372	494	Alpha Rhadine	Rhadine	Gas giant	FALSE	FALSE	FALSE	FALSE	FALSE			Tenes
3298	372	494	Psi Rhadine	Rhadine	Barren rock	FALSE	FALSE	FALSE	FALSE	FALSE	moon		Tenes
3299	372	494	Gamma Rhadine	Rhadine	Inferno	FALSE	TRUE	FALSE	FALSE	FALSE			Tenes
3300	372	494	Delta Rhadine	Rhadine	Alien world	FALSE	FALSE	FALSE	FALSE	FALSE			Tenes
3301	385	516	Mariandymus	Mariandymus	Sun	TRUE	TRUE	FALSE	FALSE	FALSE		Megareus	Tenes
3302	385	516	Alpha Mariandymus	Mariandymus	Gas giant	FALSE	FALSE	TRUE	FALSE	FALSE			Tenes
3303	385	516	Beta Mariandymus	Mariandymus	Alien world	FALSE	FALSE	FALSE	FALSE	FALSE			Tenes
3304	380	520	Megareus	Megareus	Sun	TRUE	TRUE	FALSE	FALSE	FALSE		Mariandymus, Pittheus	Tenes
3305	380	520	Alpha Megareus	Megareus	Inferno	FALSE	TRUE	FALSE	FALSE	FALSE			Tenes
3306	380	520	Beta Megareus	Megareus	Gas giant	FALSE	FALSE	FALSE	FALSE	FALSE			Tenes
3307	380	520	Gamma Megareus	Megareus	Gas giant	FALSE	FALSE	FALSE	FALSE	FALSE			Tenes
3308	382	507	Pittheus	Pittheus	Sun	TRUE	TRUE	FALSE	FALSE	FALSE		Ormenos, Megareus	Tenes
3309	382	507	Alpha Pittheus	Pittheus	Inferno	FALSE	TRUE	FALSE	FALSE	FALSE			Tenes
3310	382	507	Beta Pittheus	Pittheus	Gas giant	FALSE	FALSE	TRUE	FALSE	FALSE			Tenes
3311	382	507	Gamma Pittheus	Pittheus	Gas giant	FALSE	FALSE	FALSE	FALSE	FALSE			Tenes
3312	382	507	Delta Pittheus	Pittheus	Gas giant	FALSE	FALSE	FALSE	FALSE	FALSE			Tenes
3313	382	507	Epsilon Pittheus	Pittheus	Alien world	FALSE	FALSE	FALSE	FALSE	FALSE			Tenes
3314	382	507	Tau Pittheus	Pittheus	Alien world	FALSE	FALSE	FALSE	FALSE	FALSE	moon		Tenes
3315	382	507	Sigma Pittheus	Pittheus	Artificial moon	FALSE	FALSE	FALSE	FALSE	FALSE	moon		Tenes
3316	365	505	Ormenos	Ormenos	Sun	TRUE	TRUE	FALSE	FALSE	FALSE		Apollo, Rhadine, Pittheus	Tenes
3317	365	505	Alpha Ormenos	Ormenos	Inferno	FALSE	TRUE	FALSE	FALSE	FALSE			Tenes
3318	365	505	Beta Ormenos	Ormenos	Gas giant	FALSE	FALSE	FALSE	FALSE	FALSE			Tenes
3319	365	505	Madam Tsura	Ormenos	Fortune Teller	FALSE	FALSE	FALSE	FALSE	FALSE			Tenes
3320	365	505	Ormenos dealership	Ormenos	Heroware	FALSE	FALSE	FALSE	FALSE	FALSE			Tenes
3321	365	505	Upsilon Ormenos	Ormenos	Alien world	FALSE	FALSE	FALSE	FALSE	FALSE	moon		Tenes
3322	365	505	Zeta Ormenos	Ormenos	Alien world	FALSE	FALSE	FALSE	FALSE	FALSE			Tenes
3323	365	505	Eta Ormenos	Ormenos	Alien world	FALSE	FALSE	FALSE	FALSE	FALSE			Tenes
3324	354	500	Apollo	Apollo	Sun	TRUE	TRUE	FALSE	FALSE	FALSE		Ormenos	Tenes
3325	354	500	Alpha Apollo	Apollo	Alien world	FALSE	FALSE	FALSE	FALSE	FALSE			Tenes
3326	354	500	Beta Apollo	Apollo	Gas giant	FALSE	FALSE	FALSE	FALSE	FALSE			Tenes
3327	355	487	Aegea	Aegea	Sun	TRUE	TRUE	FALSE	FALSE	FALSE		Kokytos	Alcibie
3328	355	487	Alpha Aegea	Aegea	Terran planet	FALSE	FALSE	FALSE	FALSE	FALSE			Alcibie
3329	355	487	Beta Aegea	Aegea	Terran planet	FALSE	FALSE	FALSE	FALSE	FALSE			Alcibie
3330	351	488	Kokytos	Kokytos	Sun	TRUE	TRUE	FALSE	FALSE	FALSE		Aegea, Phaëton	Alcibie
3331	351	488	Alpha Kokytos	Kokytos	Alien world	FALSE	FALSE	FALSE	FALSE	FALSE			Alcibie
3332	351	488	Beta Kokytos	Kokytos	Gas giant	FALSE	FALSE	FALSE	FALSE	FALSE			Alcibie
3333	351	488	Chi Kokytos	Kokytos	Artificial moon	FALSE	FALSE	FALSE	FALSE	FALSE	moon		Alcibie
3334	351	488	Delta Kokytos	Kokytos	Alien world	FALSE	FALSE	FALSE	FALSE	FALSE			Alcibie
3335	342	480	Carystus	Carystus	Sun	TRUE	TRUE	FALSE	FALSE	FALSE		Amechania	Alcibie
3336	342	480	Alpha Carystus	Carystus	Alien world	FALSE	FALSE	FALSE	FALSE	FALSE			Alcibie
3337	344	471	Amechania	Amechania	Sun	TRUE	TRUE	FALSE	FALSE	FALSE		Carystus, Phaëton	Alcibie
3338	344	471	Alpha Amechania	Amechania	Terran planet	FALSE	FALSE	FALSE	FALSE	FALSE			Alcibie
3339	344	471	Psi Amechania	Amechania	Barren rock	FALSE	FALSE	FALSE	FALSE	FALSE	moon		Alcibie
3340	344	471	Gamma Amechania	Amechania	Gas giant	FALSE	FALSE	FALSE	FALSE	FALSE			Alcibie
3341	344	471	Phi Amechania	Amechania	Barren rock	FALSE	FALSE	FALSE	FALSE	FALSE	moon		Alcibie
3342	344	471	Epsilon Amechania	Amechania	Gas giant	FALSE	FALSE	TRUE	FALSE	FALSE			Alcibie
3343	344	471	Tau Amechania	Amechania	Barren rock	FALSE	FALSE	FALSE	FALSE	FALSE	moon		Alcibie
3344	344	471	Sigma Amechania	Amechania	Barren rock	FALSE	FALSE	TRUE	FALSE	FALSE	moon		Alcibie
3345	358	472	Phaëton	Phaëton	Sun	TRUE	TRUE	FALSE	FALSE	FALSE		Kokytos, Amechania, Lampus	Alcibie
3346	358	472	Alpha Phaëton	Phaëton	Terran planet	FALSE	FALSE	FALSE	FALSE	FALSE			Alcibie
3347	358	472	Psi Phaëton	Phaëton	Artificial moon	FALSE	FALSE	FALSE	FALSE	FALSE	moon		Alcibie
3348	358	472	Chi Phaëton	Phaëton	Barren rock	FALSE	FALSE	FALSE	FALSE	FALSE	moon		Alcibie
3349	358	472	Delta Phaëton	Phaëton	Terran planet	FALSE	FALSE	FALSE	FALSE	FALSE			Alcibie
3350	358	472	Upsilon Phaëton	Phaëton	Alien world	FALSE	FALSE	FALSE	FALSE	FALSE	moon		Alcibie
3351	358	472	Zeta Phaëton	Phaëton	Alien world	FALSE	FALSE	FALSE	FALSE	FALSE			Alcibie
3352	358	472	Eta Phaëton	Phaëton	Frozen wasteland	FALSE	FALSE	FALSE	TRUE	FALSE			Alcibie
3353	358	472	Theta Phaëton	Phaëton	Frozen wasteland	FALSE	FALSE	FALSE	TRUE	FALSE			Alcibie
3354	359	452	Lampus	Lampus	Sun	TRUE	TRUE	FALSE	FALSE	FALSE		Daphne, Cyparissus, Phaëton	Alcibie
3355	359	452	Alpha Lampus	Lampus	Alien world	FALSE	FALSE	FALSE	FALSE	FALSE			Alcibie
3356	359	452	Beta Lampus	Lampus	Inferno	FALSE	TRUE	FALSE	FALSE	FALSE			Alcibie
3357	359	452	Chi Lampus	Lampus	Barren rock	FALSE	FALSE	FALSE	FALSE	FALSE	moon		Alcibie
3358	359	452	Phi Lampus	Lampus	Artificial moon	FALSE	FALSE	FALSE	FALSE	FALSE	moon		Alcibie
3359	359	452	Epsilon Lampus	Lampus	Terran planet	FALSE	FALSE	FALSE	FALSE	FALSE			Alcibie
3360	359	452	Tau Lampus	Lampus	Alien world	FALSE	FALSE	FALSE	FALSE	FALSE	moon		Alcibie
3361	359	452	Sigma Lampus	Lampus	Alien world	FALSE	FALSE	FALSE	FALSE	FALSE	moon		Alcibie
3362	352	449	Daphne	Daphne	Sun	TRUE	TRUE	FALSE	FALSE	FALSE		Lampus	Alcibie
3363	352	449	Alpha Daphne	Daphne	Gas giant	FALSE	FALSE	FALSE	FALSE	FALSE			Alcibie
3364	340	452	Cyparissus	Cyparissus	Sun	TRUE	TRUE	FALSE	FALSE	FALSE		Lampus	Alcibie
3365	340	452	Alpha Cyparissus	Cyparissus	Alien world	FALSE	FALSE	FALSE	FALSE	FALSE			Alcibie
3366	291	448	Helios	Helios	Sun	TRUE	TRUE	FALSE	FALSE	FALSE		Cymopoleia, Hylas, Trochilus, Zagreus	Eupheme
3367	291	448	Alpha Helios	Helios	Alien world	FALSE	FALSE	FALSE	FALSE	FALSE			Eupheme
3368	291	448	Beta Helios	Helios	Alien world	FALSE	FALSE	FALSE	FALSE	FALSE			Eupheme
3369	291	448	Gamma Helios	Helios	Terran planet	FALSE	FALSE	FALSE	FALSE	FALSE			Eupheme
3370	291	448	Dwyn Kazoba	Helios	Asteroid belt	FALSE	FALSE	FALSE	FALSE	FALSE			Eupheme
3371	291	448	Epsilon Helios	Helios	Alien world	FALSE	FALSE	FALSE	FALSE	FALSE			Eupheme
3372	291	448	Tau Helios	Helios	Artificial moon	FALSE	FALSE	FALSE	FALSE	FALSE	moon		Eupheme
3373	291	448	Eta Helios	Helios	Alien world	FALSE	FALSE	FALSE	FALSE	FALSE			Eupheme
3374	312	499	Cleoboea	Cleoboea	Sun	TRUE	TRUE	FALSE	FALSE	FALSE		Idaios	Eupheme
3375	312	499	Alpha Cleoboea	Cleoboea	Alien world	FALSE	FALSE	FALSE	FALSE	FALSE			Eupheme
3376	312	499	Psi Cleoboea	Cleoboea	Alien world	FALSE	FALSE	FALSE	FALSE	FALSE	moon		Eupheme
3377	312	499	Chi Cleoboea	Cleoboea	Barren rock	FALSE	FALSE	FALSE	FALSE	FALSE	moon		Eupheme
3378	312	499	Delta Cleoboea	Cleoboea	Alien world	FALSE	FALSE	FALSE	FALSE	FALSE			Eupheme
3379	312	499	Epsilon Cleoboea	Cleoboea	Alien world	FALSE	FALSE	FALSE	FALSE	FALSE			Eupheme
3380	315	474	Metis	Metis	Sun	TRUE	TRUE	FALSE	FALSE	FALSE		Idaios	Eupheme
3381	315	474	Alpha Metis	Metis	Gas giant	FALSE	FALSE	FALSE	FALSE	FALSE			Eupheme
3382	313	488	Idaios	Idaios	Sun	TRUE	TRUE	FALSE	FALSE	FALSE		Cleoboea, Metis, Deino, Zagreus	Eupheme
3383	313	488	Alpha Idaios	Idaios	Alien world	FALSE	FALSE	FALSE	FALSE	FALSE			Eupheme
3384	313	488	Beta Idaios	Idaios	Alien world	FALSE	FALSE	FALSE	FALSE	FALSE			Eupheme
3385	313	488	Chi Idaios	Idaios	Alien world	FALSE	FALSE	FALSE	FALSE	FALSE	moon		Eupheme
3386	313	488	Delta Idaios	Idaios	Terran planet	FALSE	FALSE	FALSE	FALSE	FALSE			Eupheme
3387	313	488	Epsilon Idaios	Idaios	Alien world	FALSE	FALSE	FALSE	FALSE	FALSE			Eupheme
3388	330	489	Deino	Deino	Sun	TRUE	TRUE	FALSE	FALSE	FALSE		Idaios	Eupheme
3389	330	489	Alpha Deino	Deino	Gas giant	FALSE	FALSE	FALSE	FALSE	FALSE			Eupheme
3390	330	489	Beta Deino	Deino	Alien world	FALSE	FALSE	FALSE	FALSE	FALSE			Eupheme
3391	330	489	Gamma Deino	Deino	Frozen wasteland	FALSE	FALSE	FALSE	TRUE	FALSE			Eupheme
3392	330	489	Phi Deino	Deino	Barren rock	FALSE	FALSE	FALSE	FALSE	FALSE	moon		Eupheme
3393	330	489	Deino dealership	Deino	Heroware	FALSE	FALSE	FALSE	FALSE	FALSE			Eupheme
3394	330	489	Tau Deino	Deino	Artificial moon	FALSE	FALSE	FALSE	FALSE	FALSE	moon		Eupheme
3395	330	489	Eta Deino	Deino	Terran planet	FALSE	FALSE	FALSE	FALSE	FALSE			Eupheme
3396	332	478	Aether	Aether	Sun	TRUE	TRUE	FALSE	FALSE	FALSE		Zagreus	Eupheme
3397	332	478	Alpha Aether	Aether	Terran planet	FALSE	FALSE	FALSE	FALSE	FALSE			Eupheme
3398	332	478	Outlet 10945.15684	Aether	Gus's Gas	FALSE	FALSE	FALSE	FALSE	FALSE			Eupheme
3399	332	478	Gamma Aether	Aether	Terran planet	FALSE	FALSE	FALSE	FALSE	FALSE			Eupheme
3400	332	478	Aether campus	Aether	Heroes Academy	FALSE	FALSE	FALSE	FALSE	FALSE			Eupheme
3401	328	469	Zagreus	Zagreus	Sun	TRUE	TRUE	FALSE	FALSE	FALSE		Aether, Idaios, Chalciope, Helios	Eupheme
3402	328	469	Alpha Zagreus	Zagreus	Alien world	FALSE	FALSE	FALSE	FALSE	FALSE			Eupheme
3403	328	469	Beta Zagreus	Zagreus	Alien world	FALSE	FALSE	FALSE	FALSE	FALSE			Eupheme
3404	328	469	Gamma Zagreus	Zagreus	Alien world	FALSE	FALSE	FALSE	FALSE	FALSE			Eupheme
3405	328	469	Delta Zagreus	Zagreus	Terran planet	FALSE	FALSE	FALSE	FALSE	FALSE			Eupheme
3406	328	469	Upsilon Zagreus	Zagreus	Alien world	FALSE	FALSE	FALSE	FALSE	FALSE	moon		Eupheme
3407	328	469	Zeta Zagreus	Zagreus	Alien world	FALSE	FALSE	FALSE	FALSE	FALSE			Eupheme
3408	328	469	Sigma Zagreus	Zagreus	Barren rock	FALSE	FALSE	TRUE	FALSE	FALSE	moon		Eupheme
3409	349	432	Phelgethon	Phelgethon	Sun	TRUE	TRUE	FALSE	FALSE	FALSE		Chalciope	Eupheme
3410	349	432	Alpha Phelgethon	Phelgethon	Alien world	FALSE	FALSE	FALSE	FALSE	FALSE			Eupheme
3411	349	432	Beta Phelgethon	Phelgethon	Alien world	FALSE	FALSE	FALSE	FALSE	FALSE			Eupheme
3412	349	432	Restaurant #5228	Phelgethon	Space Burger	FALSE	FALSE	FALSE	FALSE	FALSE			Eupheme
3413	349	432	Delta Phelgethon	Phelgethon	Gas giant	FALSE	FALSE	FALSE	FALSE	FALSE			Eupheme
3414	337	430	Chalciope	Chalciope	Sun	TRUE	TRUE	FALSE	FALSE	FALSE		Phelgethon, Zagreus	Eupheme
3415	337	430	Alpha Chalciope	Chalciope	Alien world	FALSE	FALSE	TRUE	FALSE	FALSE			Eupheme
3416	337	430	Psi Chalciope	Chalciope	Artificial moon	FALSE	FALSE	FALSE	FALSE	FALSE	moon		Eupheme
3417	337	430	Gamma Chalciope	Chalciope	Alien world	FALSE	FALSE	FALSE	FALSE	FALSE			Eupheme
3418	337	430	Madam Gitana	Chalciope	Fortune Teller	FALSE	FALSE	FALSE	FALSE	FALSE			Eupheme
3419	337	430	Epsilon Chalciope	Chalciope	Alien world	FALSE	FALSE	FALSE	FALSE	FALSE			Eupheme
3420	337	430	Outlet 11225.14099	Chalciope	Gus's Gas	FALSE	FALSE	FALSE	FALSE	FALSE			Eupheme
3421	337	430	Sigma Chalciope	Chalciope	Alien world	FALSE	FALSE	FALSE	FALSE	FALSE	moon		Eupheme
3422	337	430	Rho Chalciope	Chalciope	Artificial moon	FALSE	FALSE	FALSE	FALSE	FALSE	moon		Eupheme
3423	337	430	Chalciope dealership	Chalciope	Heroware	FALSE	FALSE	FALSE	FALSE	FALSE			Eupheme
3424	337	430	Kappa Chalciope	Chalciope	Frozen wasteland	FALSE	FALSE	FALSE	TRUE	FALSE			Eupheme
3425	279	430	Hylas	Hylas	Sun	TRUE	TRUE	FALSE	FALSE	FALSE		Helios	Eupheme
3426	279	430	Alpha Hylas	Hylas	Alien world	FALSE	FALSE	TRUE	FALSE	FALSE			Eupheme
3427	279	430	Beta Hylas	Hylas	Alien world	FALSE	FALSE	FALSE	FALSE	FALSE			Eupheme
3428	289	440	Cymopoleia	Cymopoleia	Sun	TRUE	TRUE	FALSE	FALSE	FALSE		Helios	Eupheme
3429	289	440	Alpha Cymopoleia	Cymopoleia	Gas giant	FALSE	FALSE	TRUE	FALSE	FALSE			Eupheme
3430	271	464	Trochilus	Trochilus	Sun	TRUE	TRUE	FALSE	FALSE	FALSE		Helios	Eupheme
3431	271	464	Alpha Trochilus	Trochilus	Gas giant	FALSE	FALSE	FALSE	FALSE	FALSE			Eupheme
3432	271	464	Psi Trochilus	Trochilus	Artificial moon	FALSE	FALSE	FALSE	FALSE	FALSE	moon		Eupheme
3433	271	464	Gamma Trochilus	Trochilus	Terran planet	FALSE	FALSE	FALSE	FALSE	FALSE			Eupheme
3434	271	464	Trochilus station	Trochilus	Aftermarket Station	FALSE	FALSE	FALSE	FALSE	FALSE			Eupheme
3435	271	464	Epsilon Trochilus	Trochilus	Frozen wasteland	FALSE	FALSE	FALSE	TRUE	FALSE			Eupheme
3436	271	464	Tau Trochilus	Trochilus	Barren rock	FALSE	FALSE	FALSE	FALSE	FALSE	moon		Eupheme
3437	271	464	Sigma Trochilus	Trochilus	Barren rock	FALSE	FALSE	FALSE	FALSE	FALSE	moon		Eupheme
3438	271	464	Rho Trochilus	Trochilus	Barren rock	FALSE	FALSE	FALSE	FALSE	FALSE	moon		Eupheme
3439	271	464	Pi Trochilus	Trochilus	Alien world	FALSE	FALSE	FALSE	FALSE	FALSE	moon		Eupheme
3440	271	464	Kappa Trochilus	Trochilus	Terran planet	FALSE	FALSE	FALSE	FALSE	FALSE			Eupheme
3441	271	464	Xi Trochilus	Trochilus	Alien world	FALSE	FALSE	FALSE	FALSE	FALSE	moon		Eupheme
3442	248	444	Chryseis	Chryseis	Sun	TRUE	TRUE	FALSE	FALSE	FALSE		Amphiaraus	Briseus
3443	248	444	Alpha Chryseis	Chryseis	Alien world	FALSE	FALSE	FALSE	FALSE	FALSE			Briseus
3444	253	465	Amphiaraus	Amphiaraus	Sun	TRUE	TRUE	FALSE	FALSE	FALSE		Kyrbas, Chryseis	Briseus
3445	253	465	Alpha Amphiaraus	Amphiaraus	Alien world	FALSE	FALSE	FALSE	FALSE	FALSE			Briseus
3446	253	465	Psi Amphiaraus	Amphiaraus	Barren rock	FALSE	FALSE	FALSE	FALSE	FALSE	moon		Briseus
3447	253	465	Gamma Amphiaraus	Amphiaraus	Gas giant	FALSE	FALSE	FALSE	FALSE	FALSE			Briseus
3448	248	481	Kyrbas	Kyrbas	Sun	TRUE	TRUE	FALSE	FALSE	FALSE		Euthymia, Amphiaraus	Briseus
3449	248	481	Alpha Kyrbas	Kyrbas	Alien world	FALSE	FALSE	FALSE	FALSE	FALSE			Briseus
3450	248	481	Psi Kyrbas	Kyrbas	Alien world	FALSE	FALSE	FALSE	FALSE	FALSE	moon		Briseus
3451	248	481	Gamma Kyrbas	Kyrbas	Alien world	FALSE	FALSE	FALSE	FALSE	FALSE			Briseus
3452	248	481	Delta Kyrbas	Kyrbas	Terran planet	FALSE	FALSE	FALSE	FALSE	FALSE			Briseus
3453	248	481	Upsilon Kyrbas	Kyrbas	Artificial moon	FALSE	FALSE	FALSE	FALSE	FALSE	moon		Briseus
3454	248	481	Tau Kyrbas	Kyrbas	Alien world	FALSE	FALSE	FALSE	FALSE	FALSE	moon		Briseus
3455	248	481	Sigma Kyrbas	Kyrbas	Artificial moon	FALSE	FALSE	FALSE	FALSE	FALSE	moon		Briseus
3456	248	481	Rho Kyrbas	Kyrbas	Alien world	FALSE	FALSE	FALSE	FALSE	FALSE	moon		Briseus
3457	248	481	Iota Kyrbas	Kyrbas	Terran planet	FALSE	FALSE	FALSE	FALSE	FALSE			Briseus
3458	248	481	Kappa Kyrbas	Kyrbas	Gas giant	FALSE	FALSE	TRUE	FALSE	FALSE			Briseus
3459	292	485	Chione	Chione	Sun	TRUE	TRUE	FALSE	FALSE	FALSE		Euthymia	Briseus
3460	292	485	Alpha Chione	Chione	Terran planet	FALSE	FALSE	FALSE	FALSE	FALSE			Briseus
3461	292	485	Beta Chione	Chione	Inferno	FALSE	TRUE	FALSE	FALSE	FALSE			Briseus
3462	292	485	Chi Chione	Chione	Barren rock	FALSE	FALSE	FALSE	FALSE	FALSE	moon		Briseus
3463	292	485	Phi Chione	Chione	Artificial moon	FALSE	FALSE	FALSE	FALSE	FALSE	moon		Briseus
3464	292	485	Upsilon Chione	Chione	Barren rock	FALSE	FALSE	FALSE	FALSE	FALSE	moon		Briseus
3465	292	485	Outlet 9722.15908	Chione	Gus's Gas	FALSE	FALSE	FALSE	FALSE	FALSE			Briseus
3466	292	485	Sigma Chione	Chione	Alien world	FALSE	FALSE	FALSE	FALSE	FALSE	moon		Briseus
3467	292	485	Theta Chione	Chione	Gas giant	FALSE	FALSE	TRUE	FALSE	FALSE			Briseus
3468	292	485	Chione campus	Chione	Heroes Academy	FALSE	FALSE	FALSE	FALSE	FALSE			Briseus
3469	275	494	Euthymia	Euthymia	Sun	TRUE	TRUE	FALSE	FALSE	FALSE		Cretheus, Kyrbas, Chione	Briseus
3470	275	494	Alpha Euthymia	Euthymia	Terran planet	FALSE	FALSE	FALSE	FALSE	FALSE			Briseus
3471	275	494	Beta Euthymia	Euthymia	Inferno	FALSE	TRUE	FALSE	FALSE	FALSE			Briseus
3472	275	494	Chi Euthymia	Euthymia	Alien world	FALSE	FALSE	FALSE	FALSE	FALSE	moon		Briseus
3473	275	494	Delta Euthymia	Euthymia	Gas giant	FALSE	FALSE	FALSE	FALSE	FALSE			Briseus
3474	275	494	Epsilon Euthymia	Euthymia	Gas giant	FALSE	FALSE	FALSE	FALSE	FALSE			Briseus
3475	275	494	Zeta Euthymia	Euthymia	Alien world	FALSE	FALSE	FALSE	FALSE	FALSE			Briseus
3476	259	502	Cretheus	Cretheus	Sun	TRUE	TRUE	FALSE	FALSE	FALSE		Amyclas, Euthymia	Briseus
3477	259	502	Alpha Cretheus	Cretheus	Alien world	FALSE	FALSE	FALSE	FALSE	FALSE			Briseus
3478	259	502	Beta Cretheus	Cretheus	Gas giant	FALSE	FALSE	FALSE	FALSE	FALSE			Briseus
3479	259	502	Gamma Cretheus	Cretheus	Frozen wasteland	FALSE	FALSE	FALSE	TRUE	FALSE			Briseus
3480	259	502	Delta Cretheus	Cretheus	Alien world	FALSE	FALSE	FALSE	FALSE	FALSE			Briseus
3481	246	506	Amyclas	Amyclas	Sun	TRUE	TRUE	FALSE	FALSE	FALSE		Cretheus	Briseus
3482	246	506	Alpha Amyclas	Amyclas	Alien world	FALSE	FALSE	FALSE	FALSE	FALSE			Briseus
3483	246	506	Psi Amyclas	Amyclas	Alien world	FALSE	FALSE	TRUE	FALSE	FALSE	moon		Briseus
3484	246	506	Gamma Amyclas	Amyclas	Alien world	FALSE	FALSE	FALSE	FALSE	FALSE			Briseus
3485	163	433	Agelaus	Agelaus	Sun	TRUE	TRUE	FALSE	FALSE	FALSE		Astyoche	Cebriones
3486	163	433	Alpha Agelaus	Agelaus	Alien world	FALSE	FALSE	FALSE	FALSE	FALSE			Cebriones
3487	163	433	Beta Agelaus	Agelaus	Gas giant	FALSE	FALSE	FALSE	FALSE	FALSE			Cebriones
3488	163	433	Chi Agelaus	Agelaus	Alien world	FALSE	FALSE	FALSE	FALSE	FALSE	moon		Cebriones
3489	163	433	Delta Agelaus	Agelaus	Gas giant	FALSE	FALSE	FALSE	FALSE	FALSE			Cebriones
3490	163	433	Epsilon Agelaus	Agelaus	Gas giant	FALSE	FALSE	TRUE	FALSE	FALSE			Cebriones
3491	163	433	Tau Agelaus	Agelaus	Alien world	FALSE	FALSE	FALSE	FALSE	FALSE	moon		Cebriones
3492	163	433	Sigma Agelaus	Agelaus	Barren rock	FALSE	FALSE	FALSE	FALSE	FALSE	moon		Cebriones
3493	163	433	Rho Agelaus	Agelaus	Barren rock	FALSE	FALSE	FALSE	FALSE	FALSE	moon		Cebriones
3494	179	416	Astyoche	Astyoche	Sun	TRUE	TRUE	FALSE	FALSE	FALSE		Agelaus, Clytie	Cebriones
3495	179	416	Alpha Astyoche	Astyoche	Alien world	FALSE	FALSE	FALSE	FALSE	FALSE			Cebriones
3496	179	416	Psi Astyoche	Astyoche	Alien world	FALSE	FALSE	FALSE	FALSE	FALSE	moon		Cebriones
3497	179	416	Suku	Astyoche	Asteroid belt	FALSE	FALSE	FALSE	FALSE	FALSE			Cebriones
3498	179	416	Delta Astyoche	Astyoche	Terran planet	FALSE	FALSE	FALSE	FALSE	FALSE			Cebriones
3499	179	416	Upsilon Astyoche	Astyoche	Alien world	FALSE	FALSE	FALSE	FALSE	FALSE	moon		Cebriones
3500	179	416	Tau Astyoche	Astyoche	Artificial moon	FALSE	FALSE	FALSE	FALSE	FALSE	moon		Cebriones
3501	179	416	Sigma Astyoche	Astyoche	Alien world	FALSE	FALSE	FALSE	FALSE	FALSE	moon		Cebriones
3502	179	416	Theta Astyoche	Astyoche	Terran planet	FALSE	FALSE	FALSE	FALSE	FALSE			Cebriones
3503	179	416	Iota Astyoche	Astyoche	Alien world	FALSE	FALSE	FALSE	FALSE	FALSE			Cebriones
3504	179	416	Astyoche campus	Astyoche	Heroes Academy	FALSE	FALSE	FALSE	FALSE	FALSE			Cebriones
3505	191	446	Myrto	Myrto	Sun	TRUE	TRUE	FALSE	FALSE	FALSE		Aeacus	Cebriones
3506	191	446	Alpha Myrto	Myrto	Alien world	FALSE	FALSE	FALSE	FALSE	FALSE			Cebriones
3507	201	441	Aeacus	Aeacus	Sun	TRUE	TRUE	FALSE	FALSE	FALSE		Myrto, Moros	Cebriones
3508	201	441	Alpha Aeacus	Aeacus	Gas giant	FALSE	FALSE	FALSE	FALSE	FALSE			Cebriones
3509	201	441	Beta Aeacus	Aeacus	Alien world	FALSE	FALSE	FALSE	FALSE	FALSE			Cebriones
3510	216	435	Moros	Moros	Sun	TRUE	TRUE	FALSE	FALSE	FALSE		Aeacus, Clytie	Cebriones
3511	216	435	Alpha Moros	Moros	Inferno	FALSE	TRUE	FALSE	FALSE	FALSE			Cebriones
3512	216	435	Moros station	Moros	Aftermarket Station	FALSE	FALSE	FALSE	FALSE	FALSE			Cebriones
3513	216	435	Gamma Moros	Moros	Alien world	FALSE	FALSE	FALSE	FALSE	FALSE			Cebriones
3514	205	420	Clytie	Clytie	Sun	TRUE	TRUE	FALSE	FALSE	FALSE		Hyamus, Moros, Astyoche, Adikia	Cebriones
3515	205	420	Alpha Clytie	Clytie	Gas giant	FALSE	FALSE	TRUE	FALSE	FALSE			Cebriones
3516	205	420	Beta Clytie	Clytie	Gas giant	FALSE	FALSE	FALSE	FALSE	FALSE			Cebriones
3517	205	420	Chi Clytie	Clytie	Alien world	FALSE	FALSE	FALSE	FALSE	FALSE	moon		Cebriones
3518	205	420	Phi Clytie	Clytie	Artificial moon	FALSE	FALSE	FALSE	FALSE	FALSE	moon		Cebriones
3519	205	420	Upsilon Clytie	Clytie	Alien world	FALSE	FALSE	FALSE	FALSE	FALSE	moon		Cebriones
3520	205	420	Zeta Clytie	Clytie	Gas giant	FALSE	FALSE	FALSE	FALSE	FALSE			Cebriones
3521	205	420	Eta Clytie	Clytie	Alien world	FALSE	FALSE	FALSE	FALSE	FALSE			Cebriones
3522	205	420	Theta Clytie	Clytie	Terran planet	FALSE	FALSE	FALSE	FALSE	FALSE			Cebriones
3523	217	406	Pholus	Pholus	Sun	TRUE	TRUE	FALSE	FALSE	FALSE		Hyamus	Cebriones
3524	217	406	Alpha Pholus	Pholus	Terran planet	FALSE	FALSE	FALSE	FALSE	FALSE			Cebriones
3525	200	398	Hyamus	Hyamus	Sun	TRUE	TRUE	FALSE	FALSE	FALSE		Clytie, Pholus	Cebriones
3526	200	398	Alpha Hyamus	Hyamus	Alien world	FALSE	FALSE	FALSE	FALSE	FALSE			Cebriones
3527	200	398	Hyamus dealership	Hyamus	Heroware	FALSE	FALSE	FALSE	FALSE	FALSE			Cebriones
3528	187	380	Adikia	Adikia	Sun	TRUE	TRUE	FALSE	FALSE	FALSE		Electryone, Clytie	Cebriones
3529	187	380	Alpha Adikia	Adikia	Gas giant	FALSE	FALSE	FALSE	FALSE	FALSE			Cebriones
3530	187	380	Psi Adikia	Adikia	Barren rock	FALSE	FALSE	TRUE	FALSE	FALSE	moon		Cebriones
3531	187	380	Chi Adikia	Adikia	Artificial moon	FALSE	FALSE	FALSE	FALSE	FALSE	moon		Cebriones
3532	187	380	Phi Adikia	Adikia	Artificial moon	FALSE	FALSE	FALSE	FALSE	FALSE	moon		Cebriones
3533	187	380	Epsilon Adikia	Adikia	Alien world	FALSE	FALSE	FALSE	FALSE	FALSE			Cebriones
3534	187	380	Zeta Adikia	Adikia	Alien world	FALSE	FALSE	FALSE	FALSE	FALSE			Cebriones
3535	187	380	Madam Manishie	Adikia	Fortune Teller	FALSE	FALSE	FALSE	FALSE	FALSE			Cebriones
3536	187	380	Theta Adikia	Adikia	Alien world	FALSE	FALSE	FALSE	FALSE	FALSE			Cebriones
3537	187	380	Pi Adikia	Adikia	Alien world	FALSE	FALSE	FALSE	FALSE	FALSE	moon		Cebriones
3538	187	380	Omicron Adikia	Adikia	Barren rock	FALSE	FALSE	FALSE	FALSE	FALSE	moon		Cebriones
3539	187	380	Xi Adikia	Adikia	Alien world	FALSE	FALSE	FALSE	FALSE	FALSE	moon		Cebriones
3540	187	380	Mu Adikia	Adikia	Gas giant	FALSE	FALSE	FALSE	FALSE	FALSE			Cebriones
3541	170	394	Electryone	Electryone	Sun	TRUE	TRUE	FALSE	FALSE	FALSE		Prometheus, Adikia	Cebriones
3542	170	394	Alpha Electryone	Electryone	Inferno	FALSE	TRUE	FALSE	FALSE	FALSE			Cebriones
3543	170	394	Beta Electryone	Electryone	Alien world	FALSE	FALSE	FALSE	FALSE	FALSE			Cebriones
3544	170	394	Gamma Electryone	Electryone	Alien world	FALSE	FALSE	FALSE	FALSE	FALSE			Cebriones
3545	170	394	Phi Electryone	Electryone	Alien world	FALSE	FALSE	FALSE	FALSE	FALSE	moon		Cebriones
3546	157	408	Prometheus	Prometheus	Sun	TRUE	TRUE	FALSE	FALSE	FALSE		Electryone, Lycos	Cebriones
3547	157	408	Alpha Prometheus	Prometheus	Inferno	FALSE	TRUE	FALSE	FALSE	FALSE			Cebriones
3548	157	408	Psi Prometheus	Prometheus	Artificial moon	FALSE	FALSE	FALSE	FALSE	FALSE	moon		Cebriones
3549	157	408	Gamma Prometheus	Prometheus	Terran planet	FALSE	FALSE	FALSE	FALSE	FALSE			Cebriones
3550	157	408	Delta Prometheus	Prometheus	Terran planet	FALSE	FALSE	FALSE	FALSE	FALSE			Cebriones
3551	157	408	Upsilon Prometheus	Prometheus	Artificial moon	FALSE	FALSE	FALSE	FALSE	FALSE	moon		Cebriones
3552	145	423	Lycos	Lycos	Sun	TRUE	TRUE	FALSE	FALSE	FALSE		Prometheus	Cebriones
3553	145	423	Alpha Lycos	Lycos	Alien world	FALSE	FALSE	FALSE	FALSE	FALSE			Cebriones
3554	278	511	Anchises	Anchises	Sun	TRUE	TRUE	FALSE	FALSE	FALSE		Aegle, Echetus, Deiphontes	Hyperbius
3555	278	511	Alpha Anchises	Anchises	Alien world	FALSE	FALSE	TRUE	FALSE	FALSE			Hyperbius
3556	278	511	Beta Anchises	Anchises	Alien world	FALSE	FALSE	FALSE	FALSE	FALSE			Hyperbius
3557	278	511	Gamma Anchises	Anchises	Alien world	FALSE	FALSE	TRUE	FALSE	FALSE			Hyperbius
3558	278	511	Delta Anchises	Anchises	Alien world	FALSE	FALSE	FALSE	FALSE	FALSE			Hyperbius
3559	278	511	Epsilon Anchises	Anchises	Alien world	FALSE	FALSE	FALSE	FALSE	FALSE			Hyperbius
3560	180	457	Teles	Teles	Sun	TRUE	TRUE	FALSE	FALSE	FALSE		Leontichus	Hyperbius
3561	180	457	Alpha Teles	Teles	Inferno	FALSE	TRUE	FALSE	FALSE	FALSE			Hyperbius
3562	180	457	Madam Lala	Teles	Fortune Teller	FALSE	FALSE	FALSE	FALSE	FALSE			Hyperbius
3563	180	457	Restaurant #4044	Teles	Space Burger	FALSE	FALSE	FALSE	FALSE	FALSE			Hyperbius
3564	180	457	Delta Teles	Teles	Alien world	FALSE	FALSE	FALSE	FALSE	FALSE			Hyperbius
3565	180	457	Teles campus	Teles	Heroes Academy	FALSE	FALSE	FALSE	FALSE	FALSE			Hyperbius
3566	174	485	Apheleia	Apheleia	Sun	TRUE	TRUE	FALSE	FALSE	FALSE		Leontichus	Hyperbius
3567	174	485	Alpha Apheleia	Apheleia	Terran planet	FALSE	FALSE	FALSE	FALSE	FALSE			Hyperbius
3568	174	485	Psi Apheleia	Apheleia	Alien world	FALSE	FALSE	FALSE	FALSE	FALSE	moon		Hyperbius
3569	174	485	Chi Apheleia	Apheleia	Barren rock	FALSE	FALSE	TRUE	FALSE	FALSE	moon		Hyperbius
3570	174	485	Delta Apheleia	Apheleia	Alien world	FALSE	FALSE	FALSE	FALSE	FALSE			Hyperbius
3571	174	485	Epsilon Apheleia	Apheleia	Alien world	FALSE	FALSE	TRUE	FALSE	FALSE			Hyperbius
3572	189	474	Leontichus	Leontichus	Sun	TRUE	TRUE	FALSE	FALSE	FALSE		Apheleia, Teles, Ceyx	Hyperbius
3573	189	474	Alpha Leontichus	Leontichus	Gas giant	FALSE	FALSE	FALSE	FALSE	FALSE			Hyperbius
3574	189	474	Beta Leontichus	Leontichus	Alien world	FALSE	FALSE	FALSE	FALSE	FALSE			Hyperbius
3575	189	474	Gamma Leontichus	Leontichus	Alien world	FALSE	FALSE	FALSE	FALSE	FALSE			Hyperbius
3576	189	474	Delta Leontichus	Leontichus	Terran planet	FALSE	FALSE	FALSE	FALSE	FALSE			Hyperbius
3577	189	474	Upsilon Leontichus	Leontichus	Artificial moon	FALSE	FALSE	FALSE	FALSE	FALSE	moon		Hyperbius
3578	200	455	Boreas	Boreas	Sun	TRUE	TRUE	FALSE	FALSE	FALSE		Acoetes	Hyperbius
3579	200	455	Alpha Boreas	Boreas	Inferno	FALSE	TRUE	FALSE	FALSE	FALSE			Hyperbius
3580	200	455	Psi Boreas	Boreas	Artificial moon	FALSE	FALSE	FALSE	FALSE	FALSE	moon		Hyperbius
3581	200	455	Chi Boreas	Boreas	Alien world	FALSE	FALSE	FALSE	FALSE	FALSE	moon		Hyperbius
3582	200	455	Phi Boreas	Boreas	Alien world	FALSE	FALSE	FALSE	FALSE	FALSE	moon		Hyperbius
3583	200	462	Acoetes	Acoetes	Sun	TRUE	TRUE	FALSE	FALSE	FALSE		Ceyx, Boreas	Hyperbius
3584	200	462	Alpha Acoetes	Acoetes	Terran planet	FALSE	FALSE	FALSE	FALSE	FALSE			Hyperbius
3585	200	462	Psi Acoetes	Acoetes	Artificial moon	FALSE	FALSE	FALSE	FALSE	FALSE	moon		Hyperbius
3586	200	462	Chi Acoetes	Acoetes	Alien world	FALSE	FALSE	FALSE	FALSE	FALSE	moon		Hyperbius
3587	200	462	Delta Acoetes	Acoetes	Terran planet	FALSE	FALSE	FALSE	FALSE	FALSE			Hyperbius
3588	200	462	Epsilon Acoetes	Acoetes	Alien world	FALSE	FALSE	FALSE	FALSE	FALSE			Hyperbius
3589	203	473	Ceyx	Ceyx	Sun	TRUE	TRUE	FALSE	FALSE	FALSE		Leontichus, Acoetes, Proteus	Hyperbius
3590	203	473	Alpha Ceyx	Ceyx	Inferno	FALSE	TRUE	FALSE	FALSE	FALSE			Hyperbius
3591	203	473	Outlet 6696.15512	Ceyx	Gus's Gas	FALSE	FALSE	FALSE	FALSE	FALSE			Hyperbius
3592	203	473	Gamma Ceyx	Ceyx	Terran planet	FALSE	FALSE	FALSE	FALSE	FALSE			Hyperbius
3593	203	473	Phi Ceyx	Ceyx	Barren rock	FALSE	FALSE	FALSE	FALSE	FALSE	moon		Hyperbius
3594	203	473	Upsilon Ceyx	Ceyx	Artificial moon	FALSE	FALSE	FALSE	FALSE	FALSE	moon		Hyperbius
3595	203	473	Zeta Ceyx	Ceyx	Terran planet	FALSE	FALSE	FALSE	FALSE	FALSE			Hyperbius
3596	203	473	Eta Ceyx	Ceyx	Frozen wasteland	FALSE	FALSE	FALSE	TRUE	FALSE			Hyperbius
3597	203	473	Theta Ceyx	Ceyx	Alien world	FALSE	FALSE	FALSE	FALSE	FALSE			Hyperbius
3598	228	490	Proteus	Proteus	Sun	TRUE	TRUE	FALSE	FALSE	FALSE		Ceyx, Aegle	Hyperbius
3599	228	490	Alpha Proteus	Proteus	Gas giant	FALSE	FALSE	FALSE	FALSE	FALSE			Hyperbius
3600	228	490	Beta Proteus	Proteus	Inferno	FALSE	TRUE	FALSE	FALSE	FALSE			Hyperbius
3601	228	490	Gamma Proteus	Proteus	Terran planet	FALSE	FALSE	FALSE	FALSE	FALSE			Hyperbius
3602	228	490	Delta Proteus	Proteus	Alien world	FALSE	FALSE	FALSE	FALSE	FALSE			Hyperbius
3603	228	490	Epsilon Proteus	Proteus	Gas giant	FALSE	FALSE	FALSE	FALSE	FALSE			Hyperbius
3604	301	512	Podarge	Podarge	Sun	TRUE	TRUE	FALSE	FALSE	FALSE		Deiphontes	Hyperbius
3605	301	512	Alpha Podarge	Podarge	Alien world	FALSE	FALSE	FALSE	FALSE	FALSE			Hyperbius
3606	301	512	Beta Podarge	Podarge	Alien world	FALSE	FALSE	FALSE	FALSE	FALSE			Hyperbius
3607	301	512	Chi Podarge	Podarge	Barren rock	FALSE	FALSE	FALSE	FALSE	FALSE	moon		Hyperbius
3608	301	512	Phi Podarge	Podarge	Artificial moon	FALSE	FALSE	FALSE	FALSE	FALSE	moon		Hyperbius
3609	301	512	Upsilon Podarge	Podarge	Alien world	FALSE	FALSE	FALSE	FALSE	FALSE	moon		Hyperbius
3610	301	512	Zeta Podarge	Podarge	Gas giant	FALSE	FALSE	FALSE	FALSE	FALSE			Hyperbius
3611	291	524	Deiphontes	Deiphontes	Sun	TRUE	TRUE	FALSE	FALSE	FALSE		Anchises, Podarge	Hyperbius
3612	291	524	Alpha Deiphontes	Deiphontes	Alien world	FALSE	FALSE	FALSE	FALSE	FALSE			Hyperbius
3613	291	524	Psi Deiphontes	Deiphontes	Alien world	FALSE	FALSE	FALSE	FALSE	FALSE	moon		Hyperbius
3614	291	524	Chi Deiphontes	Deiphontes	Alien world	FALSE	FALSE	FALSE	FALSE	FALSE	moon		Hyperbius
3615	291	524	Delta Deiphontes	Deiphontes	Terran planet	FALSE	FALSE	FALSE	FALSE	FALSE			Hyperbius
3616	291	524	Epsilon Deiphontes	Deiphontes	Alien world	FALSE	FALSE	FALSE	FALSE	FALSE			Hyperbius
3617	291	524	Zeta Deiphontes	Deiphontes	Alien world	FALSE	FALSE	FALSE	FALSE	FALSE			Hyperbius
3618	291	524	Sigma Deiphontes	Deiphontes	Barren rock	FALSE	FALSE	FALSE	FALSE	FALSE	moon		Hyperbius
3619	291	524	Rho Deiphontes	Deiphontes	Alien world	FALSE	FALSE	TRUE	FALSE	FALSE	moon		Hyperbius
3620	273	519	Echetus	Echetus	Sun	TRUE	TRUE	FALSE	FALSE	FALSE		Anchises	Hyperbius
3621	273	519	Alpha Echetus	Echetus	Alien world	FALSE	FALSE	FALSE	FALSE	FALSE			Hyperbius
3622	273	519	Beta Echetus	Echetus	Alien world	FALSE	FALSE	FALSE	FALSE	FALSE			Hyperbius
3623	273	519	Echetus dealership	Echetus	Heroware	FALSE	FALSE	FALSE	FALSE	FALSE			Hyperbius
3624	239	520	Aegle	Aegle	Sun	TRUE	TRUE	FALSE	FALSE	FALSE		Proteus, Anchises, Aëthlius	Hyperbius
3625	239	520	Alpha Aegle	Aegle	Gas giant	FALSE	FALSE	FALSE	FALSE	FALSE			Hyperbius
3626	239	520	Psi Aegle	Aegle	Artificial moon	FALSE	FALSE	FALSE	FALSE	FALSE	moon		Hyperbius
3627	239	520	Restaurant #4063	Aegle	Space Burger	FALSE	FALSE	FALSE	FALSE	FALSE			Hyperbius
3628	239	520	Phi Aegle	Aegle	Alien world	FALSE	FALSE	FALSE	FALSE	FALSE	moon		Hyperbius
3629	239	520	Epsilon Aegle	Aegle	Terran planet	FALSE	FALSE	FALSE	FALSE	FALSE			Hyperbius
3630	239	520	Zeta Aegle	Aegle	Gas giant	FALSE	FALSE	FALSE	FALSE	FALSE			Hyperbius
3631	239	520	Eta Aegle	Aegle	Frozen wasteland	FALSE	FALSE	FALSE	TRUE	FALSE			Hyperbius
3632	239	520	Rho Aegle	Aegle	Artificial moon	FALSE	FALSE	FALSE	FALSE	FALSE	moon		Hyperbius
3633	239	520	Pi Aegle	Aegle	Alien world	FALSE	FALSE	FALSE	FALSE	FALSE	moon		Hyperbius
3634	239	520	Kappa Aegle	Aegle	Alien world	FALSE	FALSE	FALSE	FALSE	FALSE			Hyperbius
3635	239	520	Xi Aegle	Aegle	Barren rock	FALSE	FALSE	FALSE	FALSE	FALSE	moon		Hyperbius
3636	239	520	Madam Rasia	Aegle	Fortune Teller	FALSE	FALSE	FALSE	FALSE	FALSE			Hyperbius
3637	227	529	Aëthlius	Aëthlius	Sun	TRUE	TRUE	FALSE	FALSE	FALSE		Aegle	Hyperbius
3638	227	529	Alpha Aëthlius	Aëthlius	Alien world	FALSE	FALSE	FALSE	FALSE	FALSE			Hyperbius
3639	227	529	Beta Aëthlius	Aëthlius	Terran planet	FALSE	FALSE	FALSE	FALSE	FALSE			Hyperbius
3640	227	529	Aëthlius station	Aëthlius	Aftermarket Station	FALSE	FALSE	FALSE	FALSE	FALSE			Hyperbius
3641	227	529	Delta Aëthlius	Aëthlius	Alien world	FALSE	FALSE	FALSE	FALSE	FALSE			Hyperbius
3642	212	490	Clytius	Clytius	Sun	TRUE	TRUE	FALSE	FALSE	FALSE		Heimarmene	Aloadae
3643	212	490	Alpha Clytius	Clytius	Inferno	FALSE	TRUE	FALSE	FALSE	FALSE			Aloadae
3644	212	490	Beta Clytius	Clytius	Alien world	FALSE	FALSE	FALSE	FALSE	FALSE			Aloadae
3645	216	500	Heimarmene	Heimarmene	Sun	TRUE	TRUE	FALSE	FALSE	FALSE		Maeon, Clytius	Aloadae
3646	216	500	Alpha Heimarmene	Heimarmene	Gas giant	FALSE	FALSE	FALSE	FALSE	FALSE			Aloadae
3647	216	500	Beta Heimarmene	Heimarmene	Gas giant	FALSE	FALSE	FALSE	FALSE	FALSE			Aloadae
3648	216	500	Gamma Heimarmene	Heimarmene	Terran planet	FALSE	FALSE	FALSE	FALSE	FALSE			Aloadae
3649	216	500	Delta Heimarmene	Heimarmene	Gas giant	FALSE	FALSE	FALSE	FALSE	FALSE			Aloadae
3650	216	500	Epsilon Heimarmene	Heimarmene	Frozen wasteland	FALSE	FALSE	FALSE	TRUE	FALSE			Aloadae
3651	216	500	Tau Heimarmene	Heimarmene	Barren rock	FALSE	FALSE	FALSE	FALSE	FALSE	moon		Aloadae
3652	216	500	Heimarmene campus	Heimarmene	Heroes Academy	FALSE	FALSE	FALSE	FALSE	FALSE			Aloadae
3653	216	500	Rho Heimarmene	Heimarmene	Artificial moon	FALSE	FALSE	FALSE	FALSE	FALSE	moon		Aloadae
3654	200	526	Hypnos	Hypnos	Sun	TRUE	TRUE	FALSE	FALSE	FALSE		Maeon	Aloadae
3655	200	526	Alpha Hypnos	Hypnos	Terran planet	FALSE	FALSE	FALSE	FALSE	FALSE			Aloadae
3656	196	522	Maeon	Maeon	Sun	TRUE	TRUE	FALSE	FALSE	FALSE		Acarnan, Hypnos, Heimarmene	Aloadae
3657	196	522	Alpha Maeon	Maeon	Gas giant	FALSE	FALSE	FALSE	FALSE	FALSE			Aloadae
3658	196	522	Beta Maeon	Maeon	Gas giant	FALSE	FALSE	FALSE	FALSE	FALSE			Aloadae
3659	196	522	Gamma Maeon	Maeon	Gas giant	FALSE	FALSE	FALSE	FALSE	FALSE			Aloadae
3660	196	522	Delta Maeon	Maeon	Gas giant	FALSE	FALSE	FALSE	FALSE	FALSE			Aloadae
3661	196	522	Epsilon Maeon	Maeon	Gas giant	FALSE	FALSE	FALSE	FALSE	FALSE			Aloadae
3662	196	522	Tau Maeon	Maeon	Barren rock	FALSE	FALSE	FALSE	FALSE	FALSE	moon		Aloadae
3663	190	542	Aglaea	Aglaea	Sun	TRUE	TRUE	FALSE	FALSE	FALSE		Acarnan	Aloadae
3664	190	542	Alpha Aglaea	Aglaea	Gas giant	FALSE	FALSE	FALSE	FALSE	FALSE			Aloadae
3665	190	542	Beta Aglaea	Aglaea	Alien world	FALSE	FALSE	FALSE	FALSE	FALSE			Aloadae
3666	170	540	Circios	Circios	Sun	TRUE	TRUE	FALSE	FALSE	FALSE		Acarnan	Aloadae
3667	170	540	Alpha Circios	Circios	Gas giant	FALSE	FALSE	FALSE	FALSE	FALSE			Aloadae
3668	170	540	Madam Sabina	Circios	Fortune Teller	FALSE	FALSE	FALSE	FALSE	FALSE			Aloadae
3669	174	538	Acarnan	Acarnan	Sun	TRUE	TRUE	FALSE	FALSE	FALSE		Circios, Aglaea, Manto, Maeon	Aloadae
3670	174	538	Alpha Acarnan	Acarnan	Terran planet	FALSE	FALSE	FALSE	FALSE	FALSE			Aloadae
3671	174	538	Beta Acarnan	Acarnan	Alien world	FALSE	FALSE	FALSE	FALSE	FALSE			Aloadae
3672	174	538	Acarnan dealership	Acarnan	Heroware	FALSE	FALSE	FALSE	FALSE	FALSE			Aloadae
3673	169	527	Manto	Manto	Sun	TRUE	TRUE	FALSE	FALSE	FALSE		Acarnan	Aloadae
3674	169	527	Alpha Manto	Manto	Alien world	FALSE	FALSE	FALSE	FALSE	FALSE			Aloadae
3675	169	527	Manto campus	Manto	Heroes Academy	FALSE	FALSE	FALSE	FALSE	FALSE			Aloadae
3676	88	477	Acis	Acis	Sun	TRUE	TRUE	FALSE	FALSE	FALSE		Castor, Polyxenus, Panopeus	Amarynceus
3677	88	477	Alpha Acis	Acis	Alien world	FALSE	FALSE	FALSE	FALSE	FALSE			Amarynceus
3678	88	477	Psi Acis	Acis	Alien world	FALSE	FALSE	FALSE	FALSE	FALSE	moon		Amarynceus
3679	88	477	Chi Acis	Acis	Alien world	FALSE	FALSE	FALSE	FALSE	FALSE	moon		Amarynceus
3680	88	477	Phi Acis	Acis	Artificial moon	FALSE	FALSE	FALSE	FALSE	FALSE	moon		Amarynceus
3681	88	477	Epsilon Acis	Acis	Gas giant	FALSE	FALSE	FALSE	FALSE	FALSE			Amarynceus
3682	88	477	Zeta Acis	Acis	Gas giant	FALSE	FALSE	FALSE	FALSE	FALSE			Amarynceus
3683	88	477	Sigma Acis	Acis	Artificial moon	FALSE	FALSE	FALSE	FALSE	FALSE	moon		Amarynceus
3684	88	477	Rho Acis	Acis	Artificial moon	FALSE	FALSE	FALSE	FALSE	FALSE	moon		Amarynceus
3685	88	477	Pi Acis	Acis	Artificial moon	FALSE	FALSE	FALSE	FALSE	FALSE	moon		Amarynceus
3686	88	477	Omicron Acis	Acis	Artificial moon	FALSE	FALSE	FALSE	FALSE	FALSE	moon		Amarynceus
3687	88	477	Lambda Acis	Acis	Gas giant	FALSE	FALSE	FALSE	FALSE	FALSE			Amarynceus
3688	88	477	Restaurant #9813	Acis	Space Burger	FALSE	FALSE	FALSE	FALSE	FALSE	Droid #F051 and Droid #F695 and Droid #CF4E		Amarynceus
3689	88	477	Nu Acis	Acis	Gas giant	FALSE	FALSE	FALSE	FALSE	FALSE			Amarynceus
3690	136	461	Atabyrius	Atabyrius	Sun	TRUE	TRUE	FALSE	FALSE	FALSE		Panopeus, Eurythemista	Amarynceus
3691	136	461	Alpha Atabyrius	Atabyrius	Alien world	FALSE	FALSE	FALSE	FALSE	FALSE			Amarynceus
3692	136	461	Beta Atabyrius	Atabyrius	Alien world	FALSE	FALSE	FALSE	FALSE	FALSE			Amarynceus
3693	136	461	Gamma Atabyrius	Atabyrius	Alien world	FALSE	FALSE	FALSE	FALSE	FALSE			Amarynceus
3694	26	437	Telecleia	Telecleia	Sun	TRUE	TRUE	FALSE	FALSE	FALSE		Ptous	Amarynceus
3695	26	437	Alpha Telecleia	Telecleia	Alien world	FALSE	FALSE	FALSE	FALSE	FALSE			Amarynceus
3696	42	470	Ptous	Ptous	Sun	TRUE	TRUE	FALSE	FALSE	FALSE		Telecleia, Castor	Amarynceus
3697	42	470	Alpha Ptous	Ptous	Inferno	FALSE	TRUE	TRUE	FALSE	FALSE			Amarynceus
3698	42	470	Outlet 1415.15409	Ptous	Gus's Gas	FALSE	FALSE	FALSE	FALSE	FALSE			Amarynceus
3699	42	470	Gamma Ptous	Ptous	Alien world	FALSE	FALSE	FALSE	FALSE	FALSE			Amarynceus
3700	42	470	Ptous campus	Ptous	Heroes Academy	FALSE	FALSE	FALSE	FALSE	FALSE			Amarynceus
3701	70	482	Castor	Castor	Sun	TRUE	TRUE	FALSE	FALSE	FALSE		Ptous, Acis	Amarynceus
3702	70	482	Alpha Castor	Castor	Alien world	FALSE	FALSE	FALSE	FALSE	FALSE			Amarynceus
3703	70	482	Beta Castor	Castor	Alien world	FALSE	FALSE	FALSE	FALSE	FALSE			Amarynceus
3704	70	482	Gamma Castor	Castor	Terran planet	FALSE	FALSE	FALSE	FALSE	FALSE			Amarynceus
3705	70	482	Castor dealership	Castor	Heroware	FALSE	FALSE	FALSE	FALSE	FALSE			Amarynceus
3706	135	440	Peisinoe	Peisinoe	Sun	TRUE	TRUE	FALSE	FALSE	FALSE		Eurythemista	Amarynceus
3707	135	440	Alpha Peisinoe	Peisinoe	Alien world	FALSE	FALSE	FALSE	FALSE	FALSE			Amarynceus
3708	132	444	Eurythemista	Eurythemista	Sun	TRUE	TRUE	FALSE	FALSE	FALSE		Peisinoe, Atabyrius	Amarynceus
3709	132	444	Alpha Eurythemista	Eurythemista	Gas giant	FALSE	FALSE	FALSE	FALSE	FALSE			Amarynceus
3710	132	444	Psi Eurythemista	Eurythemista	Barren rock	FALSE	FALSE	FALSE	FALSE	FALSE	moon		Amarynceus
3711	132	444	Outlet 4389.14552	Eurythemista	Gus's Gas	FALSE	FALSE	FALSE	FALSE	FALSE			Amarynceus
3712	132	444	Delta Eurythemista	Eurythemista	Terran planet	FALSE	FALSE	FALSE	FALSE	FALSE			Amarynceus
3713	116	466	Phaenon	Phaenon	Sun	TRUE	TRUE	FALSE	FALSE	FALSE		Panopeus	Amarynceus
3714	116	466	Alpha Phaenon	Phaenon	Terran planet	FALSE	FALSE	FALSE	FALSE	FALSE			Amarynceus
3715	116	466	Phaenon campus	Phaenon	Heroes Academy	FALSE	FALSE	FALSE	FALSE	FALSE			Amarynceus
3716	116	466	Gamma Phaenon	Phaenon	Gas giant	FALSE	FALSE	FALSE	FALSE	FALSE			Amarynceus
3717	109	457	Panopeus	Panopeus	Sun	TRUE	TRUE	FALSE	FALSE	FALSE		Acis, Phaenon, Atabyrius	Amarynceus
3718	109	457	Alpha Panopeus	Panopeus	Terran planet	FALSE	FALSE	FALSE	FALSE	FALSE			Amarynceus
3719	109	457	Beta Panopeus	Panopeus	Gas giant	FALSE	FALSE	FALSE	FALSE	FALSE			Amarynceus
3720	109	457	Gamma Panopeus	Panopeus	Frozen wasteland	FALSE	FALSE	FALSE	TRUE	FALSE			Amarynceus
3721	109	457	Delta Panopeus	Panopeus	Alien world	FALSE	FALSE	FALSE	FALSE	FALSE			Amarynceus
3722	105	502	Polyxenus	Polyxenus	Sun	TRUE	TRUE	FALSE	FALSE	FALSE		Melicertes, Acis	Amarynceus
3723	105	502	Alpha Polyxenus	Polyxenus	Gas giant	FALSE	FALSE	FALSE	FALSE	FALSE			Amarynceus
3724	105	502	Psi Polyxenus	Polyxenus	Alien world	FALSE	FALSE	FALSE	FALSE	FALSE	moon		Amarynceus
3725	105	502	Gamma Polyxenus	Polyxenus	Terran planet	FALSE	FALSE	FALSE	FALSE	FALSE			Amarynceus
3726	115	489	Melicertes	Melicertes	Sun	TRUE	TRUE	FALSE	FALSE	FALSE		Polyxenus	Amarynceus
3727	115	489	Alpha Melicertes	Melicertes	Terran planet	FALSE	FALSE	FALSE	FALSE	FALSE			Amarynceus
3728	115	489	Psi Melicertes	Melicertes	Alien world	FALSE	FALSE	FALSE	FALSE	FALSE	moon		Amarynceus
3729	115	489	Outlet 3847.16027	Melicertes	Gus's Gas	FALSE	FALSE	FALSE	FALSE	FALSE			Amarynceus
3730	122	538	Angelos	Angelos	Sun	TRUE	TRUE	FALSE	FALSE	FALSE		Actor	Lophis
3731	122	538	Ryangombe	Angelos	Asteroid belt	FALSE	FALSE	FALSE	FALSE	FALSE			Lophis
3732	122	538	Beta Angelos	Angelos	Inferno	FALSE	TRUE	FALSE	FALSE	FALSE			Lophis
3733	122	538	Gamma Angelos	Angelos	Gas giant	FALSE	FALSE	FALSE	FALSE	FALSE			Lophis
3734	122	538	Delta Angelos	Angelos	Alien world	FALSE	FALSE	TRUE	FALSE	FALSE			Lophis
3735	122	538	Epsilon Angelos	Angelos	Alien world	FALSE	FALSE	TRUE	FALSE	FALSE			Lophis
3736	190	500	Arganthone	Arganthone	Sun	TRUE	TRUE	FALSE	FALSE	FALSE		Hyacinthus	Lophis
3737	190	500	Alpha Arganthone	Arganthone	Alien world	FALSE	FALSE	FALSE	FALSE	FALSE			Lophis
3738	190	500	Psi Arganthone	Arganthone	Alien world	FALSE	FALSE	FALSE	FALSE	FALSE	moon		Lophis
3739	190	500	Gamma Arganthone	Arganthone	Gas giant	FALSE	FALSE	TRUE	FALSE	FALSE			Lophis
3740	190	500	Delta Arganthone	Arganthone	Gas giant	FALSE	FALSE	FALSE	FALSE	FALSE			Lophis
3741	175	496	Pyroeis	Pyroeis	Sun	TRUE	TRUE	FALSE	FALSE	FALSE		Hyacinthus	Lophis
3742	175	496	Alpha Pyroeis	Pyroeis	Terran planet	FALSE	FALSE	FALSE	FALSE	FALSE			Lophis
3743	175	496	Beta Pyroeis	Pyroeis	Gas giant	FALSE	FALSE	FALSE	FALSE	FALSE			Lophis
3744	170	505	Hyacinthus	Hyacinthus	Sun	TRUE	TRUE	FALSE	FALSE	FALSE		Pyroeis, Arganthone, Apisaon	Lophis
3745	170	505	Alpha Hyacinthus	Hyacinthus	Terran planet	FALSE	FALSE	FALSE	FALSE	FALSE			Lophis
3746	170	505	Beta Hyacinthus	Hyacinthus	Alien world	FALSE	FALSE	FALSE	FALSE	FALSE			Lophis
3747	170	505	Restaurant #2695	Hyacinthus	Space Burger	FALSE	FALSE	FALSE	FALSE	FALSE			Lophis
3748	170	505	Delta Hyacinthus	Hyacinthus	Gas giant	FALSE	FALSE	FALSE	FALSE	FALSE			Lophis
3749	170	505	Upsilon Hyacinthus	Hyacinthus	Barren rock	FALSE	FALSE	FALSE	FALSE	FALSE	moon		Lophis
3750	170	505	Zeta Hyacinthus	Hyacinthus	Alien world	FALSE	FALSE	FALSE	FALSE	FALSE			Lophis
3751	170	505	Sigma Hyacinthus	Hyacinthus	Alien world	FALSE	FALSE	FALSE	FALSE	FALSE	moon		Lophis
3752	170	505	Rho Hyacinthus	Hyacinthus	Barren rock	FALSE	FALSE	FALSE	FALSE	FALSE	moon		Lophis
3753	170	505	Pi Hyacinthus	Hyacinthus	Barren rock	FALSE	FALSE	FALSE	FALSE	FALSE	moon		Lophis
3754	151	505	Ancaeus	Ancaeus	Sun	TRUE	TRUE	FALSE	FALSE	FALSE		Admetus	Lophis
3755	151	505	Alpha Ancaeus	Ancaeus	Terran planet	FALSE	FALSE	FALSE	FALSE	FALSE			Lophis
3756	149	507	Admetus	Admetus	Sun	TRUE	TRUE	FALSE	FALSE	FALSE		Ancaeus, Apisaon	Lophis
3757	149	507	Alpha Admetus	Admetus	Terran planet	FALSE	FALSE	FALSE	FALSE	FALSE			Lophis
3758	149	507	Psi Admetus	Admetus	Alien world	FALSE	FALSE	FALSE	FALSE	FALSE	moon		Lophis
3759	149	507	Gamma Admetus	Admetus	Alien world	FALSE	FALSE	FALSE	FALSE	FALSE			Lophis
3760	138	510	Ekecheiria	Ekecheiria	Sun	TRUE	TRUE	FALSE	FALSE	FALSE		Apisaon	Lophis
3761	138	510	Alpha Ekecheiria	Ekecheiria	Alien world	FALSE	FALSE	FALSE	FALSE	FALSE			Lophis
3762	138	510	Beta Ekecheiria	Ekecheiria	Alien world	FALSE	FALSE	FALSE	FALSE	FALSE			Lophis
3763	138	510	Gamma Ekecheiria	Ekecheiria	Alien world	FALSE	FALSE	FALSE	FALSE	FALSE			Lophis
3764	138	510	Phi Ekecheiria	Ekecheiria	Alien world	FALSE	FALSE	FALSE	FALSE	FALSE	moon		Lophis
3765	138	510	Upsilon Ekecheiria	Ekecheiria	Artificial moon	FALSE	FALSE	FALSE	FALSE	FALSE	moon		Lophis
3766	138	510	Zeta Ekecheiria	Ekecheiria	Gas giant	FALSE	FALSE	FALSE	FALSE	FALSE			Lophis
3767	138	510	Sigma Ekecheiria	Ekecheiria	Artificial moon	FALSE	FALSE	FALSE	FALSE	FALSE	moon		Lophis
3768	138	510	Ekecheiria station	Ekecheiria	Aftermarket Station	FALSE	FALSE	FALSE	FALSE	FALSE			Lophis
3769	138	510	Iota Ekecheiria	Ekecheiria	Frozen wasteland	FALSE	FALSE	FALSE	TRUE	FALSE			Lophis
3770	156	516	Apisaon	Apisaon	Sun	TRUE	TRUE	FALSE	FALSE	FALSE		Ekecheiria, Admetus, Hyacinthus, Actor	Lophis
3771	156	516	Alpha Apisaon	Apisaon	Inferno	FALSE	TRUE	TRUE	FALSE	FALSE			Lophis
3772	156	516	Beta Apisaon	Apisaon	Gas giant	FALSE	FALSE	FALSE	FALSE	FALSE			Lophis
3773	156	516	Gamma Apisaon	Apisaon	Gas giant	FALSE	FALSE	FALSE	FALSE	FALSE			Lophis
3774	156	516	Delta Apisaon	Apisaon	Terran planet	FALSE	FALSE	FALSE	FALSE	FALSE			Lophis
3775	156	516	Epsilon Apisaon	Apisaon	Terran planet	FALSE	FALSE	FALSE	FALSE	FALSE			Lophis
3776	156	516	Tau Apisaon	Apisaon	Barren rock	FALSE	FALSE	FALSE	FALSE	FALSE	moon		Lophis
3777	156	516	Sigma Apisaon	Apisaon	Alien world	FALSE	FALSE	FALSE	FALSE	FALSE	moon		Lophis
3778	156	516	Rho Apisaon	Apisaon	Barren rock	FALSE	FALSE	FALSE	FALSE	FALSE	moon		Lophis
3779	156	516	Pi Apisaon	Apisaon	Barren rock	FALSE	FALSE	FALSE	FALSE	FALSE	moon		Lophis
3780	141	554	Actor	Actor	Sun	TRUE	TRUE	FALSE	FALSE	FALSE		Criasus, Angelos, Apisaon	Lophis
3781	141	554	Alpha Actor	Actor	Terran planet	FALSE	FALSE	FALSE	FALSE	FALSE			Lophis
3782	141	554	Psi Actor	Actor	Barren rock	FALSE	FALSE	FALSE	FALSE	FALSE	moon		Lophis
3783	141	554	Chi Actor	Actor	Alien world	FALSE	FALSE	FALSE	FALSE	FALSE	moon		Lophis
3784	141	554	Phi Actor	Actor	Alien world	FALSE	FALSE	FALSE	FALSE	FALSE	moon		Lophis
3785	141	554	Epsilon Actor	Actor	Inferno	FALSE	TRUE	FALSE	FALSE	FALSE			Lophis
3786	141	554	Zeta Actor	Actor	Alien world	FALSE	FALSE	FALSE	FALSE	FALSE			Lophis
3787	141	554	Eta Actor	Actor	Alien world	FALSE	FALSE	FALSE	FALSE	FALSE			Lophis
3788	141	554	Rho Actor	Actor	Artificial moon	FALSE	FALSE	FALSE	FALSE	FALSE	moon		Lophis
3789	141	554	Pi Actor	Actor	Alien world	FALSE	FALSE	FALSE	FALSE	FALSE	moon		Lophis
3790	141	554	Kappa Actor	Actor	Frozen wasteland	FALSE	FALSE	FALSE	TRUE	FALSE			Lophis
3791	141	554	Outlet 4820.18174	Actor	Gus's Gas	FALSE	FALSE	FALSE	FALSE	FALSE			Lophis
3792	130	556	Criasus	Criasus	Sun	TRUE	TRUE	FALSE	FALSE	FALSE		Actor	Lophis
3793	130	556	Alpha Criasus	Criasus	Terran planet	FALSE	FALSE	FALSE	FALSE	FALSE			Lophis
3794	32	623	Charnabon	Charnabon	Sun	TRUE	TRUE	FALSE	FALSE	FALSE		Lupa	Astraios
3795	32	623	Alpha Charnabon	Charnabon	Gas giant	FALSE	FALSE	FALSE	FALSE	FALSE			Astraios
3796	32	623	Charnabon dealership	Charnabon	Heroware	FALSE	FALSE	FALSE	FALSE	FALSE			Astraios
3797	32	623	Charnabon station	Charnabon	Aftermarket Station	FALSE	FALSE	FALSE	FALSE	FALSE			Astraios
3798	32	623	Outlet 1109.20419	Charnabon	Gus's Gas	FALSE	FALSE	FALSE	FALSE	FALSE			Astraios
3799	17	605	Lupa	Lupa	Sun	TRUE	TRUE	FALSE	FALSE	FALSE		Charnabon	Astraios
3800	17	605	Alpha Lupa	Lupa	Alien world	FALSE	FALSE	FALSE	FALSE	FALSE			Astraios
3801	17	605	Psi Lupa	Lupa	Alien world	FALSE	FALSE	FALSE	FALSE	FALSE	moon		Astraios
3802	17	605	Chi Lupa	Lupa	Barren rock	FALSE	FALSE	FALSE	FALSE	FALSE	moon		Astraios
3803	17	605	Phi Lupa	Lupa	Alien world	FALSE	FALSE	TRUE	FALSE	FALSE	moon		Astraios
3804	17	605	Upsilon Lupa	Lupa	Alien world	FALSE	FALSE	FALSE	FALSE	FALSE	moon		Astraios
3805	17	605	Zeta Lupa	Lupa	Alien world	FALSE	FALSE	FALSE	FALSE	FALSE			Astraios
3806	17	605	Sigma Lupa	Lupa	Alien world	FALSE	FALSE	FALSE	FALSE	FALSE	moon		Astraios
3807	17	605	Rho Lupa	Lupa	Artificial moon	FALSE	FALSE	FALSE	FALSE	FALSE	moon		Astraios
3808	17	605	Pi Lupa	Lupa	Barren rock	FALSE	FALSE	FALSE	FALSE	FALSE	moon		Astraios
3809	17	605	Kappa Lupa	Lupa	Alien world	FALSE	FALSE	FALSE	FALSE	FALSE			Astraios
3810	17	605	Lambda Lupa	Lupa	Alien world	FALSE	FALSE	FALSE	FALSE	FALSE			Astraios
3811	17	605	Nu Lupa	Lupa	Artificial moon	FALSE	FALSE	FALSE	FALSE	FALSE	moon		Astraios
3812	17	605	Mu Lupa	Lupa	Frozen wasteland	FALSE	FALSE	FALSE	TRUE	FALSE			Astraios
3813	17	605	Xi Lupa	Lupa	Alien world	FALSE	FALSE	FALSE	FALSE	FALSE	moon		Astraios
3814	17	605	Omega Lupa	Lupa	Barren rock	FALSE	FALSE	FALSE	FALSE	FALSE	moon		Astraios
3815	17	605	Iota Lupa	Lupa	Barren rock	FALSE	FALSE	FALSE	FALSE	FALSE	moon		Astraios
3816	17	605	Theta Lupa	Lupa	Artificial moon	FALSE	FALSE	FALSE	FALSE	FALSE	moon		Astraios
3817	17	605	Eta Lupa	Lupa	Barren rock	FALSE	FALSE	FALSE	FALSE	FALSE	moon		Astraios
3818	62	533	Thetis	Thetis	Sun	TRUE	TRUE	FALSE	FALSE	FALSE		Angelia, Euryale	Pylades
3819	62	533	Alpha Thetis	Thetis	Terran planet	FALSE	FALSE	FALSE	FALSE	FALSE			Pylades
3820	62	533	Restaurant #9285	Thetis	Space Burger	FALSE	FALSE	FALSE	FALSE	FALSE	Droid #B389 and Droid #ADB8		Pylades
3821	62	533	Gamma Thetis	Thetis	Terran planet	FALSE	FALSE	FALSE	FALSE	FALSE			Pylades
3822	62	533	Delta Thetis	Thetis	Alien world	FALSE	FALSE	FALSE	FALSE	FALSE			Pylades
3823	62	533	Epsilon Thetis	Thetis	Alien world	FALSE	FALSE	FALSE	FALSE	FALSE			Pylades
3824	62	533	Zeta Thetis	Thetis	Frozen wasteland	FALSE	FALSE	FALSE	TRUE	FALSE			Pylades
3825	101	590	Angelia Majoris	Angelia	Binary Sun	TRUE	TRUE	FALSE	FALSE	FALSE		Epopeus, Hippolyta, Epione, Thero, Lampedo, Thetis	Pylades
3826	101	590	Angelia Minoris	Angelia	Binary Sun	TRUE	TRUE	FALSE	FALSE	FALSE			Pylades
3827	101	590	Alpha Angelia	Angelia	Alien world	FALSE	FALSE	FALSE	FALSE	FALSE			Pylades
3828	101	590	Beta Angelia	Angelia	Alien world	FALSE	FALSE	FALSE	FALSE	FALSE			Pylades
3829	101	590	Gamma Angelia	Angelia	Alien world	FALSE	FALSE	FALSE	FALSE	FALSE			Pylades
3830	101	590	Delta Angelia	Angelia	Gas giant	FALSE	FALSE	FALSE	FALSE	FALSE			Pylades
3831	101	590	Epsilon Angelia	Angelia	Alien world	FALSE	FALSE	FALSE	FALSE	FALSE			Pylades
3832	68	529	Euryale	Euryale	Sun	TRUE	TRUE	FALSE	FALSE	FALSE		Thetis	Pylades
3833	68	529	Alpha Euryale	Euryale	Gas giant	FALSE	FALSE	FALSE	FALSE	FALSE			Pylades
3834	68	529	Beta Euryale	Euryale	Alien world	FALSE	FALSE	FALSE	FALSE	FALSE			Pylades
3835	90	588	Epopeus	Epopeus	Sun	TRUE	TRUE	FALSE	FALSE	FALSE		Angelia	Pylades
3836	90	588	Alpha Epopeus	Epopeus	Gas giant	FALSE	FALSE	FALSE	FALSE	FALSE			Pylades
3837	87	573	Tyche	Tyche	Sun	TRUE	TRUE	FALSE	FALSE	FALSE		Damneus	Pylades
3838	87	573	Alpha Tyche	Tyche	Terran planet	FALSE	FALSE	FALSE	FALSE	FALSE			Pylades
3839	94	561	Damneus	Damneus	Sun	TRUE	TRUE	FALSE	FALSE	FALSE		Tyche, Lampedo	Pylades
3840	94	561	Alpha Damneus	Damneus	Alien world	FALSE	FALSE	FALSE	FALSE	FALSE			Pylades
3841	94	561	Damneus campus	Damneus	Heroes Academy	FALSE	FALSE	FALSE	FALSE	FALSE			Pylades
3842	102	565	Lampedo	Lampedo	Sun	TRUE	TRUE	FALSE	FALSE	FALSE		Damneus, Angelia	Pylades
3843	102	565	Alpha Lampedo	Lampedo	Alien world	FALSE	FALSE	TRUE	FALSE	FALSE			Pylades
3844	102	565	Lampedo dealership	Lampedo	Heroware	FALSE	FALSE	FALSE	FALSE	FALSE			Pylades
3845	102	565	Gamma Lampedo	Lampedo	Terran planet	FALSE	FALSE	FALSE	FALSE	FALSE			Pylades
3846	102	565	Phi Lampedo	Lampedo	Artificial moon	FALSE	FALSE	FALSE	FALSE	FALSE	moon		Pylades
3847	118	581	Thero	Thero	Sun	TRUE	TRUE	FALSE	FALSE	FALSE		Angelia	Pylades
3848	118	581	Alpha Thero	Thero	Terran planet	FALSE	FALSE	FALSE	FALSE	FALSE			Pylades
3849	118	581	Beta Thero	Thero	Alien world	FALSE	FALSE	FALSE	FALSE	FALSE			Pylades
3850	118	581	Chi Thero	Thero	Artificial moon	FALSE	FALSE	FALSE	FALSE	FALSE	moon		Pylades
3851	118	581	Madam Zenina	Thero	Fortune Teller	FALSE	FALSE	FALSE	FALSE	FALSE			Pylades
3852	118	581	Upsilon Thero	Thero	Alien world	FALSE	FALSE	FALSE	FALSE	FALSE	moon		Pylades
3853	136	591	Epione	Epione	Sun	TRUE	TRUE	FALSE	FALSE	FALSE		Angelia	Pylades
3854	136	591	Alpha Epione	Epione	Alien world	FALSE	FALSE	FALSE	FALSE	FALSE			Pylades
3855	136	591	Beta Epione	Epione	Alien world	FALSE	FALSE	FALSE	FALSE	FALSE			Pylades
3856	136	591	Gamma Epione	Epione	Terran planet	FALSE	FALSE	FALSE	FALSE	FALSE			Pylades
3857	136	591	Delta Epione	Epione	Terran planet	FALSE	FALSE	FALSE	FALSE	FALSE			Pylades
3858	97	610	Hippolyta	Hippolyta	Sun	TRUE	TRUE	FALSE	FALSE	FALSE		Theobule, Angelia	Pylades
3859	97	610	Alpha Hippolyta	Hippolyta	Alien world	FALSE	FALSE	FALSE	FALSE	FALSE			Pylades
3860	97	610	Hippolyta dealership	Hippolyta	Heroware	FALSE	FALSE	FALSE	FALSE	FALSE			Pylades
3861	97	610	Gamma Hippolyta	Hippolyta	Terran planet	FALSE	FALSE	FALSE	FALSE	FALSE			Pylades
3862	97	610	Hippolyta station	Hippolyta	Aftermarket Station	FALSE	FALSE	FALSE	FALSE	FALSE			Pylades
3863	91	609	Theobule	Theobule	Sun	TRUE	TRUE	FALSE	FALSE	FALSE		Hippolyta	Pylades
3864	91	609	Alpha Theobule	Theobule	Terran planet	FALSE	FALSE	FALSE	FALSE	FALSE			Pylades
3865	91	609	Restaurant #1158	Theobule	Space Burger	FALSE	FALSE	FALSE	FALSE	FALSE			Pylades
3866	91	609	Gamma Theobule	Theobule	Inferno	FALSE	TRUE	FALSE	FALSE	FALSE			Pylades
3867	91	609	Outlet 3063.19985	Theobule	Gus's Gas	FALSE	FALSE	FALSE	FALSE	FALSE			Pylades
3868	61	619	Euryte	Euryte	Sun	TRUE	TRUE	FALSE	FALSE	FALSE		Chariclo, Laodice	Narcissus
3869	61	619	Ajalamo	Euryte	Asteroid belt	FALSE	TRUE	FALSE	FALSE	FALSE			Narcissus
3870	61	619	Beta Euryte	Euryte	Gas giant	FALSE	FALSE	FALSE	FALSE	FALSE			Narcissus
3871	61	619	Chi Euryte	Euryte	Alien world	FALSE	FALSE	FALSE	FALSE	FALSE	moon		Narcissus
3872	61	619	Phi Euryte	Euryte	Barren rock	FALSE	FALSE	FALSE	FALSE	FALSE	moon		Narcissus
3873	61	619	Upsilon Euryte	Euryte	Artificial moon	FALSE	FALSE	FALSE	FALSE	FALSE	moon		Narcissus
3874	61	619	Tau Euryte	Euryte	Artificial moon	FALSE	FALSE	FALSE	FALSE	FALSE	moon		Narcissus
3875	61	619	Eta Euryte	Euryte	Terran planet	FALSE	FALSE	FALSE	FALSE	FALSE			Narcissus
3876	61	619	Rho Euryte	Euryte	Barren rock	FALSE	FALSE	FALSE	FALSE	FALSE	moon		Narcissus
3877	61	619	Pi Euryte	Euryte	Alien world	FALSE	FALSE	FALSE	FALSE	FALSE	moon		Narcissus
3878	65	609	Chariclo	Chariclo	Sun	TRUE	TRUE	FALSE	FALSE	FALSE		Euryte	Narcissus
3879	65	609	Alpha Chariclo	Chariclo	Alien world	FALSE	FALSE	FALSE	FALSE	FALSE			Narcissus
3880	58	598	Laodice	Laodice	Sun	TRUE	TRUE	FALSE	FALSE	FALSE		Euryte, Penthus	Narcissus
3881	58	598	Alpha Laodice	Laodice	Inferno	FALSE	TRUE	FALSE	FALSE	FALSE			Narcissus
3882	58	598	Beta Laodice	Laodice	Alien world	FALSE	FALSE	FALSE	FALSE	FALSE			Narcissus
3883	58	598	Gamma Laodice	Laodice	Gas giant	FALSE	FALSE	FALSE	FALSE	FALSE			Narcissus
3884	65	584	Acraepheus	Acraepheus	Sun	TRUE	TRUE	FALSE	FALSE	FALSE		Penthus	Narcissus
3885	65	584	Alpha Acraepheus	Acraepheus	Alien world	FALSE	FALSE	FALSE	FALSE	FALSE			Narcissus
3886	65	584	Beta Acraepheus	Acraepheus	Gas giant	FALSE	FALSE	FALSE	FALSE	FALSE			Narcissus
3887	65	584	Madam Stanka	Acraepheus	Fortune Teller	FALSE	FALSE	FALSE	FALSE	FALSE			Narcissus
3888	51	585	Caicias	Caicias	Sun	TRUE	TRUE	FALSE	FALSE	FALSE		Penthus	Narcissus
3889	51	585	Alpha Caicias	Caicias	Gas giant	FALSE	FALSE	FALSE	FALSE	FALSE			Narcissus
3890	51	585	Beta Caicias	Caicias	Gas giant	FALSE	FALSE	FALSE	FALSE	FALSE			Narcissus
3891	51	585	Gamma Caicias	Caicias	Gas giant	FALSE	FALSE	FALSE	FALSE	FALSE			Narcissus
3892	51	585	Caicias campus	Caicias	Heroes Academy	FALSE	FALSE	FALSE	FALSE	FALSE			Narcissus
3893	36	558	Euippe	Euippe	Sun	TRUE	TRUE	FALSE	FALSE	FALSE		Eunostus	Narcissus
3894	36	558	Alpha Euippe	Euippe	Inferno	FALSE	TRUE	FALSE	FALSE	FALSE			Narcissus
3895	36	558	Restaurant #7819	Euippe	Space Burger	FALSE	FALSE	FALSE	FALSE	FALSE			Narcissus
3896	36	558	Gamma Euippe	Euippe	Alien world	FALSE	FALSE	TRUE	FALSE	FALSE			Narcissus
3897	36	558	Phi Euippe	Euippe	Alien world	FALSE	FALSE	FALSE	FALSE	FALSE	moon		Narcissus
3898	36	558	Upsilon Euippe	Euippe	Barren rock	FALSE	FALSE	FALSE	FALSE	FALSE	moon		Narcissus
3899	36	558	Tau Euippe	Euippe	Alien world	FALSE	FALSE	FALSE	FALSE	FALSE	moon		Narcissus
3900	36	558	Eta Euippe	Euippe	Alien world	FALSE	FALSE	FALSE	FALSE	FALSE			Narcissus
3901	36	558	Rho Euippe	Euippe	Alien world	FALSE	FALSE	FALSE	FALSE	FALSE	moon		Narcissus
3902	36	558	Pi Euippe	Euippe	Alien world	FALSE	FALSE	FALSE	FALSE	FALSE	moon		Narcissus
3903	48	568	Eunostus	Eunostus	Sun	TRUE	TRUE	FALSE	FALSE	FALSE		Euippe, Penthus	Narcissus
3904	48	568	Alpha Eunostus	Eunostus	Gas giant	FALSE	FALSE	FALSE	FALSE	FALSE			Narcissus
3905	48	568	Beta Eunostus	Eunostus	Terran planet	FALSE	FALSE	FALSE	FALSE	FALSE			Narcissus
3906	48	568	Eunostus station	Eunostus	Aftermarket Station	FALSE	FALSE	FALSE	FALSE	FALSE			Narcissus
3907	48	568	Delta Eunostus	Eunostus	Alien world	FALSE	FALSE	FALSE	FALSE	FALSE			Narcissus
3908	48	568	Epsilon Eunostus	Eunostus	Gas giant	FALSE	FALSE	FALSE	FALSE	FALSE			Narcissus
3909	60	577	Penthus	Penthus	Sun	TRUE	TRUE	FALSE	FALSE	FALSE		Hippolytus, Caicias, Laodice, Acraepheus, Eunostus	Narcissus
3910	60	577	Alpha Penthus	Penthus	Gas giant	FALSE	FALSE	FALSE	FALSE	FALSE			Narcissus
3911	60	577	Beta Penthus	Penthus	Terran planet	FALSE	FALSE	FALSE	FALSE	FALSE			Narcissus
3912	60	577	Gamma Penthus	Penthus	Terran planet	FALSE	FALSE	FALSE	FALSE	FALSE			Narcissus
3913	60	577	Penthus dealership	Penthus	Heroware	FALSE	FALSE	FALSE	FALSE	FALSE			Narcissus
3914	60	577	Epsilon Penthus	Penthus	Terran planet	FALSE	FALSE	FALSE	FALSE	FALSE			Narcissus
3915	37	578	Hippolytus	Hippolytus	Sun	TRUE	TRUE	FALSE	FALSE	FALSE		Penthus	Narcissus
3916	37	578	Alpha Hippolytus	Hippolytus	Gas giant	FALSE	FALSE	FALSE	FALSE	FALSE			Narcissus
3917	37	578	Beta Hippolytus	Hippolytus	Alien world	FALSE	FALSE	FALSE	FALSE	FALSE			Narcissus
3918	37	578	Chi Hippolytus	Hippolytus	Barren rock	FALSE	FALSE	FALSE	FALSE	FALSE	moon		Narcissus
3919	37	578	Delta Hippolytus	Hippolytus	Alien world	FALSE	FALSE	FALSE	FALSE	FALSE			Narcissus
3920	37	578	Upsilon Hippolytus	Hippolytus	Artificial moon	FALSE	FALSE	FALSE	FALSE	FALSE	moon		Narcissus
3921	37	578	Tau Hippolytus	Hippolytus	Alien world	FALSE	FALSE	FALSE	FALSE	FALSE	moon		Narcissus
3922	37	578	Eta Hippolytus	Hippolytus	Alien world	FALSE	FALSE	FALSE	FALSE	FALSE			Narcissus
3923	335	605	Kihigilan	Kihigilan	Wormhole	TRUE	FALSE	FALSE	FALSE	TRUE			Kihigilan
3924	621	542	Tomwo'get	Tomwo'get	Wormhole	TRUE	FALSE	FALSE	FALSE	TRUE	Galactic Party 2023 location		Tomwo'get
3925	282	561	Epiales	Epiales	Sun	TRUE	TRUE	FALSE	FALSE	FALSE		Cyclopes	Dryope
3926	282	561	Alpha Epiales	Epiales	Terran planet	FALSE	FALSE	FALSE	FALSE	FALSE			Dryope
3927	282	561	Psi Epiales	Epiales	Alien world	FALSE	FALSE	FALSE	FALSE	FALSE	moon		Dryope
3928	282	561	Chi Epiales	Epiales	Alien world	FALSE	FALSE	FALSE	FALSE	FALSE	moon		Dryope
3929	282	561	Phi Epiales	Epiales	Artificial moon	FALSE	FALSE	FALSE	FALSE	FALSE	moon		Dryope
3930	282	561	Epsilon Epiales	Epiales	Inferno	FALSE	TRUE	FALSE	FALSE	FALSE			Dryope
3931	282	561	Tau Epiales	Epiales	Alien world	FALSE	FALSE	FALSE	FALSE	FALSE	moon		Dryope
3932	282	561	Sigma Epiales	Epiales	Alien world	FALSE	FALSE	TRUE	FALSE	FALSE	moon		Dryope
3933	282	561	Theta Epiales	Epiales	Terran planet	FALSE	FALSE	FALSE	FALSE	FALSE			Dryope
3934	282	561	Epiales station	Epiales	Aftermarket Station	FALSE	FALSE	FALSE	FALSE	FALSE			Dryope
3935	282	561	Kappa Epiales	Epiales	Alien world	FALSE	FALSE	FALSE	FALSE	FALSE			Dryope
3936	282	561	Lambda Epiales	Epiales	Alien world	FALSE	FALSE	FALSE	FALSE	FALSE			Dryope
3937	256	552	Pandaie	Pandaie	Sun	TRUE	TRUE	FALSE	FALSE	FALSE		Rhapso	Dryope
3938	256	552	Alpha Pandaie	Pandaie	Alien world	FALSE	FALSE	FALSE	FALSE	FALSE			Dryope
3939	256	552	Psi Pandaie	Pandaie	Artificial moon	FALSE	FALSE	FALSE	FALSE	FALSE	moon		Dryope
3940	256	552	Chi Pandaie	Pandaie	Alien world	FALSE	FALSE	FALSE	FALSE	FALSE	moon		Dryope
3941	256	552	Pandaie dealership	Pandaie	Heroware	FALSE	FALSE	FALSE	FALSE	FALSE			Dryope
3942	256	552	Pandaie campus	Pandaie	Heroes Academy	FALSE	FALSE	FALSE	FALSE	FALSE			Dryope
3943	245	551	Rhapso	Rhapso	Sun	TRUE	TRUE	FALSE	FALSE	FALSE		Pandaie, Cyclopes	Dryope
3944	245	551	Alpha Rhapso	Rhapso	Alien world	FALSE	FALSE	FALSE	FALSE	FALSE			Dryope
3945	245	551	Beta Rhapso	Rhapso	Inferno	FALSE	TRUE	FALSE	FALSE	FALSE			Dryope
3946	245	551	Gamma Rhapso	Rhapso	Gas giant	FALSE	FALSE	FALSE	FALSE	FALSE			Dryope
3947	245	567	Cyclopes	Cyclopes	Sun	TRUE	TRUE	FALSE	FALSE	FALSE		Soter, Rhapso, Epiales	Dryope
3948	245	567	Alpha Cyclopes	Cyclopes	Alien world	FALSE	FALSE	FALSE	FALSE	FALSE			Dryope
3949	245	567	Beta Cyclopes	Cyclopes	Inferno	FALSE	TRUE	FALSE	FALSE	FALSE			Dryope
3950	245	567	Gamma Cyclopes	Cyclopes	Alien world	FALSE	FALSE	FALSE	FALSE	FALSE			Dryope
3951	245	567	Delta Cyclopes	Cyclopes	Frozen wasteland	FALSE	FALSE	FALSE	TRUE	FALSE			Dryope
3952	245	567	Umlungu	Cyclopes	Asteroid belt	FALSE	FALSE	FALSE	FALSE	FALSE			Dryope
3953	245	567	Madam Vedette	Cyclopes	Fortune Teller	FALSE	FALSE	FALSE	FALSE	FALSE			Dryope
3954	245	567	Eta Cyclopes	Cyclopes	Frozen wasteland	FALSE	FALSE	FALSE	TRUE	FALSE			Dryope
3955	245	567	Outlet 8182.18598	Cyclopes	Gus's Gas	FALSE	FALSE	FALSE	FALSE	FALSE			Dryope
3956	249	611	Soter	Soter	Sun	TRUE	TRUE	FALSE	FALSE	FALSE		Peisenor, Arethusa, Cyclopes	Dryope
3957	249	611	Alpha Soter	Soter	Terran planet	FALSE	FALSE	FALSE	FALSE	FALSE			Dryope
3958	249	611	Beta Soter	Soter	Alien world	FALSE	FALSE	FALSE	FALSE	FALSE			Dryope
3959	249	611	Gamma Soter	Soter	Alien world	FALSE	FALSE	FALSE	FALSE	FALSE			Dryope
3960	249	611	Delta Soter	Soter	Terran planet	FALSE	FALSE	FALSE	FALSE	FALSE			Dryope
3961	249	611	Upsilon Soter	Soter	Barren rock	FALSE	FALSE	FALSE	FALSE	FALSE	moon		Dryope
3962	249	611	Zeta Soter	Soter	Alien world	FALSE	FALSE	FALSE	FALSE	FALSE			Dryope
3963	231	620	Peisenor	Peisenor	Sun	TRUE	TRUE	FALSE	FALSE	FALSE		Antinous, Patroclus, Soter	Dryope
3964	231	620	Mw-ene	Peisenor	Asteroid belt	FALSE	TRUE	FALSE	FALSE	FALSE			Dryope
3965	231	620	Beta Peisenor	Peisenor	Alien world	FALSE	FALSE	FALSE	FALSE	FALSE			Dryope
3966	231	620	Madam Penelope	Peisenor	Fortune Teller	FALSE	FALSE	FALSE	FALSE	FALSE			Dryope
3967	231	620	Delta Peisenor	Peisenor	Gas giant	FALSE	FALSE	FALSE	FALSE	FALSE			Dryope
3968	231	620	Upsilon Peisenor	Peisenor	Alien world	FALSE	FALSE	FALSE	FALSE	FALSE	moon		Dryope
3969	231	620	Tau Peisenor	Peisenor	Barren rock	FALSE	FALSE	FALSE	FALSE	FALSE	moon		Dryope
3970	223	632	Patroclus	Patroclus	Sun	TRUE	TRUE	FALSE	FALSE	FALSE		Peisenor	Dryope
3971	223	632	Alpha Patroclus	Patroclus	Inferno	FALSE	TRUE	FALSE	FALSE	FALSE			Dryope
3972	223	632	Psi Patroclus	Patroclus	Alien world	FALSE	FALSE	FALSE	FALSE	FALSE	moon		Dryope
3973	223	632	Chi Patroclus	Patroclus	Alien world	FALSE	FALSE	FALSE	FALSE	FALSE	moon		Dryope
3974	223	632	Outlet 7402.20716	Patroclus	Gus's Gas	FALSE	FALSE	FALSE	FALSE	FALSE			Dryope
3975	213	620	Antinous	Antinous	Sun	TRUE	TRUE	FALSE	FALSE	FALSE		Peisenor	Dryope
3976	213	620	Alpha Antinous	Antinous	Inferno	FALSE	TRUE	FALSE	FALSE	FALSE			Dryope
3977	213	620	Psi Antinous	Antinous	Alien world	FALSE	FALSE	FALSE	FALSE	FALSE	moon		Dryope
3978	213	620	Gamma Antinous	Antinous	Terran planet	FALSE	FALSE	FALSE	FALSE	FALSE			Dryope
3979	213	620	Antinous campus	Antinous	Heroes Academy	FALSE	FALSE	FALSE	FALSE	FALSE			Dryope
3980	208	598	Arethusa	Arethusa	Sun	TRUE	TRUE	FALSE	FALSE	FALSE		Hecamede, Soter	Dryope
3981	208	598	Alpha Arethusa	Arethusa	Inferno	FALSE	TRUE	FALSE	FALSE	FALSE			Dryope
3982	208	598	Psi Arethusa	Arethusa	Barren rock	FALSE	FALSE	FALSE	FALSE	FALSE	moon		Dryope
3983	208	598	Gamma Arethusa	Arethusa	Alien world	FALSE	FALSE	FALSE	FALSE	FALSE			Dryope
3984	208	598	Arethusa station	Arethusa	Aftermarket Station	FALSE	FALSE	FALSE	FALSE	FALSE			Dryope
3985	208	598	Epsilon Arethusa	Arethusa	Alien world	FALSE	FALSE	FALSE	FALSE	FALSE			Dryope
3986	208	598	Tau Arethusa	Arethusa	Barren rock	FALSE	FALSE	FALSE	FALSE	FALSE	moon		Dryope
3987	180	580	Hecamede	Hecamede	Sun	TRUE	TRUE	FALSE	FALSE	FALSE		Pandaisia, Arethusa	Dryope
3988	180	580	Umvelatanqi	Hecamede	Asteroid belt	FALSE	TRUE	FALSE	FALSE	FALSE			Dryope
3989	180	580	Beta Hecamede	Hecamede	Alien world	FALSE	FALSE	FALSE	FALSE	FALSE			Dryope
3990	180	580	Gamma Hecamede	Hecamede	Alien world	FALSE	FALSE	FALSE	FALSE	FALSE			Dryope
3991	180	580	Outlet 5980.19018	Hecamede	Gus's Gas	FALSE	FALSE	FALSE	FALSE	FALSE			Dryope
3992	169	600	Pandaisia	Pandaisia	Sun	TRUE	TRUE	FALSE	FALSE	FALSE		Hephaestus, Hecamede	Dryope
3993	169	600	Alpha Pandaisia	Pandaisia	Alien world	FALSE	FALSE	FALSE	FALSE	FALSE			Dryope
3994	169	600	Beta Pandaisia	Pandaisia	Alien world	FALSE	FALSE	FALSE	FALSE	FALSE			Dryope
3995	169	600	Restaurant #6006	Pandaisia	Space Burger	FALSE	FALSE	FALSE	FALSE	FALSE			Dryope
3996	164	586	Hephaestus	Hephaestus	Sun	TRUE	TRUE	FALSE	FALSE	FALSE		Pandaisia	Dryope
3997	164	586	Alpha Hephaestus	Hephaestus	Gas giant	FALSE	FALSE	FALSE	FALSE	FALSE			Dryope
3998	164	586	Psi Hephaestus	Hephaestus	Barren rock	FALSE	FALSE	FALSE	FALSE	FALSE	moon		Dryope
3999	164	586	Chi Hephaestus	Hephaestus	Alien world	FALSE	FALSE	FALSE	FALSE	FALSE	moon		Dryope
4000	164	586	Phi Hephaestus	Hephaestus	Alien world	FALSE	FALSE	FALSE	FALSE	FALSE	moon		Dryope
4001	124	677	Thersander	Thersander	Sun	TRUE	TRUE	FALSE	FALSE	FALSE		Peisidice	Styx
4002	124	677	Alpha Thersander	Thersander	Alien world	FALSE	FALSE	FALSE	FALSE	FALSE			Styx
4003	124	677	Beta Thersander	Thersander	Terran planet	FALSE	FALSE	FALSE	FALSE	FALSE			Styx
4004	124	677	Gamma Thersander	Thersander	Gas giant	FALSE	FALSE	FALSE	FALSE	FALSE			Styx
4005	124	677	Phi Thersander	Thersander	Artificial moon	FALSE	FALSE	FALSE	FALSE	FALSE	moon		Styx
4006	124	677	Upsilon Thersander	Thersander	Barren rock	FALSE	FALSE	FALSE	FALSE	FALSE	moon		Styx
4007	124	677	Tau Thersander	Thersander	Artificial moon	FALSE	FALSE	FALSE	FALSE	FALSE	moon		Styx
4008	121	662	Apis	Apis	Sun	TRUE	TRUE	FALSE	FALSE	FALSE		Poine, Thalassa	Styx
4009	121	662	Alpha Apis	Apis	Gas giant	FALSE	FALSE	FALSE	FALSE	FALSE			Styx
4010	121	662	Beta Apis	Apis	Gas giant	FALSE	FALSE	FALSE	FALSE	FALSE			Styx
4011	121	662	Madam Fifika	Apis	Fortune Teller	FALSE	FALSE	FALSE	FALSE	FALSE			Styx
4012	121	662	Delta Apis	Apis	Gas giant	FALSE	FALSE	FALSE	FALSE	FALSE			Styx
4013	121	662	Upsilon Apis	Apis	Artificial moon	FALSE	FALSE	FALSE	FALSE	FALSE	moon		Styx
4014	121	662	Eseasar	Apis	Asteroid belt	FALSE	FALSE	FALSE	FALSE	FALSE			Styx
4015	121	662	Eta Apis	Apis	Frozen wasteland	FALSE	FALSE	FALSE	TRUE	FALSE			Styx
4016	121	662	Rho Apis	Apis	Alien world	FALSE	FALSE	FALSE	FALSE	FALSE	moon		Styx
4017	92	650	Iphidamas	Iphidamas	Sun	TRUE	TRUE	FALSE	FALSE	FALSE		Poine	Styx
4018	92	650	Alpha Iphidamas	Iphidamas	Alien world	FALSE	FALSE	TRUE	FALSE	FALSE			Styx
4019	92	650	Iphidamas dealership	Iphidamas	Heroware	FALSE	FALSE	FALSE	FALSE	FALSE			Styx
4020	92	650	Gamma Iphidamas	Iphidamas	Gas giant	FALSE	FALSE	FALSE	FALSE	FALSE			Styx
4021	92	650	Phi Iphidamas	Iphidamas	Artificial moon	FALSE	FALSE	FALSE	FALSE	FALSE	moon		Styx
4022	92	650	Upsilon Iphidamas	Iphidamas	Artificial moon	FALSE	FALSE	FALSE	FALSE	FALSE	moon		Styx
4023	120	636	Poine	Poine	Sun	TRUE	TRUE	FALSE	FALSE	FALSE		Apis, Iphidamas	Styx
4024	120	636	Alpha Poine	Poine	Alien world	FALSE	FALSE	TRUE	FALSE	FALSE			Styx
4025	120	636	Beta Poine	Poine	Alien world	FALSE	FALSE	FALSE	FALSE	FALSE			Styx
4026	142	655	Thalassa	Thalassa	Sun	TRUE	TRUE	FALSE	FALSE	FALSE		Apis, Plutus	Styx
4027	142	655	Alpha Thalassa	Thalassa	Alien world	FALSE	FALSE	FALSE	FALSE	FALSE			Styx
4028	142	655	Beta Thalassa	Thalassa	Alien world	FALSE	FALSE	FALSE	FALSE	FALSE			Styx
4029	142	655	Chi Thalassa	Thalassa	Barren rock	FALSE	FALSE	FALSE	FALSE	FALSE	moon		Styx
4030	142	655	Delta Thalassa	Thalassa	Frozen wasteland	FALSE	FALSE	FALSE	TRUE	FALSE			Styx
4031	142	655	Epsilon Thalassa	Thalassa	Terran planet	FALSE	FALSE	FALSE	FALSE	FALSE			Styx
4032	121	690	Peisidice	Peisidice	Sun	TRUE	TRUE	FALSE	FALSE	FALSE		Thersander, Plutus	Styx
4033	121	690	Alpha Peisidice	Peisidice	Alien world	FALSE	FALSE	FALSE	FALSE	FALSE			Styx
4034	121	690	Beta Peisidice	Peisidice	Alien world	FALSE	FALSE	FALSE	FALSE	FALSE			Styx
4035	121	690	Gamma Peisidice	Peisidice	Alien world	FALSE	FALSE	FALSE	FALSE	FALSE			Styx
4036	121	690	Delta Peisidice	Peisidice	Gas giant	FALSE	FALSE	FALSE	FALSE	FALSE			Styx
4037	121	690	Epsilon Peisidice	Peisidice	Alien world	FALSE	FALSE	FALSE	FALSE	FALSE			Styx
4038	189	679	Asbolus	Asbolus	Sun	TRUE	TRUE	FALSE	FALSE	FALSE		Demodice	Styx
4039	189	679	Alpha Asbolus	Asbolus	Terran planet	FALSE	FALSE	FALSE	FALSE	FALSE			Styx
4040	189	679	Beta Asbolus	Asbolus	Gas giant	FALSE	FALSE	FALSE	FALSE	FALSE			Styx
4041	189	679	Gamma Asbolus	Asbolus	Alien world	FALSE	FALSE	FALSE	FALSE	FALSE			Styx
4042	154	684	Demodice	Demodice	Sun	TRUE	TRUE	FALSE	FALSE	FALSE		Plutus, Asbolus	Styx
4043	154	684	Alpha Demodice	Demodice	Alien world	FALSE	FALSE	FALSE	FALSE	FALSE			Styx
4044	154	684	Beta Demodice	Demodice	Inferno	FALSE	TRUE	FALSE	FALSE	FALSE			Styx
4045	154	684	Chi Demodice	Demodice	Barren rock	FALSE	FALSE	FALSE	FALSE	FALSE	moon		Styx
4046	154	684	Delta Demodice	Demodice	Frozen wasteland	FALSE	FALSE	FALSE	TRUE	FALSE			Styx
4047	154	684	Outlet 5133.22427	Demodice	Gus's Gas	FALSE	FALSE	FALSE	FALSE	FALSE			Styx
4048	154	684	Zeta Demodice	Demodice	Gas giant	FALSE	FALSE	FALSE	FALSE	FALSE			Styx
4049	154	684	Demodice campus	Demodice	Heroes Academy	FALSE	FALSE	FALSE	FALSE	FALSE			Styx
4050	154	684	Demodice station	Demodice	Aftermarket Station	FALSE	FALSE	FALSE	FALSE	FALSE			Styx
4051	138	688	Plutus	Plutus	Sun	TRUE	TRUE	FALSE	FALSE	FALSE		Peisidice, Cynortas, Demodice, Thalassa	Styx
4052	138	688	Alpha Plutus	Plutus	Gas giant	FALSE	FALSE	FALSE	FALSE	FALSE			Styx
4053	138	688	Psi Plutus	Plutus	Alien world	FALSE	FALSE	FALSE	FALSE	FALSE	moon		Styx
4054	138	688	Gamma Plutus	Plutus	Gas giant	FALSE	FALSE	FALSE	FALSE	FALSE			Styx
4055	138	688	Delta Plutus	Plutus	Gas giant	FALSE	FALSE	FALSE	FALSE	FALSE			Styx
4056	138	688	Epsilon Plutus	Plutus	Terran planet	FALSE	FALSE	FALSE	FALSE	FALSE			Styx
4057	156	716	Ptocheia	Ptocheia	Sun	TRUE	TRUE	FALSE	FALSE	FALSE		Cynortas	Styx
4058	156	716	Alpha Ptocheia	Ptocheia	Gas giant	FALSE	FALSE	FALSE	FALSE	FALSE			Styx
4059	156	716	Beta Ptocheia	Ptocheia	Gas giant	FALSE	FALSE	FALSE	FALSE	FALSE			Styx
4060	156	716	Gamma Ptocheia	Ptocheia	Alien world	FALSE	FALSE	FALSE	FALSE	FALSE			Styx
4061	156	716	Phi Ptocheia	Ptocheia	Artificial moon	FALSE	FALSE	FALSE	FALSE	FALSE	moon		Styx
4062	156	716	Upsilon Ptocheia	Ptocheia	Artificial moon	FALSE	FALSE	FALSE	FALSE	FALSE	moon		Styx
4063	156	716	Tau Ptocheia	Ptocheia	Artificial moon	FALSE	FALSE	FALSE	FALSE	FALSE	moon		Styx
4064	156	716	Sigma Ptocheia	Ptocheia	Alien world	FALSE	FALSE	FALSE	FALSE	FALSE	moon		Styx
4065	139	702	Cynortas	Cynortas	Sun	TRUE	TRUE	FALSE	FALSE	FALSE		Oceanides, Ptocheia, Plutus	Styx
4066	139	702	Alpha Cynortas	Cynortas	Gas giant	FALSE	FALSE	FALSE	FALSE	FALSE			Styx
4067	139	702	Psi Cynortas	Cynortas	Artificial moon	FALSE	FALSE	FALSE	FALSE	FALSE	moon		Styx
4068	139	702	Gamma Cynortas	Cynortas	Inferno	FALSE	TRUE	FALSE	FALSE	FALSE			Styx
4069	139	702	Delta Cynortas	Cynortas	Gas giant	FALSE	FALSE	FALSE	FALSE	FALSE			Styx
4070	139	702	Cynortas dealership	Cynortas	Heroware	FALSE	FALSE	FALSE	FALSE	FALSE			Styx
4071	139	702	Zeta Cynortas	Cynortas	Alien world	FALSE	FALSE	FALSE	FALSE	FALSE			Styx
4072	139	702	Restaurant #1564	Cynortas	Space Burger	FALSE	FALSE	FALSE	FALSE	FALSE			Styx
4073	125	714	Oceanides	Oceanides	Sun	TRUE	TRUE	FALSE	FALSE	FALSE		Phaenna, Cynortas	Styx
4074	125	714	Alpha Oceanides	Oceanides	Alien world	FALSE	FALSE	FALSE	FALSE	FALSE			Styx
4075	125	714	Psi Oceanides	Oceanides	Alien world	FALSE	FALSE	FALSE	FALSE	FALSE	moon		Styx
4076	125	714	Gamma Oceanides	Oceanides	Inferno	FALSE	TRUE	FALSE	FALSE	FALSE			Styx
4077	125	714	Delta Oceanides	Oceanides	Terran planet	FALSE	FALSE	FALSE	FALSE	FALSE			Styx
4078	123	702	Phaenna	Phaenna	Sun	TRUE	TRUE	FALSE	FALSE	FALSE		Oceanides	Styx
4079	123	702	Alpha Phaenna	Phaenna	Gas giant	FALSE	FALSE	FALSE	FALSE	FALSE			Styx
4080	50	722	Antilochus	Antilochus	Sun	TRUE	TRUE	FALSE	FALSE	FALSE		Mysius	Melanthus
4081	50	722	Alpha Antilochus	Antilochus	Inferno	FALSE	TRUE	FALSE	FALSE	FALSE			Melanthus
4082	50	722	Beta Antilochus	Antilochus	Inferno	FALSE	TRUE	FALSE	FALSE	FALSE			Melanthus
4083	50	722	Gamma Antilochus	Antilochus	Inferno	FALSE	TRUE	FALSE	FALSE	FALSE			Melanthus
4084	50	722	Phi Antilochus	Antilochus	Barren rock	FALSE	FALSE	FALSE	FALSE	FALSE	moon		Melanthus
4085	50	722	Aylekete	Antilochus	Asteroid belt	FALSE	FALSE	FALSE	TRUE	FALSE			Melanthus
4086	75	712	Corymbus	Corymbus	Sun	TRUE	TRUE	FALSE	FALSE	FALSE		Iris	Melanthus
4087	75	712	Alpha Corymbus	Corymbus	Inferno	FALSE	TRUE	FALSE	FALSE	FALSE			Melanthus
4088	75	712	Beta Corymbus	Corymbus	Terran planet	FALSE	FALSE	FALSE	FALSE	FALSE			Melanthus
4089	75	712	Chi Corymbus	Corymbus	Artificial moon	FALSE	FALSE	FALSE	FALSE	FALSE	moon		Melanthus
4090	75	712	Phi Corymbus	Corymbus	Alien world	FALSE	FALSE	FALSE	FALSE	FALSE	moon		Melanthus
4091	75	712	Epsilon Corymbus	Corymbus	Alien world	FALSE	FALSE	FALSE	FALSE	FALSE			Melanthus
4092	74	681	Iris	Iris	Sun	TRUE	TRUE	FALSE	FALSE	FALSE		Corymbus, Asterius	Melanthus
4093	74	681	Alpha Iris	Iris	Alien world	FALSE	FALSE	FALSE	FALSE	FALSE			Melanthus
4094	74	681	Restaurant #3675	Iris	Space Burger	FALSE	FALSE	FALSE	FALSE	FALSE			Melanthus
4095	74	681	Chi Iris	Iris	Alien world	FALSE	FALSE	FALSE	FALSE	FALSE	moon		Melanthus
4096	74	681	Phi Iris	Iris	Alien world	FALSE	FALSE	FALSE	FALSE	FALSE	moon		Melanthus
4097	74	681	Upsilon Iris	Iris	Alien world	FALSE	FALSE	FALSE	FALSE	FALSE	moon		Melanthus
4098	74	681	Zeta Iris	Iris	Gas giant	FALSE	FALSE	FALSE	FALSE	FALSE			Melanthus
4099	74	681	Eta Iris	Iris	Terran planet	FALSE	FALSE	FALSE	FALSE	FALSE			Melanthus
4100	74	681	Theta Iris	Iris	Terran planet	FALSE	FALSE	FALSE	FALSE	FALSE			Melanthus
4101	74	681	Iota Iris	Iris	Alien world	FALSE	FALSE	TRUE	FALSE	FALSE			Melanthus
4102	74	681	Omicron Iris	Iris	Alien world	FALSE	FALSE	FALSE	FALSE	FALSE	moon		Melanthus
4103	29	697	Asterius	Asterius	Sun	TRUE	TRUE	FALSE	FALSE	FALSE		Chalcon, Iris	Melanthus
4104	29	697	Alpha Asterius	Asterius	Alien world	FALSE	FALSE	FALSE	FALSE	FALSE			Melanthus
4105	29	697	Restaurant #5971	Asterius	Space Burger	FALSE	FALSE	FALSE	FALSE	FALSE			Melanthus
4106	29	697	Gamma Asterius	Asterius	Alien world	FALSE	FALSE	FALSE	FALSE	FALSE			Melanthus
4107	29	697	Delta Asterius	Asterius	Gas giant	FALSE	FALSE	TRUE	FALSE	FALSE			Melanthus
4108	29	697	Epsilon Asterius	Asterius	Terran planet	FALSE	FALSE	FALSE	FALSE	FALSE			Melanthus
4109	29	697	Tau Asterius	Asterius	Barren rock	FALSE	FALSE	FALSE	FALSE	FALSE	moon		Melanthus
4110	29	697	Eta Asterius	Asterius	Gas giant	FALSE	FALSE	FALSE	FALSE	FALSE			Melanthus
4111	29	697	Rho Asterius	Asterius	Artificial moon	FALSE	FALSE	FALSE	FALSE	FALSE	moon		Melanthus
4112	48	707	Myrina	Myrina	Sun	TRUE	TRUE	FALSE	FALSE	FALSE		Chalcon	Melanthus
4113	48	707	Alpha Myrina	Myrina	Gas giant	FALSE	FALSE	FALSE	FALSE	FALSE			Melanthus
4114	48	707	Psi Myrina	Myrina	Artificial moon	FALSE	FALSE	FALSE	FALSE	FALSE	moon		Melanthus
4115	48	707	Gamma Myrina	Myrina	Terran planet	FALSE	FALSE	FALSE	FALSE	FALSE			Melanthus
4116	40	707	Chalcon	Chalcon	Sun	TRUE	TRUE	FALSE	FALSE	FALSE		Mysius, Myrina, Asterius	Melanthus
4117	40	707	Alpha Chalcon	Chalcon	Terran planet	FALSE	FALSE	FALSE	FALSE	FALSE			Melanthus
4118	40	707	Beta Chalcon	Chalcon	Gas giant	FALSE	FALSE	FALSE	FALSE	FALSE			Melanthus
4119	40	707	Chalcon campus	Chalcon	Heroes Academy	FALSE	FALSE	FALSE	FALSE	FALSE			Melanthus
4120	40	707	Phi Chalcon	Chalcon	Alien world	FALSE	FALSE	FALSE	FALSE	FALSE	moon		Melanthus
4121	40	707	Upsilon Chalcon	Chalcon	Alien world	FALSE	FALSE	FALSE	FALSE	FALSE	moon		Melanthus
4122	40	707	Zeta Chalcon	Chalcon	Alien world	FALSE	FALSE	TRUE	FALSE	FALSE			Melanthus
4123	37	720	Mysius	Mysius	Sun	TRUE	TRUE	FALSE	FALSE	FALSE		Menoetes, Antilochus, Chalcon	Melanthus
4124	37	720	Alpha Mysius	Mysius	Gas giant	FALSE	FALSE	TRUE	FALSE	FALSE			Melanthus
4125	37	720	Beta Mysius	Mysius	Alien world	FALSE	FALSE	FALSE	FALSE	FALSE			Melanthus
4126	37	720	Chi Mysius	Mysius	Artificial moon	FALSE	FALSE	FALSE	FALSE	FALSE	moon		Melanthus
4127	37	720	Phi Mysius	Mysius	Alien world	FALSE	FALSE	TRUE	FALSE	FALSE	moon		Melanthus
4128	37	720	Upsilon Mysius	Mysius	Alien world	FALSE	FALSE	FALSE	FALSE	FALSE	moon		Melanthus
4129	37	720	Zeta Mysius	Mysius	Alien world	FALSE	FALSE	FALSE	FALSE	FALSE			Melanthus
4130	37	720	Sigma Mysius	Mysius	Barren rock	FALSE	FALSE	FALSE	FALSE	FALSE	moon		Melanthus
4131	34	728	Menoetes	Menoetes	Sun	TRUE	TRUE	FALSE	FALSE	FALSE		Mysius	Melanthus
4132	34	728	Alpha Menoetes	Menoetes	Terran planet	FALSE	FALSE	FALSE	FALSE	FALSE			Melanthus
4133	34	728	Outlet 1163.23884	Menoetes	Gus's Gas	FALSE	FALSE	FALSE	FALSE	FALSE			Melanthus
4134	34	728	Chi Menoetes	Menoetes	Alien world	FALSE	FALSE	TRUE	FALSE	FALSE	moon		Melanthus
4135	58	748	Despoina	Despoina	Sun	TRUE	TRUE	FALSE	FALSE	FALSE		Stheneleus, Eidothea, Hyrieus	Aetolus
4136	58	748	Alpha Despoina	Despoina	Alien world	FALSE	FALSE	FALSE	FALSE	FALSE			Aetolus
4137	58	748	Despoina dealership	Despoina	Heroware	FALSE	FALSE	FALSE	FALSE	FALSE			Aetolus
4138	58	748	Gamma Despoina	Despoina	Alien world	FALSE	FALSE	FALSE	FALSE	FALSE			Aetolus
4139	58	748	Phi Despoina	Despoina	Alien world	FALSE	FALSE	TRUE	FALSE	FALSE	moon		Aetolus
4140	58	748	Epsilon Despoina	Despoina	Alien world	FALSE	FALSE	FALSE	FALSE	FALSE			Aetolus
4141	58	748	Tau Despoina	Despoina	Artificial moon	FALSE	FALSE	FALSE	FALSE	FALSE	moon		Aetolus
4142	58	748	Eta Despoina	Despoina	Frozen wasteland	FALSE	FALSE	FALSE	TRUE	FALSE			Aetolus
4143	58	748	Rho Despoina	Despoina	Barren rock	FALSE	FALSE	FALSE	FALSE	FALSE	moon		Aetolus
4144	58	748	Pi Despoina	Despoina	Alien world	FALSE	FALSE	FALSE	FALSE	FALSE	moon		Aetolus
4145	58	748	Omicron Despoina	Despoina	Barren rock	FALSE	FALSE	FALSE	FALSE	FALSE	moon		Aetolus
4146	58	748	Lambda Despoina	Despoina	Terran planet	FALSE	FALSE	FALSE	FALSE	FALSE			Aetolus
4147	58	748	Restaurant #78	Despoina	Space Burger	FALSE	FALSE	FALSE	FALSE	FALSE	Droid #F9EA and Droid #458A		Aetolus
4148	35	766	Aegaeon	Aegaeon	Sun	TRUE	TRUE	FALSE	FALSE	FALSE		Achaeus	Aetolus
4149	35	766	Alpha Aegaeon	Aegaeon	Gas giant	FALSE	FALSE	FALSE	FALSE	FALSE			Aetolus
4150	35	766	Aegaeon campus	Aegaeon	Heroes Academy	FALSE	FALSE	FALSE	FALSE	FALSE			Aetolus
4151	45	752	Achaeus	Achaeus	Sun	TRUE	TRUE	FALSE	FALSE	FALSE		Aegaeon, Stheneleus	Aetolus
4152	45	752	Alpha Achaeus	Achaeus	Alien world	FALSE	FALSE	FALSE	FALSE	FALSE			Aetolus
4153	45	752	Psi Achaeus	Achaeus	Artificial moon	FALSE	FALSE	FALSE	FALSE	FALSE	moon		Aetolus
4154	45	752	Gamma Achaeus	Achaeus	Terran planet	FALSE	FALSE	FALSE	FALSE	FALSE			Aetolus
4155	36	743	Stheneleus	Stheneleus	Sun	TRUE	TRUE	FALSE	FALSE	FALSE		Achaeus, Despoina	Aetolus
4156	36	743	Alpha Stheneleus	Stheneleus	Alien world	FALSE	FALSE	FALSE	FALSE	FALSE			Aetolus
4157	36	743	Beta Stheneleus	Stheneleus	Alien world	FALSE	FALSE	FALSE	FALSE	FALSE			Aetolus
4158	36	743	Chi Stheneleus	Stheneleus	Barren rock	FALSE	FALSE	FALSE	FALSE	FALSE	moon		Aetolus
4159	36	743	Phi Stheneleus	Stheneleus	Artificial moon	FALSE	FALSE	FALSE	FALSE	FALSE	moon		Aetolus
4160	36	743	Epsilon Stheneleus	Stheneleus	Alien world	FALSE	FALSE	FALSE	FALSE	FALSE			Aetolus
4161	36	743	Tau Stheneleus	Stheneleus	Barren rock	FALSE	FALSE	FALSE	FALSE	FALSE	moon		Aetolus
4162	36	743	Sigma Stheneleus	Stheneleus	Artificial moon	FALSE	FALSE	FALSE	FALSE	FALSE	moon		Aetolus
4163	36	743	Theta Stheneleus	Stheneleus	Terran planet	FALSE	FALSE	FALSE	FALSE	FALSE			Aetolus
4164	36	743	Iota Stheneleus	Stheneleus	Frozen wasteland	FALSE	FALSE	TRUE	TRUE	FALSE			Aetolus
4165	46	815	Kratos	Kratos	Sun	TRUE	TRUE	FALSE	FALSE	FALSE		Munichus	Aetolus
4166	46	815	Alpha Kratos	Kratos	Alien world	FALSE	FALSE	TRUE	FALSE	FALSE			Aetolus
4167	46	815	Psi Kratos	Kratos	Alien world	FALSE	FALSE	FALSE	FALSE	FALSE	moon		Aetolus
4168	46	815	Gamma Kratos	Kratos	Alien world	FALSE	FALSE	FALSE	FALSE	FALSE			Aetolus
4169	46	815	Phi Kratos	Kratos	Barren rock	FALSE	FALSE	FALSE	FALSE	FALSE	moon		Aetolus
4170	46	815	Upsilon Kratos	Kratos	Artificial moon	FALSE	FALSE	FALSE	FALSE	FALSE	moon		Aetolus
4171	37	807	Munichus	Munichus	Sun	TRUE	TRUE	FALSE	FALSE	FALSE		Kratos, Hyrieus	Aetolus
4172	37	807	Alpha Munichus	Munichus	Alien world	FALSE	FALSE	FALSE	FALSE	FALSE			Aetolus
4173	37	807	Beta Munichus	Munichus	Alien world	FALSE	FALSE	FALSE	FALSE	FALSE			Aetolus
4174	37	807	Munichus station	Munichus	Aftermarket Station	FALSE	FALSE	FALSE	FALSE	FALSE			Aetolus
4175	49	788	Procrustes	Procrustes	Sun	TRUE	TRUE	FALSE	FALSE	FALSE		Hyrieus	Aetolus
4176	49	788	Alpha Procrustes	Procrustes	Alien world	FALSE	FALSE	FALSE	FALSE	FALSE			Aetolus
4177	56	783	Hyrieus	Hyrieus	Sun	TRUE	TRUE	FALSE	FALSE	FALSE		Procrustes, Munichus, Despoina	Aetolus
4178	56	783	Alpha Hyrieus	Hyrieus	Alien world	FALSE	FALSE	FALSE	FALSE	FALSE			Aetolus
4179	56	783	Beta Hyrieus	Hyrieus	Terran planet	FALSE	FALSE	FALSE	FALSE	FALSE			Aetolus
4180	56	783	Gamma Hyrieus	Hyrieus	Gas giant	FALSE	FALSE	FALSE	FALSE	FALSE			Aetolus
4181	56	783	Delta Hyrieus	Hyrieus	Gas giant	FALSE	FALSE	FALSE	FALSE	FALSE			Aetolus
4182	56	783	Epsilon Hyrieus	Hyrieus	Terran planet	FALSE	FALSE	FALSE	FALSE	FALSE			Aetolus
4183	71	748	Ion	Ion	Sun	TRUE	TRUE	FALSE	FALSE	FALSE		Ceraon	Aetolus
4184	71	748	Alpha Ion	Ion	Terran planet	FALSE	FALSE	FALSE	FALSE	FALSE			Aetolus
4185	71	748	Beta Ion	Ion	Inferno	FALSE	TRUE	FALSE	FALSE	FALSE			Aetolus
4186	71	748	Ion station	Ion	Aftermarket Station	FALSE	FALSE	FALSE	FALSE	FALSE			Aetolus
4187	76	759	Ceraon	Ceraon	Sun	TRUE	TRUE	FALSE	FALSE	FALSE		Eidothea, Ion	Aetolus
4188	76	759	Alpha Ceraon	Ceraon	Inferno	FALSE	TRUE	FALSE	FALSE	FALSE			Aetolus
4189	76	759	Beta Ceraon	Ceraon	Gas giant	FALSE	FALSE	FALSE	FALSE	FALSE			Aetolus
4190	76	759	Madam Yelena	Ceraon	Fortune Teller	FALSE	FALSE	FALSE	FALSE	FALSE			Aetolus
4191	76	766	Eidothea	Eidothea	Sun	TRUE	TRUE	FALSE	FALSE	FALSE		Despoina, Ceraon, Elpenor	Aetolus
4192	76	766	Alpha Eidothea	Eidothea	Alien world	FALSE	FALSE	FALSE	FALSE	FALSE			Aetolus
4193	76	766	Beta Eidothea	Eidothea	Alien world	FALSE	FALSE	TRUE	FALSE	FALSE			Aetolus
4194	76	766	Gamma Eidothea	Eidothea	Terran planet	FALSE	FALSE	FALSE	FALSE	FALSE			Aetolus
4195	76	766	Delta Eidothea	Eidothea	Gas giant	FALSE	FALSE	FALSE	FALSE	FALSE			Aetolus
4196	76	766	Epsilon Eidothea	Eidothea	Terran planet	FALSE	FALSE	FALSE	FALSE	FALSE			Aetolus
4197	76	766	Zeta Eidothea	Eidothea	Alien world	FALSE	FALSE	FALSE	FALSE	FALSE			Aetolus
4198	76	766	Sigma Eidothea	Eidothea	Barren rock	FALSE	FALSE	FALSE	FALSE	FALSE	moon		Aetolus
4199	83	789	Elpenor	Elpenor	Sun	TRUE	TRUE	FALSE	FALSE	FALSE		Eidothea, Makedon	Aetolus
4200	83	789	Alpha Elpenor	Elpenor	Terran planet	FALSE	FALSE	FALSE	FALSE	FALSE			Aetolus
4201	83	789	Beta Elpenor	Elpenor	Gas giant	FALSE	FALSE	FALSE	FALSE	FALSE			Aetolus
4202	83	789	Chi Elpenor	Elpenor	Artificial moon	FALSE	FALSE	FALSE	FALSE	FALSE	moon		Aetolus
4203	96	797	Makedon	Makedon	Sun	TRUE	TRUE	FALSE	FALSE	FALSE		Elpenor	Aetolus
4204	96	797	Alpha Makedon	Makedon	Gas giant	FALSE	FALSE	FALSE	FALSE	FALSE			Aetolus
4205	96	797	Makedon dealership	Makedon	Heroware	FALSE	FALSE	FALSE	FALSE	FALSE			Aetolus
4206	95	822	Argynnus	Argynnus	Sun	TRUE	TRUE	FALSE	FALSE	FALSE		Anthas	Telegonus
4207	95	822	Alpha Argynnus	Argynnus	Alien world	FALSE	FALSE	FALSE	FALSE	FALSE			Telegonus
4208	95	822	Outlet 3154.26954	Argynnus	Gus's Gas	FALSE	FALSE	FALSE	FALSE	FALSE			Telegonus
4209	108	831	Anthas	Anthas	Sun	TRUE	TRUE	FALSE	FALSE	FALSE		Messene, Argynnus	Telegonus
4210	108	831	Alpha Anthas	Anthas	Inferno	FALSE	TRUE	FALSE	FALSE	FALSE			Telegonus
4211	108	831	Beta Anthas	Anthas	Alien world	FALSE	FALSE	TRUE	FALSE	FALSE			Telegonus
4212	108	831	Madam Natayla	Anthas	Fortune Teller	FALSE	FALSE	FALSE	FALSE	FALSE			Telegonus
4213	108	831	Delta Anthas	Anthas	Terran planet	FALSE	FALSE	FALSE	FALSE	FALSE			Telegonus
4214	101	848	Messene	Messene	Sun	TRUE	TRUE	FALSE	FALSE	FALSE		Anthas, Aeëtes	Telegonus
4215	101	848	Alpha Messene	Messene	Inferno	FALSE	TRUE	TRUE	FALSE	FALSE			Telegonus
4216	101	848	Beta Messene	Messene	Alien world	FALSE	FALSE	FALSE	FALSE	FALSE			Telegonus
4217	101	848	Gamma Messene	Messene	Alien world	FALSE	FALSE	FALSE	FALSE	FALSE			Telegonus
4218	101	848	Messene dealership	Messene	Heroware	FALSE	FALSE	FALSE	FALSE	FALSE			Telegonus
4219	105	855	Aeëtes	Aeëtes	Sun	TRUE	TRUE	FALSE	FALSE	FALSE		Messene, Hyperes	Telegonus
4220	105	855	Alpha Aeëtes	Aeëtes	Inferno	FALSE	TRUE	FALSE	FALSE	FALSE			Telegonus
4221	105	855	Beta Aeëtes	Aeëtes	Alien world	FALSE	FALSE	FALSE	FALSE	FALSE			Telegonus
4222	105	855	Chi Aeëtes	Aeëtes	Alien world	FALSE	FALSE	FALSE	FALSE	FALSE	moon		Telegonus
4223	105	855	Delta Aeëtes	Aeëtes	Alien world	FALSE	FALSE	FALSE	FALSE	FALSE			Telegonus
4224	105	855	Aeëtes station	Aeëtes	Aftermarket Station	FALSE	FALSE	FALSE	FALSE	FALSE			Telegonus
4225	105	855	Zeta Aeëtes	Aeëtes	Alien world	FALSE	FALSE	FALSE	FALSE	FALSE			Telegonus
4226	123	882	Hyperes	Hyperes	Sun	TRUE	TRUE	FALSE	FALSE	FALSE		Agasthenes, Aeëtes	Telegonus
4227	123	882	Alpha Hyperes	Hyperes	Alien world	FALSE	FALSE	FALSE	FALSE	FALSE			Telegonus
4228	123	882	Beta Hyperes	Hyperes	Alien world	FALSE	FALSE	FALSE	FALSE	FALSE			Telegonus
4229	123	865	Agasthenes	Agasthenes	Sun	TRUE	TRUE	FALSE	FALSE	FALSE		Hyperes	Telegonus
4230	123	865	Alpha Agasthenes	Agasthenes	Terran planet	FALSE	FALSE	FALSE	FALSE	FALSE			Telegonus
4231	123	865	Agasthenes campus	Agasthenes	Heroes Academy	FALSE	FALSE	FALSE	FALSE	FALSE			Telegonus
4232	123	865	Chi Agasthenes	Agasthenes	Alien world	FALSE	FALSE	FALSE	FALSE	FALSE	moon		Telegonus
4233	78	825	Pontos Majoris	Pontos	Binary Sun	TRUE	TRUE	FALSE	FALSE	FALSE		Arke	Anthousai
4234	78	825	Pontos Minoris	Pontos	Binary Sun	TRUE	TRUE	FALSE	FALSE	FALSE			Anthousai
4235	78	825	Alpha Pontos	Pontos	Alien world	FALSE	FALSE	FALSE	FALSE	FALSE			Anthousai
4236	78	825	Khonuum	Pontos	Asteroid belt	FALSE	FALSE	FALSE	TRUE	FALSE			Anthousai
4237	20	900	Polynices	Polynices	Sun	TRUE	TRUE	FALSE	FALSE	FALSE		Eribotes	Anthousai
4238	20	900	Alpha Polynices	Polynices	Alien world	FALSE	FALSE	FALSE	FALSE	FALSE			Anthousai
4239	20	900	Polynices dealership	Polynices	Heroware	FALSE	FALSE	FALSE	FALSE	FALSE			Anthousai
4240	36	876	Eribotes	Eribotes	Sun	TRUE	TRUE	FALSE	FALSE	FALSE		Polynices, Agdistis	Anthousai
4241	36	876	Alpha Eribotes	Eribotes	Alien world	FALSE	FALSE	FALSE	FALSE	FALSE			Anthousai
4242	36	876	Outlet 1229.28711	Eribotes	Gus's Gas	FALSE	FALSE	FALSE	FALSE	FALSE			Anthousai
4243	36	876	Gamma Eribotes	Eribotes	Gas giant	FALSE	FALSE	FALSE	FALSE	FALSE			Anthousai
4244	34	862	Orsilochus	Orsilochus	Sun	TRUE	TRUE	FALSE	FALSE	FALSE		Echetius	Anthousai
4245	34	862	Alpha Orsilochus	Orsilochus	Gas giant	FALSE	FALSE	FALSE	FALSE	FALSE			Anthousai
4246	34	862	Madam Drina	Orsilochus	Fortune Teller	FALSE	FALSE	FALSE	FALSE	FALSE			Anthousai
4247	34	862	Chi Orsilochus	Orsilochus	Alien world	FALSE	FALSE	FALSE	FALSE	FALSE	moon		Anthousai
4248	38	854	Echetius	Echetius	Sun	TRUE	TRUE	FALSE	FALSE	FALSE		Orsilochus, Agdistis	Anthousai
4249	38	854	Alpha Echetius	Echetius	Alien world	FALSE	FALSE	FALSE	FALSE	FALSE			Anthousai
4250	38	854	Beta Echetius	Echetius	Gas giant	FALSE	FALSE	FALSE	FALSE	FALSE			Anthousai
4251	56	872	Epochus	Epochus	Sun	TRUE	TRUE	FALSE	FALSE	FALSE		Agdistis	Anthousai
4252	56	872	Alpha Epochus	Epochus	Gas giant	FALSE	FALSE	FALSE	FALSE	FALSE			Anthousai
4253	52	878	Agdistis	Agdistis	Sun	TRUE	TRUE	FALSE	FALSE	FALSE		Epochus, Echetius, Eribotes, Abas	Anthousai
4254	52	878	Alpha Agdistis	Agdistis	Inferno	FALSE	TRUE	FALSE	FALSE	FALSE			Anthousai
4255	52	878	Beta Agdistis	Agdistis	Terran planet	FALSE	FALSE	FALSE	FALSE	FALSE			Anthousai
4256	52	878	Chi Agdistis	Agdistis	Artificial moon	FALSE	FALSE	FALSE	FALSE	FALSE	moon		Anthousai
4257	52	878	Delta Agdistis	Agdistis	Alien world	FALSE	FALSE	FALSE	FALSE	FALSE			Anthousai
4258	52	878	Epsilon Agdistis	Agdistis	Frozen wasteland	FALSE	FALSE	FALSE	TRUE	FALSE			Anthousai
4259	67	845	Alcimus	Alcimus	Sun	TRUE	TRUE	FALSE	FALSE	FALSE		Arke	Anthousai
4260	67	845	Alpha Alcimus	Alcimus	Inferno	FALSE	TRUE	TRUE	FALSE	FALSE			Anthousai
4261	67	845	Psi Alcimus	Alcimus	Alien world	FALSE	FALSE	FALSE	FALSE	FALSE	moon		Anthousai
4262	68	834	Arke	Arke	Sun	TRUE	TRUE	FALSE	FALSE	FALSE		Alcimus, Abas, Pontos	Anthousai
4263	68	834	Alpha Arke	Arke	Alien world	FALSE	FALSE	FALSE	FALSE	FALSE			Anthousai
4264	68	834	Beta Arke	Arke	Alien world	FALSE	FALSE	FALSE	FALSE	FALSE			Anthousai
4265	88	855	Abas	Abas	Sun	TRUE	TRUE	FALSE	FALSE	FALSE		Agdistis, Polyxo, Arke	Anthousai
4266	88	855	Alpha Abas	Abas	Alien world	FALSE	FALSE	FALSE	FALSE	FALSE			Anthousai
4267	88	855	Beta Abas	Abas	Alien world	FALSE	FALSE	FALSE	FALSE	FALSE			Anthousai
4268	88	855	Gamma Abas	Abas	Alien world	FALSE	FALSE	FALSE	FALSE	FALSE			Anthousai
4269	88	855	Delta Abas	Abas	Frozen wasteland	FALSE	FALSE	FALSE	TRUE	FALSE			Anthousai
4270	88	855	Epsilon Abas	Abas	Alien world	FALSE	FALSE	TRUE	FALSE	FALSE			Anthousai
4271	89	868	Polyxo	Polyxo	Sun	TRUE	TRUE	FALSE	FALSE	FALSE		Horme, Abas	Anthousai
4272	89	868	Alpha Polyxo	Polyxo	Alien world	FALSE	FALSE	FALSE	FALSE	FALSE			Anthousai
4273	89	868	Beta Polyxo	Polyxo	Gas giant	FALSE	FALSE	FALSE	FALSE	FALSE			Anthousai
4274	89	868	Chi Polyxo	Polyxo	Barren rock	FALSE	FALSE	FALSE	FALSE	FALSE	moon		Anthousai
4275	89	868	Phi Polyxo	Polyxo	Barren rock	FALSE	FALSE	FALSE	FALSE	FALSE	moon		Anthousai
4276	89	868	Epsilon Polyxo	Polyxo	Alien world	FALSE	FALSE	TRUE	FALSE	FALSE			Anthousai
4277	74	877	Horme	Horme	Sun	TRUE	TRUE	FALSE	FALSE	FALSE		Polyxo	Anthousai
4278	74	877	Alpha Horme	Horme	Terran planet	FALSE	FALSE	FALSE	FALSE	FALSE			Anthousai
4279	74	877	Beta Horme	Horme	Gas giant	FALSE	FALSE	TRUE	FALSE	FALSE			Anthousai
4280	158	754	Orpheus	Orpheus	Sun	TRUE	TRUE	FALSE	FALSE	FALSE		Akmon, Peisistratus	Geryon
4281	158	754	Alpha Orpheus	Orpheus	Terran planet	FALSE	FALSE	FALSE	FALSE	FALSE			Geryon
4282	158	754	Beta Orpheus	Orpheus	Alien world	FALSE	FALSE	FALSE	FALSE	FALSE			Geryon
4283	158	754	Chi Orpheus	Orpheus	Artificial moon	FALSE	FALSE	FALSE	FALSE	FALSE	moon		Geryon
4284	158	754	Restaurant #3942	Orpheus	Space Burger	FALSE	FALSE	FALSE	FALSE	FALSE	Droid #1CDB		Geryon
4285	158	754	Epsilon Orpheus	Orpheus	Frozen wasteland	FALSE	FALSE	FALSE	TRUE	FALSE			Geryon
4286	158	754	Madam Primavera	Orpheus	Fortune Teller	FALSE	FALSE	FALSE	FALSE	FALSE			Geryon
4287	158	754	Eta Orpheus	Orpheus	Terran planet	FALSE	FALSE	FALSE	FALSE	FALSE			Geryon
4288	176	795	Capys	Capys	Sun	TRUE	TRUE	FALSE	FALSE	FALSE		Pirithoös	Geryon
4289	176	795	Alpha Capys	Capys	Alien world	FALSE	FALSE	FALSE	FALSE	FALSE			Geryon
4290	176	795	Capys dealership	Capys	Heroware	FALSE	FALSE	FALSE	FALSE	FALSE			Geryon
4291	176	795	Chi Capys	Capys	Alien world	FALSE	FALSE	FALSE	FALSE	FALSE	moon		Geryon
4292	100	705	Alcimache	Alcimache	Sun	TRUE	TRUE	FALSE	FALSE	FALSE		Enyo	Geryon
4293	100	705	Alpha Alcimache	Alcimache	Alien world	FALSE	FALSE	FALSE	FALSE	FALSE			Geryon
4294	100	705	Beta Alcimache	Alcimache	Inferno	FALSE	TRUE	FALSE	FALSE	FALSE			Geryon
4295	108	681	Enyo	Enyo	Sun	TRUE	TRUE	FALSE	FALSE	FALSE		Alcimache, Akmon	Geryon
4296	108	681	Alpha Enyo	Enyo	Gas giant	FALSE	FALSE	TRUE	FALSE	FALSE			Geryon
4297	108	681	Beta Enyo	Enyo	Terran planet	FALSE	FALSE	FALSE	FALSE	FALSE			Geryon
4298	108	681	Gamma Enyo	Enyo	Gas giant	FALSE	FALSE	FALSE	FALSE	FALSE			Geryon
4299	108	681	Delta Enyo	Enyo	Gas giant	FALSE	FALSE	FALSE	FALSE	FALSE			Geryon
4300	108	681	Epsilon Enyo	Enyo	Gas giant	FALSE	FALSE	FALSE	FALSE	FALSE			Geryon
4301	129	775	Akmon	Akmon	Sun	TRUE	TRUE	FALSE	FALSE	FALSE		Pirithoös, Orpheus, Enyo	Geryon
4302	129	775	Alpha Akmon	Akmon	Gas giant	FALSE	FALSE	FALSE	FALSE	FALSE			Geryon
4303	129	775	Akmon campus	Akmon	Heroes Academy	FALSE	FALSE	FALSE	FALSE	FALSE			Geryon
4304	129	775	Gamma Akmon	Akmon	Alien world	FALSE	FALSE	FALSE	FALSE	FALSE			Geryon
4305	129	775	Delta Akmon	Akmon	Alien world	FALSE	FALSE	FALSE	FALSE	FALSE			Geryon
4306	129	775	Epsilon Akmon	Akmon	Alien world	FALSE	FALSE	FALSE	FALSE	FALSE			Geryon
4307	129	775	Tau Akmon	Akmon	Alien world	FALSE	FALSE	FALSE	FALSE	FALSE	moon		Geryon
4308	129	775	Eta Akmon	Akmon	Alien world	FALSE	FALSE	FALSE	FALSE	FALSE			Geryon
4309	129	775	Rho Akmon	Akmon	Barren rock	FALSE	FALSE	FALSE	FALSE	FALSE	moon		Geryon
4310	129	775	Pi Akmon	Akmon	Artificial moon	FALSE	FALSE	FALSE	FALSE	FALSE	moon		Geryon
4311	188	790	Pirithoös	Pirithoös	Sun	TRUE	TRUE	FALSE	FALSE	FALSE		Akmon, Capys, Oxylus, Troezen	Geryon
4312	188	790	Alpha Pirithoös	Pirithoös	Alien world	FALSE	FALSE	FALSE	FALSE	FALSE			Geryon
4313	188	790	Psi Pirithoös	Pirithoös	Barren rock	FALSE	FALSE	FALSE	FALSE	FALSE	moon		Geryon
4314	188	790	Gamma Pirithoös	Pirithoös	Terran planet	FALSE	FALSE	FALSE	FALSE	FALSE			Geryon
4315	188	790	Delta Pirithoös	Pirithoös	Alien world	FALSE	FALSE	FALSE	FALSE	FALSE			Geryon
4316	188	790	Restaurant #8472	Pirithoös	Space Burger	FALSE	FALSE	FALSE	FALSE	FALSE			Geryon
4317	188	790	Zeta Pirithoös	Pirithoös	Gas giant	FALSE	FALSE	FALSE	FALSE	FALSE			Geryon
4318	188	790	Pirithoös station	Pirithoös	Aftermarket Station	FALSE	FALSE	FALSE	FALSE	FALSE			Geryon
4319	188	790	Theta Pirithoös	Pirithoös	Frozen wasteland	FALSE	FALSE	FALSE	TRUE	FALSE			Geryon
4320	188	790	Pi Pirithoös	Pirithoös	Barren rock	FALSE	FALSE	FALSE	FALSE	FALSE	moon		Geryon
4321	188	790	Omicron Pirithoös	Pirithoös	Barren rock	FALSE	FALSE	FALSE	FALSE	FALSE	moon		Geryon
4322	204	799	Troezen	Troezen	Sun	TRUE	TRUE	FALSE	FALSE	FALSE		Pirithoös	Geryon
4323	204	799	Alpha Troezen	Troezen	Gas giant	FALSE	FALSE	FALSE	FALSE	FALSE			Geryon
4324	204	799	Madam Leonora	Troezen	Fortune Teller	FALSE	FALSE	FALSE	FALSE	FALSE			Geryon
4325	204	799	Gamma Troezen	Troezen	Terran planet	FALSE	FALSE	FALSE	FALSE	FALSE			Geryon
4326	204	799	Delta Troezen	Troezen	Alien world	FALSE	FALSE	FALSE	FALSE	FALSE			Geryon
4327	204	799	Epsilon Troezen	Troezen	Alien world	FALSE	FALSE	FALSE	FALSE	FALSE			Geryon
4328	204	799	Tau Troezen	Troezen	Alien world	FALSE	FALSE	FALSE	FALSE	FALSE	moon		Geryon
4329	164	842	Phaedra	Phaedra	Sun	TRUE	TRUE	FALSE	FALSE	FALSE		Oxylus	Geryon
4330	164	842	Alpha Phaedra	Phaedra	Alien world	FALSE	FALSE	FALSE	FALSE	FALSE			Geryon
4331	164	842	Beta Phaedra	Phaedra	Terran planet	FALSE	FALSE	FALSE	FALSE	FALSE			Geryon
4332	164	842	Gamma Phaedra	Phaedra	Alien world	FALSE	FALSE	FALSE	FALSE	FALSE			Geryon
4333	164	842	Phi Phaedra	Phaedra	Artificial moon	FALSE	FALSE	FALSE	FALSE	FALSE	moon		Geryon
4334	164	842	Upsilon Phaedra	Phaedra	Artificial moon	FALSE	FALSE	FALSE	FALSE	FALSE	moon		Geryon
4335	157	822	Geras	Geras	Sun	TRUE	TRUE	FALSE	FALSE	FALSE		Oxylus	Geryon
4336	157	822	Alpha Geras	Geras	Terran planet	FALSE	FALSE	FALSE	FALSE	FALSE			Geryon
4337	157	822	Geras campus	Geras	Heroes Academy	FALSE	FALSE	FALSE	FALSE	FALSE			Geryon
4338	157	822	Chi Geras	Geras	Artificial moon	FALSE	FALSE	FALSE	FALSE	FALSE	moon		Geryon
4339	168	822	Oxylus	Oxylus	Sun	TRUE	TRUE	FALSE	FALSE	FALSE		Geras, Phaedra, Pirithoös	Geryon
4340	168	822	Alpha Oxylus	Oxylus	Alien world	FALSE	FALSE	FALSE	FALSE	FALSE			Geryon
4341	168	822	Beta Oxylus	Oxylus	Alien world	FALSE	FALSE	FALSE	FALSE	FALSE			Geryon
4342	168	822	Chi Oxylus	Oxylus	Alien world	FALSE	FALSE	FALSE	FALSE	FALSE	moon		Geryon
4343	168	822	Phi Oxylus	Oxylus	Barren rock	FALSE	FALSE	FALSE	FALSE	FALSE	moon		Geryon
4344	168	822	Upsilon Oxylus	Oxylus	Alien world	FALSE	FALSE	FALSE	FALSE	FALSE	moon		Geryon
4345	168	822	Zeta Oxylus	Oxylus	Terran planet	FALSE	FALSE	FALSE	FALSE	FALSE			Geryon
4346	168	822	Eta Oxylus	Oxylus	Frozen wasteland	FALSE	FALSE	FALSE	TRUE	FALSE			Geryon
4347	182	749	Peisistratus	Peisistratus	Sun	TRUE	TRUE	FALSE	FALSE	FALSE		Orpheus	Geryon
4348	182	749	Alpha Peisistratus	Peisistratus	Alien world	FALSE	FALSE	FALSE	FALSE	FALSE			Geryon
4349	182	749	Peisistratus campus	Peisistratus	Heroes Academy	FALSE	FALSE	FALSE	FALSE	FALSE			Geryon
4350	182	749	Peisistratus dealership	Peisistratus	Heroware	FALSE	FALSE	FALSE	FALSE	FALSE			Geryon
4351	266	712	Coeus	Coeus	Sun	TRUE	TRUE	FALSE	FALSE	FALSE		Dardanus, Prophasis, Biston, Amphimachus, Leucus	Canthus
4352	266	712	Inkosikasi	Coeus	Asteroid belt	FALSE	TRUE	FALSE	FALSE	FALSE			Canthus
4353	266	712	Madam Sirena	Coeus	Fortune Teller	FALSE	FALSE	FALSE	FALSE	FALSE			Canthus
4354	266	712	Gamma Coeus	Coeus	Alien world	FALSE	FALSE	FALSE	FALSE	FALSE			Canthus
4355	266	712	Delta Coeus	Coeus	Alien world	FALSE	FALSE	FALSE	FALSE	FALSE			Canthus
4356	266	712	Epsilon Coeus	Coeus	Alien world	FALSE	FALSE	FALSE	FALSE	FALSE			Canthus
4357	266	712	Tau Coeus	Coeus	Alien world	FALSE	FALSE	FALSE	FALSE	FALSE	moon		Canthus
4358	266	712	Sigma Coeus	Coeus	Barren rock	FALSE	FALSE	TRUE	FALSE	FALSE	moon		Canthus
4359	266	712	Rho Coeus	Coeus	Barren rock	FALSE	FALSE	FALSE	FALSE	FALSE	moon		Canthus
4360	266	712	Pi Coeus	Coeus	Alien world	FALSE	FALSE	FALSE	FALSE	FALSE	moon		Canthus
4361	266	712	Omicron Coeus	Coeus	Barren rock	FALSE	FALSE	FALSE	FALSE	FALSE	moon		Canthus
4362	266	712	Lambda Coeus	Coeus	Alien world	FALSE	FALSE	TRUE	FALSE	FALSE			Canthus
4363	266	712	Mu Coeus	Coeus	Alien world	FALSE	FALSE	FALSE	FALSE	FALSE			Canthus
4364	212	764	Merope	Merope	Sun	TRUE	TRUE	FALSE	FALSE	FALSE		Amphimachus	Canthus
4365	212	764	Alpha Merope	Merope	Inferno	FALSE	TRUE	FALSE	FALSE	FALSE			Canthus
4366	212	764	Outlet 6991.25048	Merope	Gus's Gas	FALSE	FALSE	FALSE	FALSE	FALSE			Canthus
4367	212	764	Azele Yoba	Merope	Asteroid belt	FALSE	FALSE	FALSE	FALSE	FALSE			Canthus
4368	212	764	Delta Merope	Merope	Inferno	FALSE	TRUE	TRUE	FALSE	FALSE			Canthus
4369	212	710	Potamoi	Potamoi	Sun	TRUE	TRUE	FALSE	FALSE	FALSE		Eupraxia	Canthus
4370	212	710	Alpha Potamoi	Potamoi	Gas giant	FALSE	FALSE	FALSE	FALSE	FALSE			Canthus
4371	212	710	Aziri	Potamoi	Asteroid belt	FALSE	FALSE	FALSE	TRUE	FALSE			Canthus
4372	212	710	Outlet 7007.23274	Potamoi	Gus's Gas	FALSE	FALSE	FALSE	FALSE	FALSE			Canthus
4373	211	739	Amphimachus	Amphimachus	Sun	TRUE	TRUE	FALSE	FALSE	FALSE		Merope, Coeus	Canthus
4374	211	739	Alpha Amphimachus	Amphimachus	Alien world	FALSE	FALSE	FALSE	FALSE	FALSE			Canthus
4375	211	739	Beta Amphimachus	Amphimachus	Alien world	FALSE	FALSE	FALSE	FALSE	FALSE			Canthus
4376	211	739	Gamma Amphimachus	Amphimachus	Gas giant	FALSE	FALSE	FALSE	FALSE	FALSE			Canthus
4377	211	739	Delta Amphimachus	Amphimachus	Alien world	FALSE	FALSE	FALSE	FALSE	FALSE			Canthus
4378	211	739	Epsilon Amphimachus	Amphimachus	Gas giant	FALSE	FALSE	FALSE	FALSE	FALSE			Canthus
4379	239	727	Cassiopeia	Cassiopeia	Sun	TRUE	TRUE	FALSE	FALSE	FALSE		Leucus	Canthus
4380	239	727	Alpha Cassiopeia	Cassiopeia	Inferno	FALSE	TRUE	FALSE	FALSE	FALSE			Canthus
4381	248	733	Leucus	Leucus	Sun	TRUE	TRUE	FALSE	FALSE	FALSE		Coeus, Cassiopeia	Canthus
4382	248	733	Alpha Leucus	Leucus	Alien world	FALSE	FALSE	FALSE	FALSE	FALSE			Canthus
4383	248	733	Psi Leucus	Leucus	Alien world	FALSE	FALSE	FALSE	FALSE	FALSE	moon		Canthus
4384	248	733	Chi Leucus	Leucus	Barren rock	FALSE	FALSE	FALSE	FALSE	FALSE	moon		Canthus
4385	248	733	Delta Leucus	Leucus	Terran planet	FALSE	FALSE	FALSE	FALSE	FALSE			Canthus
4386	248	733	Leucus station	Leucus	Aftermarket Station	FALSE	FALSE	FALSE	FALSE	FALSE			Canthus
4387	248	733	Leucus dealership	Leucus	Heroware	FALSE	FALSE	FALSE	FALSE	FALSE			Canthus
4388	225	698	Eupraxia	Eupraxia	Sun	TRUE	TRUE	FALSE	FALSE	FALSE		Potamoi, Biston	Canthus
4389	225	698	Alpha Eupraxia	Eupraxia	Inferno	FALSE	TRUE	FALSE	FALSE	FALSE			Canthus
4390	225	698	Psi Eupraxia	Eupraxia	Barren rock	FALSE	FALSE	FALSE	FALSE	FALSE	moon		Canthus
4391	228	693	Biston	Biston	Sun	TRUE	TRUE	FALSE	FALSE	FALSE		Eupraxia, Coeus	Canthus
4392	228	693	Alpha Biston	Biston	Gas giant	FALSE	FALSE	TRUE	FALSE	FALSE			Canthus
4393	228	693	Beta Biston	Biston	Terran planet	FALSE	FALSE	FALSE	FALSE	FALSE			Canthus
4394	228	693	Gamma Biston	Biston	Alien world	FALSE	FALSE	FALSE	FALSE	FALSE			Canthus
4395	228	693	Delta Biston	Biston	Frozen wasteland	FALSE	FALSE	FALSE	TRUE	FALSE			Canthus
4396	228	693	Epsilon Biston	Biston	Frozen wasteland	FALSE	FALSE	FALSE	TRUE	FALSE			Canthus
4397	255	655	Bythos	Bythos	Sun	TRUE	TRUE	FALSE	FALSE	FALSE		Magnes	Canthus
4398	255	655	Alpha Bythos	Bythos	Inferno	FALSE	TRUE	TRUE	FALSE	FALSE			Canthus
4399	255	655	Bythos dealership	Bythos	Heroware	FALSE	FALSE	FALSE	FALSE	FALSE			Canthus
4400	255	655	Bythos campus	Bythos	Heroes Academy	FALSE	FALSE	FALSE	FALSE	FALSE			Canthus
4401	260	672	Magnes	Magnes	Sun	TRUE	TRUE	FALSE	FALSE	FALSE		Bythos, Prophasis	Canthus
4402	260	672	Alpha Magnes	Magnes	Gas giant	FALSE	FALSE	TRUE	FALSE	FALSE			Canthus
4403	260	672	Beta Magnes	Magnes	Alien world	FALSE	FALSE	FALSE	FALSE	FALSE			Canthus
4404	260	672	Gamma Magnes	Magnes	Terran planet	FALSE	FALSE	FALSE	FALSE	FALSE			Canthus
4405	260	672	Magnes station	Magnes	Aftermarket Station	FALSE	FALSE	FALSE	FALSE	FALSE			Canthus
4406	255	695	Prophasis	Prophasis	Sun	TRUE	TRUE	FALSE	FALSE	FALSE		Coeus, Magnes	Canthus
4407	255	695	Alpha Prophasis	Prophasis	Gas giant	FALSE	FALSE	FALSE	FALSE	FALSE			Canthus
4408	255	695	Psi Prophasis	Prophasis	Alien world	FALSE	FALSE	FALSE	FALSE	FALSE	moon		Canthus
4409	255	695	Gamma Prophasis	Prophasis	Alien world	FALSE	FALSE	FALSE	FALSE	FALSE			Canthus
4410	255	695	Delta Prophasis	Prophasis	Terran planet	FALSE	FALSE	FALSE	FALSE	FALSE			Canthus
4411	255	695	Epsilon Prophasis	Prophasis	Terran planet	FALSE	FALSE	FALSE	FALSE	FALSE			Canthus
4412	285	720	Dardanus	Dardanus	Sun	TRUE	TRUE	FALSE	FALSE	FALSE		Coeus, Krotos, Anius	Canthus
4413	285	720	Alpha Dardanus	Dardanus	Alien world	FALSE	FALSE	FALSE	FALSE	FALSE			Canthus
4414	285	720	Beta Dardanus	Dardanus	Terran planet	FALSE	FALSE	FALSE	FALSE	FALSE			Canthus
4415	285	720	Restaurant #9142	Dardanus	Space Burger	FALSE	FALSE	FALSE	FALSE	FALSE			Canthus
4416	285	720	Delta Dardanus	Dardanus	Frozen wasteland	FALSE	FALSE	FALSE	TRUE	FALSE			Canthus
4417	285	720	Outlet 9438.23624	Dardanus	Gus's Gas	FALSE	FALSE	FALSE	FALSE	FALSE			Canthus
4418	285	715	Krotos	Krotos	Sun	TRUE	TRUE	FALSE	FALSE	FALSE		Dardanus	Canthus
4419	285	715	Alpha Krotos	Krotos	Alien world	FALSE	FALSE	FALSE	FALSE	FALSE			Canthus
4420	285	715	Beta Krotos	Krotos	Alien world	FALSE	FALSE	FALSE	FALSE	FALSE			Canthus
4421	295	710	Chaeresilaus	Chaeresilaus	Sun	TRUE	TRUE	FALSE	FALSE	FALSE		Anius	Canthus
4422	295	710	Alpha Chaeresilaus	Chaeresilaus	Gas giant	FALSE	FALSE	FALSE	FALSE	FALSE			Canthus
4423	297	719	Anius	Anius	Sun	TRUE	TRUE	FALSE	FALSE	FALSE		Chaeresilaus, Dardanus, Circe	Canthus
4424	297	719	Alpha Anius	Anius	Alien world	FALSE	FALSE	FALSE	FALSE	FALSE			Canthus
4425	305	699	Circe	Circe	Sun	TRUE	TRUE	FALSE	FALSE	FALSE		Anius	Canthus
4426	305	699	Alpha Circe	Circe	Terran planet	FALSE	FALSE	FALSE	FALSE	FALSE			Canthus
4427	305	699	Psi Circe	Circe	Artificial moon	FALSE	FALSE	FALSE	FALSE	FALSE	moon		Canthus
4428	305	699	Madam Liora	Circe	Fortune Teller	FALSE	FALSE	FALSE	FALSE	FALSE			Canthus
4429	305	699	Phi Circe	Circe	Alien world	FALSE	FALSE	FALSE	FALSE	FALSE	moon		Canthus
4430	324	773	Zarex	Zarex	Sun	TRUE	TRUE	FALSE	FALSE	FALSE		Erythras, Metope	Sithon
4431	324	773	Alpha Zarex	Zarex	Inferno	FALSE	TRUE	FALSE	FALSE	FALSE			Sithon
4432	324	773	Wulbari	Zarex	Asteroid belt	FALSE	FALSE	FALSE	FALSE	FALSE			Sithon
4433	324	773	Zarex dealership	Zarex	Heroware	FALSE	FALSE	FALSE	FALSE	FALSE			Sithon
4434	324	773	Delta Zarex	Zarex	Gas giant	FALSE	FALSE	FALSE	FALSE	FALSE			Sithon
4435	321	742	Artemis	Artemis	Sun	TRUE	TRUE	FALSE	FALSE	FALSE		Metope	Sithon
4436	321	742	Alpha Artemis	Artemis	Inferno	FALSE	TRUE	FALSE	FALSE	FALSE			Sithon
4437	321	753	Metope	Metope	Sun	TRUE	TRUE	FALSE	FALSE	FALSE		Artemis, Zarex	Sithon
4438	321	753	Alpha Metope	Metope	Alien world	FALSE	FALSE	FALSE	FALSE	FALSE			Sithon
4439	321	753	Psi Metope	Metope	Barren rock	FALSE	FALSE	FALSE	FALSE	FALSE	moon		Sithon
4440	321	753	Madam Shey	Metope	Fortune Teller	FALSE	FALSE	FALSE	FALSE	FALSE			Sithon
4441	321	753	Phi Metope	Metope	Artificial moon	FALSE	FALSE	FALSE	FALSE	FALSE	moon		Sithon
4442	305	777	Erythras	Erythras	Sun	TRUE	TRUE	FALSE	FALSE	FALSE		Erichthonius, Zarex	Sithon
4443	305	777	Alpha Erythras	Erythras	Alien world	FALSE	FALSE	FALSE	FALSE	FALSE			Sithon
4444	305	777	Beta Erythras	Erythras	Alien world	FALSE	FALSE	FALSE	FALSE	FALSE			Sithon
4445	285	771	Aegisthus	Aegisthus	Sun	TRUE	TRUE	FALSE	FALSE	FALSE		Aello	Sithon
4446	285	771	Alpha Aegisthus	Aegisthus	Terran planet	FALSE	FALSE	FALSE	FALSE	FALSE			Sithon
4447	300	768	Aello	Aello	Sun	TRUE	TRUE	FALSE	FALSE	FALSE		Erichthonius, Aegisthus	Sithon
4448	300	768	Alpha Aello	Aello	Inferno	FALSE	TRUE	FALSE	FALSE	FALSE			Sithon
4449	300	768	Beta Aello	Aello	Gas giant	FALSE	FALSE	FALSE	FALSE	FALSE			Sithon
4450	300	768	Aello station	Aello	Aftermarket Station	FALSE	FALSE	FALSE	FALSE	FALSE			Sithon
4451	300	768	Delta Aello	Aello	Terran planet	FALSE	FALSE	FALSE	FALSE	FALSE			Sithon
4452	300	768	Upsilon Aello	Aello	Alien world	FALSE	FALSE	FALSE	FALSE	FALSE	moon		Sithon
4453	300	768	Tau Aello	Aello	Artificial moon	FALSE	FALSE	FALSE	FALSE	FALSE	moon		Sithon
4454	292	814	Cratos	Cratos	Sun	TRUE	TRUE	FALSE	FALSE	FALSE		Erichthonius	Sithon
4455	292	814	Alpha Cratos	Cratos	Inferno	FALSE	TRUE	FALSE	FALSE	FALSE			Sithon
4456	292	814	Beta Cratos	Cratos	Terran planet	FALSE	FALSE	FALSE	FALSE	FALSE			Sithon
4457	292	814	Chi Cratos	Cratos	Alien world	FALSE	FALSE	TRUE	FALSE	FALSE	moon		Sithon
4458	292	814	Delta Cratos	Cratos	Terran planet	FALSE	FALSE	FALSE	FALSE	FALSE			Sithon
4459	301	782	Erichthonius	Erichthonius	Sun	TRUE	TRUE	FALSE	FALSE	FALSE		Aello, Erythras, Cratos, Eriopis	Sithon
4460	301	782	Alpha Erichthonius	Erichthonius	Inferno	FALSE	TRUE	FALSE	FALSE	FALSE			Sithon
4461	301	782	Beta Erichthonius	Erichthonius	Alien world	FALSE	FALSE	TRUE	FALSE	FALSE			Sithon
4462	301	782	Gamma Erichthonius	Erichthonius	Gas giant	FALSE	FALSE	FALSE	FALSE	FALSE			Sithon
4463	301	782	Delta Erichthonius	Erichthonius	Terran planet	FALSE	FALSE	FALSE	FALSE	FALSE			Sithon
4464	301	782	Upsilon Erichthonius	Erichthonius	Barren rock	FALSE	FALSE	FALSE	FALSE	FALSE	moon		Sithon
4465	267	756	Ereuthalion	Ereuthalion	Sun	TRUE	TRUE	FALSE	FALSE	FALSE		Eriopis	Sithon
4466	267	756	Alpha Ereuthalion	Ereuthalion	Alien world	FALSE	FALSE	TRUE	FALSE	FALSE			Sithon
4467	267	756	Beta Ereuthalion	Ereuthalion	Alien world	FALSE	FALSE	FALSE	FALSE	FALSE			Sithon
4468	267	756	Ereuthalion campus	Ereuthalion	Heroes Academy	FALSE	FALSE	FALSE	FALSE	FALSE			Sithon
4469	267	756	Phi Ereuthalion	Ereuthalion	Barren rock	FALSE	FALSE	FALSE	FALSE	FALSE	moon		Sithon
4470	267	756	Upsilon Ereuthalion	Ereuthalion	Barren rock	FALSE	FALSE	FALSE	FALSE	FALSE	moon		Sithon
4471	262	771	Eriopis	Eriopis	Sun	TRUE	TRUE	FALSE	FALSE	FALSE		Achelous, Ereuthalion, Erichthonius	Sithon
4472	262	771	Alpha Eriopis	Eriopis	Alien world	FALSE	FALSE	TRUE	FALSE	FALSE			Sithon
4473	262	771	Beta Eriopis	Eriopis	Terran planet	FALSE	FALSE	FALSE	FALSE	FALSE			Sithon
4474	262	771	Gamma Eriopis	Eriopis	Alien world	FALSE	FALSE	FALSE	FALSE	FALSE			Sithon
4475	238	771	Achelous	Achelous	Sun	TRUE	TRUE	FALSE	FALSE	FALSE		Aceso, Eriopis	Sithon
4476	238	771	Alpha Achelous	Achelous	Terran planet	FALSE	FALSE	FALSE	FALSE	FALSE			Sithon
4477	248	789	Aceso	Aceso	Sun	TRUE	TRUE	FALSE	FALSE	FALSE		Achelous	Sithon
4478	248	789	Alpha Aceso	Aceso	Inferno	FALSE	TRUE	TRUE	FALSE	FALSE			Sithon
4479	248	789	Aceso station	Aceso	Aftermarket Station	FALSE	FALSE	FALSE	FALSE	FALSE			Sithon
4480	222	828	Toko'yoto	Toko'yoto	Wormhole	TRUE	FALSE	FALSE	FALSE	TRUE			Toko'yoto
4481	35	660	Ve'ai	Ve'ai	Wormhole	TRUE	FALSE	FALSE	FALSE	TRUE			Ve'ai
4482	97	957	Eme'mqut	Eme'mqut	Wormhole	TRUE	FALSE	FALSE	FALSE	TRUE			Eme'mqut
4483	129	948	Eunomia	Eunomia	Sun	TRUE	TRUE	FALSE	FALSE	FALSE		Penthilus	Strophius
4484	129	948	Alpha Eunomia	Eunomia	Alien world	FALSE	FALSE	FALSE	FALSE	FALSE			Strophius
4485	129	948	Restaurant #8886	Eunomia	Space Burger	FALSE	FALSE	FALSE	FALSE	FALSE	Droid #E06D		Strophius
4486	129	948	Chi Eunomia	Eunomia	Artificial moon	FALSE	FALSE	FALSE	FALSE	FALSE	moon		Strophius
4487	129	948	Phi Eunomia	Eunomia	Alien world	FALSE	FALSE	FALSE	FALSE	FALSE	moon		Strophius
4488	129	948	Upsilon Eunomia	Eunomia	Barren rock	FALSE	FALSE	FALSE	FALSE	FALSE	moon		Strophius
4489	129	948	Tau Eunomia	Eunomia	Alien world	FALSE	FALSE	FALSE	FALSE	FALSE	moon		Strophius
4490	129	948	Eta Eunomia	Eunomia	Alien world	FALSE	FALSE	FALSE	FALSE	FALSE			Strophius
4491	129	948	Eunomia campus	Eunomia	Heroes Academy	FALSE	FALSE	FALSE	FALSE	FALSE			Strophius
4492	129	948	Iota Eunomia	Eunomia	Alien world	FALSE	FALSE	FALSE	FALSE	FALSE			Strophius
4493	129	948	Omicron Eunomia	Eunomia	Artificial moon	FALSE	FALSE	FALSE	FALSE	FALSE	moon		Strophius
4494	129	948	Lambda Eunomia	Eunomia	Alien world	FALSE	FALSE	FALSE	FALSE	FALSE			Strophius
4495	189	884	Eurytion	Eurytion	Sun	TRUE	TRUE	FALSE	FALSE	FALSE		Penthilus, Thrasos, Agenor	Strophius
4496	189	884	Alpha Eurytion	Eurytion	Gas giant	FALSE	FALSE	FALSE	FALSE	FALSE			Strophius
4497	189	884	Psi Eurytion	Eurytion	Artificial moon	FALSE	FALSE	FALSE	FALSE	FALSE	moon		Strophius
4498	189	884	Gamma Eurytion	Eurytion	Terran planet	FALSE	FALSE	FALSE	FALSE	FALSE			Strophius
4499	189	884	Phi Eurytion	Eurytion	Artificial moon	FALSE	FALSE	FALSE	FALSE	FALSE	moon		Strophius
4500	189	884	Upsilon Eurytion	Eurytion	Alien world	FALSE	FALSE	TRUE	FALSE	FALSE	moon		Strophius
4501	189	884	Zeta Eurytion	Eurytion	Alien world	FALSE	FALSE	FALSE	FALSE	FALSE			Strophius
4502	189	884	Eta Eurytion	Eurytion	Alien world	FALSE	FALSE	FALSE	FALSE	FALSE			Strophius
4503	189	884	Eurytion station	Eurytion	Aftermarket Station	FALSE	FALSE	FALSE	FALSE	FALSE			Strophius
4504	189	884	Iota Eurytion	Eurytion	Frozen wasteland	FALSE	FALSE	FALSE	TRUE	FALSE			Strophius
4505	176	967	Philemon	Philemon	Sun	TRUE	TRUE	FALSE	FALSE	FALSE		Penthilus	Strophius
4506	176	967	Heitsi	Philemon	Asteroid belt	FALSE	TRUE	FALSE	FALSE	FALSE			Strophius
4507	176	967	Restaurant #1921	Philemon	Space Burger	FALSE	FALSE	FALSE	FALSE	FALSE			Strophius
4508	176	967	Madam Dika	Philemon	Fortune Teller	FALSE	FALSE	FALSE	FALSE	FALSE			Strophius
4509	176	967	Delta Philemon	Philemon	Alien world	FALSE	FALSE	FALSE	FALSE	FALSE			Strophius
4510	176	967	Upsilon Philemon	Philemon	Barren rock	FALSE	FALSE	FALSE	FALSE	FALSE	moon		Strophius
4511	176	967	Tau Philemon	Philemon	Alien world	FALSE	FALSE	TRUE	FALSE	FALSE	moon		Strophius
4512	176	967	Philemon dealership	Philemon	Heroware	FALSE	FALSE	FALSE	FALSE	FALSE			Strophius
4513	226	865	Agenor	Agenor	Sun	TRUE	TRUE	FALSE	FALSE	FALSE		Eurytion	Strophius
4514	226	865	Alpha Agenor	Agenor	Inferno	FALSE	TRUE	FALSE	FALSE	FALSE			Strophius
4515	226	865	Beta Agenor	Agenor	Inferno	FALSE	TRUE	FALSE	FALSE	FALSE			Strophius
4516	226	865	Gamma Agenor	Agenor	Gas giant	FALSE	FALSE	FALSE	FALSE	FALSE			Strophius
4517	226	865	Phi Agenor	Agenor	Artificial moon	FALSE	FALSE	FALSE	FALSE	FALSE	moon		Strophius
4518	226	865	Upsilon Agenor	Agenor	Barren rock	FALSE	FALSE	FALSE	FALSE	FALSE	moon		Strophius
4519	206	886	Thrasos	Thrasos	Sun	TRUE	TRUE	FALSE	FALSE	FALSE		Eurytion	Strophius
4520	206	886	Alpha Thrasos	Thrasos	Gas giant	FALSE	FALSE	FALSE	FALSE	FALSE			Strophius
4521	155	973	Medôn	Medôn	Sun	TRUE	TRUE	FALSE	FALSE	FALSE		Penthilus	Strophius
4522	155	973	Alpha Medôn	Medôn	Alien world	FALSE	FALSE	FALSE	FALSE	FALSE			Strophius
4523	155	973	Psi Medôn	Medôn	Barren rock	FALSE	FALSE	FALSE	FALSE	FALSE	moon		Strophius
4524	155	973	Chi Medôn	Medôn	Alien world	FALSE	FALSE	FALSE	FALSE	FALSE	moon		Strophius
4525	155	973	Phi Medôn	Medôn	Barren rock	FALSE	FALSE	TRUE	FALSE	FALSE	moon		Strophius
4526	155	973	Epsilon Medôn	Medôn	Gas giant	FALSE	FALSE	TRUE	FALSE	FALSE			Strophius
4527	155	973	Zeta Medôn	Medôn	Gas giant	FALSE	FALSE	FALSE	FALSE	FALSE			Strophius
4528	155	973	Eta Medôn	Medôn	Terran planet	FALSE	FALSE	FALSE	FALSE	FALSE			Strophius
4529	167	955	Penthilus	Penthilus	Sun	TRUE	TRUE	FALSE	FALSE	FALSE		Eunomia, Philemon, Chrysippe, Eurytion, Medôn	Strophius
4530	167	955	Alpha Penthilus	Penthilus	Gas giant	FALSE	FALSE	FALSE	FALSE	FALSE			Strophius
4531	167	955	Psi Penthilus	Penthilus	Barren rock	FALSE	FALSE	FALSE	FALSE	FALSE	moon		Strophius
4532	167	955	Gamma Penthilus	Penthilus	Alien world	FALSE	FALSE	FALSE	FALSE	FALSE			Strophius
4533	167	955	Delta Penthilus	Penthilus	Alien world	FALSE	FALSE	FALSE	FALSE	FALSE			Strophius
4534	167	955	Epsilon Penthilus	Penthilus	Alien world	FALSE	FALSE	FALSE	FALSE	FALSE			Strophius
4535	167	955	Tau Penthilus	Penthilus	Artificial moon	FALSE	FALSE	FALSE	FALSE	FALSE	moon		Strophius
4536	167	955	Eta Penthilus	Penthilus	Frozen wasteland	FALSE	FALSE	FALSE	TRUE	FALSE			Strophius
4537	167	955	Outlet 5639.31316	Penthilus	Gus's Gas	FALSE	FALSE	FALSE	FALSE	FALSE			Strophius
4538	200	945	Alcaeus	Alcaeus	Sun	TRUE	TRUE	FALSE	FALSE	FALSE		Chrysippe	Strophius
4539	200	945	Alpha Alcaeus	Alcaeus	Alien world	FALSE	FALSE	FALSE	FALSE	FALSE			Strophius
4540	200	945	Beta Alcaeus	Alcaeus	Gas giant	FALSE	FALSE	FALSE	FALSE	FALSE			Strophius
4541	199	933	Chrysippe	Chrysippe	Sun	TRUE	TRUE	FALSE	FALSE	FALSE		Penthilus, Alcaeus, Amymone, Polybotes	Strophius
4542	199	933	Alpha Chrysippe	Chrysippe	Gas giant	FALSE	FALSE	FALSE	FALSE	FALSE			Strophius
4543	199	933	Beta Chrysippe	Chrysippe	Inferno	FALSE	TRUE	FALSE	FALSE	FALSE			Strophius
4544	199	933	Gamma Chrysippe	Chrysippe	Alien world	FALSE	FALSE	FALSE	FALSE	FALSE			Strophius
4545	199	933	Delta Chrysippe	Chrysippe	Terran planet	FALSE	FALSE	FALSE	FALSE	FALSE			Strophius
4546	199	933	Upsilon Chrysippe	Chrysippe	Alien world	FALSE	FALSE	FALSE	FALSE	FALSE	moon		Strophius
4547	199	933	Tau Chrysippe	Chrysippe	Barren rock	FALSE	FALSE	FALSE	FALSE	FALSE	moon		Strophius
4548	222	954	Alcidice	Alcidice	Sun	TRUE	TRUE	FALSE	FALSE	FALSE		Amymone	Strophius
4549	222	954	Alpha Alcidice	Alcidice	Alien world	FALSE	FALSE	FALSE	FALSE	FALSE			Strophius
4550	222	954	Psi Alcidice	Alcidice	Alien world	FALSE	FALSE	FALSE	FALSE	FALSE	moon		Strophius
4551	222	954	Chi Alcidice	Alcidice	Artificial moon	FALSE	FALSE	FALSE	FALSE	FALSE	moon		Strophius
4552	222	954	Phi Alcidice	Alcidice	Alien world	FALSE	FALSE	FALSE	FALSE	FALSE	moon		Strophius
4553	222	954	Epsilon Alcidice	Alcidice	Alien world	FALSE	FALSE	FALSE	FALSE	FALSE			Strophius
4554	222	954	Outlet 7416.31275	Alcidice	Gus's Gas	FALSE	FALSE	FALSE	FALSE	FALSE			Strophius
4555	228	938	Amymone	Amymone	Sun	TRUE	TRUE	FALSE	FALSE	FALSE		Alcidice, Automedon, Chrysippe	Strophius
4556	228	938	Alpha Amymone	Amymone	Gas giant	FALSE	FALSE	FALSE	FALSE	FALSE			Strophius
4557	228	938	Beta Amymone	Amymone	Terran planet	FALSE	FALSE	FALSE	FALSE	FALSE			Strophius
4558	228	938	Gamma Amymone	Amymone	Alien world	FALSE	FALSE	FALSE	FALSE	FALSE			Strophius
4559	219	923	Automedon	Automedon	Sun	TRUE	TRUE	FALSE	FALSE	FALSE		Amymone	Strophius
4560	219	923	Alpha Automedon	Automedon	Gas giant	FALSE	FALSE	FALSE	FALSE	FALSE			Strophius
4561	219	923	Restaurant #4073	Automedon	Space Burger	FALSE	FALSE	FALSE	FALSE	FALSE			Strophius
4562	219	923	Automedon campus	Automedon	Heroes Academy	FALSE	FALSE	FALSE	FALSE	FALSE			Strophius
4563	226	905	Polybotes	Polybotes	Sun	TRUE	TRUE	FALSE	FALSE	FALSE		Chrysippe	Strophius
4564	226	905	Alpha Polybotes	Polybotes	Alien world	FALSE	FALSE	TRUE	FALSE	FALSE			Strophius
4565	226	905	Polybotes station	Polybotes	Aftermarket Station	FALSE	FALSE	FALSE	FALSE	FALSE			Strophius
4566	226	905	Gamma Polybotes	Polybotes	Alien world	FALSE	FALSE	FALSE	FALSE	FALSE			Strophius
4567	226	905	Delta Polybotes	Polybotes	Alien world	FALSE	FALSE	FALSE	FALSE	FALSE			Strophius
4568	226	905	Polybotes dealership	Polybotes	Heroware	FALSE	FALSE	FALSE	FALSE	FALSE			Strophius
4569	285	952	Eriphyle	Eriphyle	Sun	TRUE	TRUE	FALSE	FALSE	FALSE		Icarus, Erginus	Stilbon
4570	285	952	Alpha Eriphyle	Eriphyle	Terran planet	FALSE	FALSE	FALSE	FALSE	FALSE			Stilbon
4571	285	952	Psi Eriphyle	Eriphyle	Alien world	FALSE	FALSE	FALSE	FALSE	FALSE	moon		Stilbon
4572	285	952	Chi Eriphyle	Eriphyle	Alien world	FALSE	FALSE	FALSE	FALSE	FALSE	moon		Stilbon
4573	285	952	Delta Eriphyle	Eriphyle	Terran planet	FALSE	FALSE	FALSE	FALSE	FALSE			Stilbon
4574	285	952	Epsilon Eriphyle	Eriphyle	Gas giant	FALSE	FALSE	FALSE	FALSE	FALSE			Stilbon
4575	285	952	Restaurant #5009	Eriphyle	Space Burger	FALSE	FALSE	FALSE	FALSE	FALSE	Droid #AFD9 and Droid #8B05		Stilbon
4576	285	952	Eta Eriphyle	Eriphyle	Terran planet	FALSE	FALSE	FALSE	FALSE	FALSE			Stilbon
4577	285	952	Rho Eriphyle	Eriphyle	Artificial moon	FALSE	FALSE	FALSE	FALSE	FALSE	moon		Stilbon
4578	285	952	Pi Eriphyle	Eriphyle	Barren rock	FALSE	FALSE	FALSE	FALSE	FALSE	moon		Stilbon
4579	285	952	Omicron Eriphyle	Eriphyle	Artificial moon	FALSE	FALSE	FALSE	FALSE	FALSE	moon		Stilbon
4580	285	952	Xi Eriphyle	Eriphyle	Artificial moon	FALSE	FALSE	FALSE	FALSE	FALSE	moon		Stilbon
4581	276	973	Laophoon	Laophoon	Sun	TRUE	TRUE	FALSE	FALSE	FALSE		Icarus	Stilbon
4582	276	973	Alpha Laophoon	Laophoon	Gas giant	FALSE	FALSE	TRUE	FALSE	FALSE			Stilbon
4583	276	973	Beta Laophoon	Laophoon	Terran planet	FALSE	FALSE	FALSE	FALSE	FALSE			Stilbon
4584	276	973	Outlet 9094.31904	Laophoon	Gus's Gas	FALSE	FALSE	FALSE	FALSE	FALSE			Stilbon
4585	276	973	Buku	Laophoon	Asteroid belt	FALSE	FALSE	FALSE	TRUE	FALSE			Stilbon
4586	260	950	Notus	Notus	Sun	TRUE	TRUE	FALSE	FALSE	FALSE		Stymphalus, Aphroditus, Amphitrite, Caeneus	Stilbon
4587	260	950	Alpha Notus	Notus	Alien world	FALSE	FALSE	FALSE	FALSE	FALSE			Stilbon
4588	260	950	Beta Notus	Notus	Alien world	FALSE	FALSE	FALSE	FALSE	FALSE			Stilbon
4589	260	950	Gamma Notus	Notus	Alien world	FALSE	FALSE	FALSE	FALSE	FALSE			Stilbon
4590	260	950	Delta Notus	Notus	Alien world	FALSE	FALSE	FALSE	FALSE	FALSE			Stilbon
4591	260	950	Epsilon Notus	Notus	Frozen wasteland	FALSE	FALSE	FALSE	TRUE	FALSE			Stilbon
4592	274	861	Pantariste	Pantariste	Sun	TRUE	TRUE	FALSE	FALSE	FALSE		Stymphalus	Stilbon
4593	274	861	Mahu Fon	Pantariste	Asteroid belt	FALSE	TRUE	FALSE	FALSE	FALSE			Stilbon
4594	274	861	Beta Pantariste	Pantariste	Gas giant	FALSE	FALSE	FALSE	FALSE	FALSE			Stilbon
4595	254	852	Helen	Helen	Sun	TRUE	TRUE	FALSE	FALSE	FALSE		Stymphalus	Stilbon
4596	254	852	Alpha Helen	Helen	Alien world	FALSE	FALSE	FALSE	FALSE	FALSE			Stilbon
4597	254	852	Madam Ursula	Helen	Fortune Teller	FALSE	FALSE	FALSE	FALSE	FALSE			Stilbon
4598	274	875	Stymphalus	Stymphalus	Sun	TRUE	TRUE	FALSE	FALSE	FALSE		Notus, Demonice, Pantariste, Helen	Stilbon
4599	274	875	Alpha Stymphalus	Stymphalus	Inferno	FALSE	TRUE	FALSE	FALSE	FALSE			Stilbon
4600	274	875	Beta Stymphalus	Stymphalus	Alien world	FALSE	FALSE	FALSE	FALSE	FALSE			Stilbon
4601	274	875	Outlet 9043.28680	Stymphalus	Gus's Gas	FALSE	FALSE	FALSE	FALSE	FALSE			Stilbon
4602	274	875	Delta Stymphalus	Stymphalus	Alien world	FALSE	FALSE	FALSE	FALSE	FALSE			Stilbon
4603	274	875	Stymphalus dealership	Stymphalus	Heroware	FALSE	FALSE	FALSE	FALSE	FALSE			Stilbon
4604	274	875	Tau Stymphalus	Stymphalus	Artificial moon	FALSE	FALSE	FALSE	FALSE	FALSE	moon		Stilbon
4605	274	875	Sigma Stymphalus	Stymphalus	Artificial moon	FALSE	FALSE	FALSE	FALSE	FALSE	moon		Stilbon
4606	274	875	Theta Stymphalus	Stymphalus	Gas giant	FALSE	FALSE	FALSE	FALSE	FALSE			Stilbon
4607	274	875	Pi Stymphalus	Stymphalus	Barren rock	FALSE	FALSE	FALSE	FALSE	FALSE	moon		Stilbon
4608	274	875	Omicron Stymphalus	Stymphalus	Artificial moon	FALSE	FALSE	FALSE	FALSE	FALSE	moon		Stilbon
4609	266	891	Demonice	Demonice	Sun	TRUE	TRUE	FALSE	FALSE	FALSE		Stymphalus	Stilbon
4610	266	891	Alpha Demonice	Demonice	Terran planet	FALSE	FALSE	FALSE	FALSE	FALSE			Stilbon
4611	266	891	Beta Demonice	Demonice	Alien world	FALSE	FALSE	FALSE	FALSE	FALSE			Stilbon
4612	245	957	Saon	Saon	Sun	TRUE	TRUE	FALSE	FALSE	FALSE		Aphroditus	Stilbon
4613	245	957	Alpha Saon	Saon	Alien world	FALSE	FALSE	FALSE	FALSE	FALSE			Stilbon
4614	255	950	Aphroditus	Aphroditus	Sun	TRUE	TRUE	FALSE	FALSE	FALSE		Notus, Saon	Stilbon
4615	255	950	Alpha Aphroditus	Aphroditus	Gas giant	FALSE	FALSE	FALSE	FALSE	FALSE			Stilbon
4616	255	950	Beta Aphroditus	Aphroditus	Alien world	FALSE	FALSE	FALSE	FALSE	FALSE			Stilbon
4617	269	951	Amphitrite	Amphitrite	Sun	TRUE	TRUE	FALSE	FALSE	FALSE		Notus	Stilbon
4618	269	951	Alpha Amphitrite	Amphitrite	Inferno	FALSE	TRUE	FALSE	FALSE	FALSE			Stilbon
4619	269	951	Beta Amphitrite	Amphitrite	Gas giant	FALSE	FALSE	FALSE	FALSE	FALSE			Stilbon
4620	254	978	Caeneus	Caeneus	Sun	TRUE	TRUE	FALSE	FALSE	FALSE		Icarus, Notus	Stilbon
4621	254	978	Alpha Caeneus	Caeneus	Inferno	FALSE	TRUE	FALSE	FALSE	FALSE			Stilbon
4622	254	978	Beta Caeneus	Caeneus	Terran planet	FALSE	FALSE	FALSE	FALSE	FALSE			Stilbon
4623	254	978	Gamma Caeneus	Caeneus	Gas giant	FALSE	FALSE	FALSE	FALSE	FALSE			Stilbon
4624	254	978	Madam Aishe	Caeneus	Fortune Teller	FALSE	FALSE	FALSE	FALSE	FALSE			Stilbon
4625	254	978	Epsilon Caeneus	Caeneus	Alien world	FALSE	FALSE	FALSE	FALSE	FALSE			Stilbon
4626	254	978	Caeneus dealership	Caeneus	Heroware	FALSE	FALSE	FALSE	FALSE	FALSE			Stilbon
4627	254	978	Eta Caeneus	Caeneus	Alien world	FALSE	FALSE	FALSE	FALSE	FALSE			Stilbon
4628	254	978	Rho Caeneus	Caeneus	Alien world	FALSE	FALSE	FALSE	FALSE	FALSE	moon		Stilbon
4629	271	967	Icarus	Icarus	Sun	TRUE	TRUE	FALSE	FALSE	FALSE		Caeneus, Laophoon, Eriphyle	Stilbon
4630	271	967	Alpha Icarus	Icarus	Inferno	FALSE	TRUE	FALSE	FALSE	FALSE			Stilbon
4631	271	967	Beta Icarus	Icarus	Terran planet	FALSE	FALSE	FALSE	FALSE	FALSE			Stilbon
4632	271	967	Chi Icarus	Icarus	Alien world	FALSE	FALSE	FALSE	FALSE	FALSE	moon		Stilbon
4633	271	967	Phi Icarus	Icarus	Artificial moon	FALSE	FALSE	FALSE	FALSE	FALSE	moon		Stilbon
4634	271	967	Epsilon Icarus	Icarus	Gas giant	FALSE	FALSE	FALSE	FALSE	FALSE			Stilbon
4635	271	967	Zeta Icarus	Icarus	Gas giant	FALSE	FALSE	FALSE	FALSE	FALSE			Stilbon
4636	293	962	Erginus	Erginus	Sun	TRUE	TRUE	FALSE	FALSE	FALSE		Eriphyle	Stilbon
4637	293	962	Alpha Erginus	Erginus	Inferno	FALSE	TRUE	FALSE	FALSE	FALSE			Stilbon
4638	293	962	Beta Erginus	Erginus	Terran planet	FALSE	FALSE	FALSE	FALSE	FALSE			Stilbon
4639	293	962	Gamma Erginus	Erginus	Alien world	FALSE	FALSE	FALSE	FALSE	FALSE			Stilbon
4640	293	962	Delta Erginus	Erginus	Alien world	FALSE	FALSE	FALSE	FALSE	FALSE			Stilbon
4641	377	926	Hyperphas Majoris	Hyperphas	Binary Sun	TRUE	TRUE	FALSE	FALSE	FALSE		Byblis, Tisiphone	Thrace
4642	377	926	Hyperphas Minoris	Hyperphas	Binary Sun	TRUE	TRUE	FALSE	FALSE	FALSE			Thrace
4643	377	926	Ngai	Hyperphas	Asteroid belt	FALSE	TRUE	FALSE	FALSE	FALSE			Thrace
4644	377	926	Beta Hyperphas	Hyperphas	Gas giant	FALSE	FALSE	TRUE	FALSE	FALSE			Thrace
4645	377	926	Gamma Hyperphas	Hyperphas	Terran planet	FALSE	FALSE	FALSE	FALSE	FALSE			Thrace
4646	377	926	Restaurant #1123	Hyperphas	Space Burger	FALSE	FALSE	FALSE	FALSE	FALSE			Thrace
4647	377	926	Epsilon Hyperphas	Hyperphas	Gas giant	FALSE	FALSE	FALSE	FALSE	FALSE			Thrace
4648	336	984	Cleopatra	Cleopatra	Sun	TRUE	TRUE	FALSE	FALSE	FALSE		Chthonius	Thrace
4649	336	984	Alpha Cleopatra	Cleopatra	Gas giant	FALSE	FALSE	FALSE	FALSE	FALSE			Thrace
4650	336	984	Beta Cleopatra	Cleopatra	Terran planet	FALSE	FALSE	FALSE	FALSE	FALSE			Thrace
4651	336	984	Aondo	Cleopatra	Asteroid belt	FALSE	FALSE	FALSE	FALSE	FALSE			Thrace
4652	336	984	Delta Cleopatra	Cleopatra	Frozen wasteland	FALSE	FALSE	FALSE	TRUE	FALSE			Thrace
4653	336	984	Outlet 11094.32258	Cleopatra	Gus's Gas	FALSE	FALSE	FALSE	FALSE	FALSE			Thrace
4654	336	984	Zeta Cleopatra	Cleopatra	Terran planet	FALSE	FALSE	FALSE	FALSE	FALSE			Thrace
4655	336	984	Eta Cleopatra	Cleopatra	Frozen wasteland	FALSE	FALSE	FALSE	TRUE	FALSE			Thrace
4656	336	984	Rho Cleopatra	Cleopatra	Alien world	FALSE	FALSE	FALSE	FALSE	FALSE	moon		Thrace
4657	336	984	Pi Cleopatra	Cleopatra	Barren rock	FALSE	FALSE	FALSE	FALSE	FALSE	moon		Thrace
4658	336	984	Omicron Cleopatra	Cleopatra	Artificial moon	FALSE	FALSE	FALSE	FALSE	FALSE	moon		Thrace
4659	317	935	Leucosia	Leucosia	Sun	TRUE	TRUE	FALSE	FALSE	FALSE		Chloris	Thrace
4660	317	935	Alpha Leucosia	Leucosia	Alien world	FALSE	FALSE	FALSE	FALSE	FALSE			Thrace
4661	317	935	Beta Leucosia	Leucosia	Gas giant	FALSE	FALSE	FALSE	FALSE	FALSE			Thrace
4662	317	935	Gaunab Damaras	Leucosia	Asteroid belt	FALSE	FALSE	FALSE	FALSE	FALSE			Thrace
4663	317	935	Delta Leucosia	Leucosia	Alien world	FALSE	FALSE	TRUE	FALSE	FALSE			Thrace
4664	317	935	Epsilon Leucosia	Leucosia	Frozen wasteland	FALSE	FALSE	FALSE	TRUE	FALSE			Thrace
4665	317	935	Outlet 10503.30662	Leucosia	Gus's Gas	FALSE	FALSE	FALSE	FALSE	FALSE			Thrace
4666	297	919	Kalokagathia	Kalokagathia	Sun	TRUE	TRUE	FALSE	FALSE	FALSE		Chloris	Thrace
4667	297	919	Alpha Kalokagathia	Kalokagathia	Gas giant	FALSE	FALSE	FALSE	FALSE	FALSE			Thrace
4668	297	919	Psi Kalokagathia	Kalokagathia	Barren rock	FALSE	FALSE	FALSE	FALSE	FALSE	moon		Thrace
4669	297	919	Chi Kalokagathia	Kalokagathia	Alien world	FALSE	FALSE	FALSE	FALSE	FALSE	moon		Thrace
4670	297	919	Kalokagathia dealership	Kalokagathia	Heroware	FALSE	FALSE	FALSE	FALSE	FALSE			Thrace
4671	297	919	Upsilon Kalokagathia	Kalokagathia	Artificial moon	FALSE	FALSE	FALSE	FALSE	FALSE	moon		Thrace
4672	297	919	Tau Kalokagathia	Kalokagathia	Artificial moon	FALSE	FALSE	FALSE	FALSE	FALSE	moon		Thrace
4673	297	919	Sigma Kalokagathia	Kalokagathia	Barren rock	FALSE	FALSE	FALSE	FALSE	FALSE	moon		Thrace
4674	297	919	Kalokagathia campus	Kalokagathia	Heroes Academy	FALSE	FALSE	FALSE	FALSE	FALSE			Thrace
4675	297	919	Iota Kalokagathia	Kalokagathia	Alien world	FALSE	FALSE	FALSE	FALSE	FALSE			Thrace
4676	304	933	Phrastor	Phrastor	Sun	TRUE	TRUE	FALSE	FALSE	FALSE		Chloris	Thrace
4677	304	933	Alpha Phrastor	Phrastor	Alien world	FALSE	FALSE	FALSE	FALSE	FALSE			Thrace
4678	311	946	Harmonia	Harmonia	Sun	TRUE	TRUE	FALSE	FALSE	FALSE		Chloris	Thrace
4679	311	946	Alpha Harmonia	Harmonia	Gas giant	FALSE	FALSE	FALSE	FALSE	FALSE			Thrace
4680	305	943	Chloris	Chloris	Sun	TRUE	TRUE	FALSE	FALSE	FALSE		Harmonia, Argyron, Leucosia, Phrastor, Kalokagathia	Thrace
4681	305	943	Alpha Chloris	Chloris	Alien world	FALSE	FALSE	FALSE	FALSE	FALSE			Thrace
4682	305	943	Beta Chloris	Chloris	Alien world	FALSE	FALSE	FALSE	FALSE	FALSE			Thrace
4683	305	943	Gamma Chloris	Chloris	Alien world	FALSE	FALSE	FALSE	FALSE	FALSE			Thrace
4684	305	943	Delta Chloris	Chloris	Frozen wasteland	FALSE	FALSE	FALSE	TRUE	FALSE			Thrace
4685	305	943	Upsilon Chloris	Chloris	Artificial moon	FALSE	FALSE	FALSE	FALSE	FALSE	moon		Thrace
4686	321	964	Argyron	Argyron	Sun	TRUE	TRUE	FALSE	FALSE	FALSE		Chloris, Chthonius	Thrace
4687	321	964	Alpha Argyron	Argyron	Alien world	FALSE	FALSE	FALSE	FALSE	FALSE			Thrace
4688	321	964	Psi Argyron	Argyron	Alien world	FALSE	FALSE	FALSE	FALSE	FALSE	moon		Thrace
4689	321	964	Chi Argyron	Argyron	Artificial moon	FALSE	FALSE	FALSE	FALSE	FALSE	moon		Thrace
4690	321	964	Phi Argyron	Argyron	Barren rock	FALSE	FALSE	FALSE	FALSE	FALSE	moon		Thrace
4691	321	964	Epsilon Argyron	Argyron	Terran planet	FALSE	FALSE	FALSE	FALSE	FALSE			Thrace
4692	321	964	Zeta Argyron	Argyron	Terran planet	FALSE	FALSE	FALSE	FALSE	FALSE			Thrace
4693	321	964	Eta Argyron	Argyron	Alien world	FALSE	FALSE	FALSE	FALSE	FALSE			Thrace
4694	321	964	Rho Argyron	Argyron	Alien world	FALSE	FALSE	FALSE	FALSE	FALSE	moon		Thrace
4695	339	955	Chthonius	Chthonius	Sun	TRUE	TRUE	FALSE	FALSE	FALSE		Argyron, Cleopatra, Hermione, Homados	Thrace
4696	339	955	Alpha Chthonius	Chthonius	Inferno	FALSE	TRUE	FALSE	FALSE	FALSE			Thrace
4697	339	955	Psi Chthonius	Chthonius	Alien world	FALSE	FALSE	FALSE	FALSE	FALSE	moon		Thrace
4698	339	955	Gamma Chthonius	Chthonius	Alien world	FALSE	FALSE	FALSE	FALSE	FALSE			Thrace
4699	339	955	Phi Chthonius	Chthonius	Barren rock	FALSE	FALSE	TRUE	FALSE	FALSE	moon		Thrace
4700	339	955	Chthonius dealership	Chthonius	Heroware	FALSE	FALSE	FALSE	FALSE	FALSE			Thrace
4701	339	955	Zeta Chthonius	Chthonius	Alien world	FALSE	FALSE	FALSE	FALSE	FALSE			Thrace
4702	339	955	Eta Chthonius	Chthonius	Gas giant	FALSE	FALSE	TRUE	FALSE	FALSE			Thrace
4703	339	955	Theta Chthonius	Chthonius	Frozen wasteland	FALSE	FALSE	TRUE	TRUE	FALSE			Thrace
4704	360	962	Hermione	Hermione	Sun	TRUE	TRUE	FALSE	FALSE	FALSE		Chthonius	Thrace
4705	360	962	Alpha Hermione	Hermione	Alien world	FALSE	FALSE	FALSE	FALSE	FALSE			Thrace
4706	360	962	Beta Hermione	Hermione	Inferno	FALSE	TRUE	FALSE	FALSE	FALSE			Thrace
4707	360	962	Chi Hermione	Hermione	Alien world	FALSE	FALSE	FALSE	FALSE	FALSE	moon		Thrace
4708	360	962	Phi Hermione	Hermione	Barren rock	FALSE	FALSE	TRUE	FALSE	FALSE	moon		Thrace
4709	360	962	Upsilon Hermione	Hermione	Alien world	FALSE	FALSE	FALSE	FALSE	FALSE	moon		Thrace
4710	360	962	Zeta Hermione	Hermione	Alien world	FALSE	FALSE	TRUE	FALSE	FALSE			Thrace
4711	360	962	Sigma Hermione	Hermione	Alien world	FALSE	FALSE	FALSE	FALSE	FALSE	moon		Thrace
4712	360	962	Madam Rosella	Hermione	Fortune Teller	FALSE	FALSE	FALSE	FALSE	FALSE			Thrace
4713	360	962	Iota Hermione	Hermione	Alien world	FALSE	FALSE	FALSE	FALSE	FALSE			Thrace
4714	360	962	Kappa Hermione	Hermione	Alien world	FALSE	FALSE	FALSE	FALSE	FALSE			Thrace
4715	346	944	Homados	Homados	Sun	TRUE	TRUE	FALSE	FALSE	FALSE		Chthonius, Byblis	Thrace
4716	346	944	Alpha Homados	Homados	Inferno	FALSE	TRUE	FALSE	FALSE	FALSE			Thrace
4717	346	944	Beta Homados	Homados	Alien world	FALSE	FALSE	TRUE	FALSE	FALSE			Thrace
4718	346	944	Gamma Homados	Homados	Terran planet	FALSE	FALSE	FALSE	FALSE	FALSE			Thrace
4719	346	944	Phi Homados	Homados	Alien world	FALSE	FALSE	TRUE	FALSE	FALSE	moon		Thrace
4720	346	944	Upsilon Homados	Homados	Alien world	FALSE	FALSE	TRUE	FALSE	FALSE	moon		Thrace
4721	346	944	Zeta Homados	Homados	Alien world	FALSE	FALSE	FALSE	FALSE	FALSE			Thrace
4722	320	896	Pemphredo	Pemphredo	Sun	TRUE	TRUE	FALSE	FALSE	FALSE		Tyro	Thrace
4723	320	896	Alpha Pemphredo	Pemphredo	Alien world	FALSE	FALSE	FALSE	FALSE	FALSE			Thrace
4724	320	896	Pemphredo station	Pemphredo	Aftermarket Station	FALSE	FALSE	FALSE	FALSE	FALSE			Thrace
4725	320	896	Gamma Pemphredo	Pemphredo	Inferno	FALSE	TRUE	TRUE	FALSE	FALSE			Thrace
4726	342	924	Tyro	Tyro	Sun	TRUE	TRUE	FALSE	FALSE	FALSE		Pemphredo, Byblis	Thrace
4727	342	924	Alpha Tyro	Tyro	Inferno	FALSE	TRUE	TRUE	FALSE	FALSE			Thrace
4728	342	924	Beta Tyro	Tyro	Alien world	FALSE	FALSE	FALSE	FALSE	FALSE			Thrace
4729	342	924	Gamma Tyro	Tyro	Alien world	FALSE	FALSE	FALSE	FALSE	FALSE			Thrace
4730	361	936	Hyperippe	Hyperippe	Sun	TRUE	TRUE	FALSE	FALSE	FALSE		Byblis	Thrace
4731	361	936	Alpha Hyperippe	Hyperippe	Terran planet	FALSE	FALSE	FALSE	FALSE	FALSE			Thrace
4732	361	936	Psi Hyperippe	Hyperippe	Alien world	FALSE	FALSE	FALSE	FALSE	FALSE	moon		Thrace
4733	358	930	Byblis	Byblis	Sun	TRUE	TRUE	FALSE	FALSE	FALSE		Hyllus, Hyperphas, Hyperippe, Homados, Tyro	Thrace
4734	358	930	Alpha Byblis	Byblis	Terran planet	FALSE	FALSE	FALSE	FALSE	FALSE			Thrace
4735	358	930	Psi Byblis	Byblis	Barren rock	FALSE	FALSE	FALSE	FALSE	FALSE	moon		Thrace
4736	358	930	Chi Byblis	Byblis	Artificial moon	FALSE	FALSE	FALSE	FALSE	FALSE	moon		Thrace
4737	358	930	Phi Byblis	Byblis	Barren rock	FALSE	FALSE	FALSE	FALSE	FALSE	moon		Thrace
4738	358	930	Epsilon Byblis	Byblis	Alien world	FALSE	FALSE	FALSE	FALSE	FALSE			Thrace
4739	358	930	Zeta Byblis	Byblis	Terran planet	FALSE	FALSE	FALSE	FALSE	FALSE			Thrace
4740	364	925	Hyllus	Hyllus	Sun	TRUE	TRUE	FALSE	FALSE	FALSE		Byblis	Thrace
4741	364	925	Alpha Hyllus	Hyllus	Gas giant	FALSE	FALSE	FALSE	FALSE	FALSE			Thrace
4742	380	937	Tisiphone	Tisiphone	Sun	TRUE	TRUE	FALSE	FALSE	FALSE		Hyperphas	Thrace
4743	380	937	Alpha Tisiphone	Tisiphone	Alien world	FALSE	FALSE	FALSE	FALSE	FALSE			Thrace
4744	380	937	Beta Tisiphone	Tisiphone	Gas giant	FALSE	FALSE	FALSE	FALSE	FALSE			Thrace
4745	487	914	Clotho	Clotho	Sun	TRUE	TRUE	FALSE	FALSE	FALSE		Ophion, Sarpedon	Chthonophyle
4746	487	914	Alpha Clotho	Clotho	Terran planet	FALSE	FALSE	FALSE	FALSE	FALSE			Chthonophyle
4747	487	914	Clotho dealership	Clotho	Heroware	FALSE	FALSE	FALSE	FALSE	FALSE			Chthonophyle
4748	487	914	Chi Clotho	Clotho	Alien world	FALSE	FALSE	FALSE	FALSE	FALSE	moon		Chthonophyle
4749	487	914	Delta Clotho	Clotho	Alien world	FALSE	FALSE	FALSE	FALSE	FALSE			Chthonophyle
4750	487	914	Epsilon Clotho	Clotho	Frozen wasteland	FALSE	FALSE	FALSE	TRUE	FALSE			Chthonophyle
4751	487	914	Outlet 16046.29980	Clotho	Gus's Gas	FALSE	FALSE	FALSE	FALSE	FALSE			Chthonophyle
4752	487	914	Eta Clotho	Clotho	Alien world	FALSE	FALSE	FALSE	FALSE	FALSE			Chthonophyle
4753	487	914	Obambou	Clotho	Asteroid belt	FALSE	FALSE	FALSE	TRUE	FALSE			Chthonophyle
4754	399	970	Meda	Meda	Sun	TRUE	TRUE	FALSE	FALSE	FALSE		Aeolus	Chthonophyle
4755	399	970	Egungun oya	Meda	Asteroid belt	FALSE	TRUE	FALSE	FALSE	FALSE			Chthonophyle
4756	399	970	Beta Meda	Meda	Inferno	FALSE	TRUE	FALSE	FALSE	FALSE			Chthonophyle
4757	399	970	Meda campus	Meda	Heroes Academy	FALSE	FALSE	FALSE	FALSE	FALSE			Chthonophyle
4758	401	909	Eucleia	Eucleia	Sun	TRUE	TRUE	FALSE	FALSE	FALSE		Dionysus	Chthonophyle
4759	401	909	Alpha Eucleia	Eucleia	Alien world	FALSE	FALSE	FALSE	FALSE	FALSE			Chthonophyle
4760	401	909	Eucleia campus	Eucleia	Heroes Academy	FALSE	FALSE	FALSE	FALSE	FALSE			Chthonophyle
4761	401	909	Gamma Eucleia	Eucleia	Alien world	FALSE	FALSE	FALSE	FALSE	FALSE			Chthonophyle
4762	406	933	Dionysus	Dionysus	Sun	TRUE	TRUE	FALSE	FALSE	FALSE		Aeolus, Eucleia	Chthonophyle
4763	406	933	Alpha Dionysus	Dionysus	Gas giant	FALSE	FALSE	TRUE	FALSE	FALSE			Chthonophyle
4764	406	933	Beta Dionysus	Dionysus	Alien world	FALSE	FALSE	FALSE	FALSE	FALSE			Chthonophyle
4765	406	933	Gamma Dionysus	Dionysus	Alien world	FALSE	FALSE	FALSE	FALSE	FALSE			Chthonophyle
4766	406	933	Dionysus station	Dionysus	Aftermarket Station	FALSE	FALSE	FALSE	FALSE	FALSE			Chthonophyle
4767	405	949	Aeolus	Aeolus	Sun	TRUE	TRUE	FALSE	FALSE	FALSE		Meda, Dionysus, Thymoetes	Chthonophyle
4768	405	949	Alpha Aeolus	Aeolus	Alien world	FALSE	FALSE	FALSE	FALSE	FALSE			Chthonophyle
4769	405	949	Beta Aeolus	Aeolus	Inferno	FALSE	TRUE	FALSE	FALSE	FALSE			Chthonophyle
4770	405	949	Gamma Aeolus	Aeolus	Alien world	FALSE	FALSE	FALSE	FALSE	FALSE			Chthonophyle
4771	405	949	Delta Aeolus	Aeolus	Gas giant	FALSE	FALSE	FALSE	FALSE	FALSE			Chthonophyle
4772	440	933	Thymoetes	Thymoetes	Sun	TRUE	TRUE	FALSE	FALSE	FALSE		Aeolus, Jocasta, Oileus	Chthonophyle
4773	440	933	Alpha Thymoetes	Thymoetes	Gas giant	FALSE	FALSE	FALSE	FALSE	FALSE			Chthonophyle
4774	440	933	Madam Masilda	Thymoetes	Fortune Teller	FALSE	FALSE	FALSE	FALSE	FALSE			Chthonophyle
4775	440	933	Gamma Thymoetes	Thymoetes	Inferno	FALSE	TRUE	FALSE	FALSE	FALSE			Chthonophyle
4776	440	933	Phi Thymoetes	Thymoetes	Alien world	FALSE	FALSE	FALSE	FALSE	FALSE	moon		Chthonophyle
4777	440	933	Thymoetes dealership	Thymoetes	Heroware	FALSE	FALSE	FALSE	FALSE	FALSE			Chthonophyle
4778	440	933	Tau Thymoetes	Thymoetes	Alien world	FALSE	FALSE	FALSE	FALSE	FALSE	moon		Chthonophyle
4779	440	933	Eta Thymoetes	Thymoetes	Alien world	FALSE	FALSE	FALSE	FALSE	FALSE			Chthonophyle
4780	440	933	Theta Thymoetes	Thymoetes	Alien world	FALSE	FALSE	FALSE	FALSE	FALSE			Chthonophyle
4781	440	933	Outlet 14582.30599	Thymoetes	Gus's Gas	FALSE	FALSE	FALSE	FALSE	FALSE			Chthonophyle
4782	440	933	Kappa Thymoetes	Thymoetes	Alien world	FALSE	FALSE	FALSE	FALSE	FALSE			Chthonophyle
4783	445	904	Paris	Paris	Sun	TRUE	TRUE	FALSE	FALSE	FALSE		Oileus	Chthonophyle
4784	445	904	Alpha Paris	Paris	Alien world	FALSE	FALSE	FALSE	FALSE	FALSE			Chthonophyle
4785	445	904	Psi Paris	Paris	Alien world	FALSE	FALSE	TRUE	FALSE	FALSE	moon		Chthonophyle
4786	455	913	Oileus	Oileus	Sun	TRUE	TRUE	FALSE	FALSE	FALSE		Paris, Thymoetes	Chthonophyle
4787	455	913	Alpha Oileus	Oileus	Inferno	FALSE	TRUE	FALSE	FALSE	FALSE			Chthonophyle
4788	455	913	Beta Oileus	Oileus	Inferno	FALSE	TRUE	FALSE	FALSE	FALSE			Chthonophyle
4789	455	913	Gamma Oileus	Oileus	Gas giant	FALSE	FALSE	FALSE	FALSE	FALSE			Chthonophyle
4790	455	913	Delta Oileus	Oileus	Alien world	FALSE	FALSE	FALSE	FALSE	FALSE			Chthonophyle
4791	455	913	Upsilon Oileus	Oileus	Alien world	FALSE	FALSE	FALSE	FALSE	FALSE	moon		Chthonophyle
4792	455	913	Zeta Oileus	Oileus	Frozen wasteland	FALSE	FALSE	FALSE	TRUE	FALSE			Chthonophyle
4793	457	949	Deileon	Deileon	Sun	TRUE	TRUE	FALSE	FALSE	FALSE		Jocasta	Chthonophyle
4794	457	949	Alpha Deileon	Deileon	Gas giant	FALSE	FALSE	FALSE	FALSE	FALSE			Chthonophyle
4795	457	949	Beta Deileon	Deileon	Terran planet	FALSE	FALSE	FALSE	FALSE	FALSE			Chthonophyle
4796	457	949	Gamma Deileon	Deileon	Gas giant	FALSE	FALSE	FALSE	FALSE	FALSE			Chthonophyle
4797	457	949	Phi Deileon	Deileon	Artificial moon	FALSE	FALSE	FALSE	FALSE	FALSE	moon		Chthonophyle
4798	457	949	Epsilon Deileon	Deileon	Gas giant	FALSE	FALSE	FALSE	FALSE	FALSE			Chthonophyle
4799	466	940	Jocasta	Jocasta	Sun	TRUE	TRUE	FALSE	FALSE	FALSE		Thymoetes, Deileon, Ophion	Chthonophyle
4800	466	940	Alpha Jocasta	Jocasta	Gas giant	FALSE	FALSE	FALSE	FALSE	FALSE			Chthonophyle
4801	466	940	Beta Jocasta	Jocasta	Inferno	FALSE	TRUE	FALSE	FALSE	FALSE			Chthonophyle
4802	466	940	Chi Jocasta	Jocasta	Barren rock	FALSE	FALSE	FALSE	FALSE	FALSE	moon		Chthonophyle
4803	466	940	Jocasta campus	Jocasta	Heroes Academy	FALSE	FALSE	FALSE	FALSE	FALSE			Chthonophyle
4804	466	940	Epsilon Jocasta	Jocasta	Terran planet	FALSE	FALSE	FALSE	FALSE	FALSE			Chthonophyle
4805	466	940	Zeta Jocasta	Jocasta	Alien world	FALSE	FALSE	FALSE	FALSE	FALSE			Chthonophyle
4806	462	890	Eumaeus	Eumaeus	Sun	TRUE	TRUE	FALSE	FALSE	FALSE		Mantius	Chthonophyle
4807	462	890	Alpha Eumaeus	Eumaeus	Alien world	FALSE	FALSE	FALSE	FALSE	FALSE			Chthonophyle
4808	470	891	Mantius	Mantius	Sun	TRUE	TRUE	FALSE	FALSE	FALSE		Eumaeus, Sarpedon	Chthonophyle
4809	470	891	Alpha Mantius	Mantius	Terran planet	FALSE	FALSE	FALSE	FALSE	FALSE			Chthonophyle
4810	470	891	Beta Mantius	Mantius	Gas giant	FALSE	FALSE	FALSE	FALSE	FALSE			Chthonophyle
4811	473	911	Sarpedon	Sarpedon	Sun	TRUE	TRUE	FALSE	FALSE	FALSE		Clotho,Mantius	Chthonophyle
4812	473	911	Alpha Sarpedon	Sarpedon	Gas giant	FALSE	FALSE	TRUE	FALSE	FALSE			Chthonophyle
4813	473	911	Sarpedon station	Sarpedon	Aftermarket Station	FALSE	FALSE	FALSE	FALSE	FALSE			Chthonophyle
4814	473	911	Gamma Sarpedon	Sarpedon	Alien world	FALSE	FALSE	FALSE	FALSE	FALSE			Chthonophyle
4815	473	911	Phi Sarpedon	Sarpedon	Artificial moon	FALSE	FALSE	FALSE	FALSE	FALSE	moon		Chthonophyle
4816	473	911	Upsilon Sarpedon	Sarpedon	Alien world	FALSE	FALSE	FALSE	FALSE	FALSE	moon		Chthonophyle
4817	473	911	Tau Sarpedon	Sarpedon	Alien world	FALSE	FALSE	FALSE	FALSE	FALSE	moon		Chthonophyle
4818	473	911	Sigma Sarpedon	Sarpedon	Barren rock	FALSE	FALSE	FALSE	FALSE	FALSE	moon		Chthonophyle
4819	473	911	Rho Sarpedon	Sarpedon	Alien world	FALSE	FALSE	FALSE	FALSE	FALSE	moon		Chthonophyle
4820	488	926	Ophion	Ophion	Sun	TRUE	TRUE	FALSE	FALSE	FALSE		Clotho, Jocasta, Aion	Chthonophyle
4821	488	926	Alpha Ophion	Ophion	Gas giant	FALSE	FALSE	FALSE	FALSE	FALSE			Chthonophyle
4822	488	926	Psi Ophion	Ophion	Artificial moon	FALSE	FALSE	FALSE	FALSE	FALSE	moon		Chthonophyle
4823	488	926	Chi Ophion	Ophion	Artificial moon	FALSE	FALSE	FALSE	FALSE	FALSE	moon		Chthonophyle
4824	488	926	Delta Ophion	Ophion	Gas giant	FALSE	FALSE	FALSE	FALSE	FALSE			Chthonophyle
4825	488	926	Upsilon Ophion	Ophion	Alien world	FALSE	FALSE	FALSE	FALSE	FALSE	moon		Chthonophyle
4826	488	926	Zeta Ophion	Ophion	Alien world	FALSE	FALSE	FALSE	FALSE	FALSE			Chthonophyle
4827	488	926	Eta Ophion	Ophion	Gas giant	FALSE	FALSE	FALSE	FALSE	FALSE			Chthonophyle
4828	502	952	Aion	Aion	Sun	TRUE	TRUE	FALSE	FALSE	FALSE		Ophion	Chthonophyle
4829	502	952	Alpha Aion	Aion	Alien world	FALSE	FALSE	FALSE	FALSE	FALSE			Chthonophyle
4830	502	952	Psi Aion	Aion	Artificial moon	FALSE	FALSE	FALSE	FALSE	FALSE	moon		Chthonophyle
4831	502	952	Madam Oriana	Aion	Fortune Teller	FALSE	FALSE	FALSE	FALSE	FALSE			Chthonophyle
4832	502	952	Delta Aion	Aion	Gas giant	FALSE	FALSE	FALSE	FALSE	FALSE			Chthonophyle
4833	502	952	Upsilon Aion	Aion	Alien world	FALSE	FALSE	FALSE	FALSE	FALSE	moon		Chthonophyle
4834	502	952	Tau Aion	Aion	Barren rock	FALSE	FALSE	FALSE	FALSE	FALSE	moon		Chthonophyle
4835	502	952	Sigma Aion	Aion	Alien world	FALSE	FALSE	FALSE	FALSE	FALSE	moon		Chthonophyle
4836	502	952	Aion station	Aion	Aftermarket Station	FALSE	FALSE	FALSE	FALSE	FALSE			Chthonophyle
4837	502	952	Pi Aion	Aion	Alien world	FALSE	FALSE	FALSE	FALSE	FALSE	moon		Chthonophyle
4838	549	966	Mestor	Mestor	Sun	TRUE	TRUE	FALSE	FALSE	FALSE		Satyrs	Crino
4839	549	966	Alpha Mestor	Mestor	Terran planet	FALSE	FALSE	FALSE	FALSE	FALSE			Crino
4840	549	966	Madam Selina	Mestor	Fortune Teller	FALSE	FALSE	FALSE	FALSE	FALSE			Crino
4841	543	954	Satyrs	Satyrs	Sun	TRUE	TRUE	FALSE	FALSE	FALSE		Iphimedeia, Mestor	Crino
4842	543	954	Alpha Satyrs	Satyrs	Alien world	FALSE	FALSE	FALSE	FALSE	FALSE			Crino
4843	543	954	Beta Satyrs	Satyrs	Alien world	FALSE	FALSE	FALSE	FALSE	FALSE			Crino
4844	543	954	Gamma Satyrs	Satyrs	Alien world	FALSE	FALSE	FALSE	FALSE	FALSE			Crino
4845	543	954	Delta Satyrs	Satyrs	Terran planet	FALSE	FALSE	FALSE	FALSE	FALSE			Crino
4846	543	954	Upsilon Satyrs	Satyrs	Artificial moon	FALSE	FALSE	FALSE	FALSE	FALSE	moon		Crino
4847	534	968	Iphimedeia	Iphimedeia	Sun	TRUE	TRUE	FALSE	FALSE	FALSE		Satyrs, Aeneas	Crino
4848	534	968	Alpha Iphimedeia	Iphimedeia	Alien world	FALSE	FALSE	FALSE	FALSE	FALSE			Crino
4849	534	968	Beta Iphimedeia	Iphimedeia	Alien world	FALSE	FALSE	FALSE	FALSE	FALSE			Crino
4850	534	968	Gamma Iphimedeia	Iphimedeia	Alien world	FALSE	FALSE	FALSE	FALSE	FALSE			Crino
4851	534	968	Delta Iphimedeia	Iphimedeia	Alien world	FALSE	FALSE	FALSE	FALSE	FALSE			Crino
4852	534	968	Epsilon Iphimedeia	Iphimedeia	Alien world	FALSE	FALSE	FALSE	FALSE	FALSE			Crino
4853	534	968	Tau Iphimedeia	Iphimedeia	Artificial moon	FALSE	FALSE	FALSE	FALSE	FALSE	moon		Crino
4854	529	933	Aeneas	Aeneas	Sun	TRUE	TRUE	FALSE	FALSE	FALSE		Iphimedeia, Paeon	Crino
4855	529	933	Alpha Aeneas	Aeneas	Terran planet	FALSE	FALSE	FALSE	FALSE	FALSE			Crino
4856	529	933	Beta Aeneas	Aeneas	Gas giant	FALSE	FALSE	FALSE	FALSE	FALSE			Crino
4857	529	933	Outlet 17416.30581	Aeneas	Gus's Gas	FALSE	FALSE	FALSE	FALSE	FALSE			Crino
4858	529	933	Delta Aeneas	Aeneas	Terran planet	FALSE	FALSE	FALSE	FALSE	FALSE			Crino
4859	529	933	Upsilon Aeneas	Aeneas	Alien world	FALSE	FALSE	FALSE	FALSE	FALSE	moon		Crino
4860	529	933	Zeta Aeneas	Aeneas	Alien world	FALSE	FALSE	FALSE	FALSE	FALSE			Crino
4861	529	933	Aeneas campus	Aeneas	Heroes Academy	FALSE	FALSE	FALSE	FALSE	FALSE			Crino
4862	529	933	Theta Aeneas	Aeneas	Alien world	FALSE	FALSE	TRUE	FALSE	FALSE			Crino
4863	569	958	Paeon	Paeon	Sun	TRUE	TRUE	FALSE	FALSE	FALSE		Aeneas, Alcinoe	Crino
4864	569	958	Alpha Paeon	Paeon	Gas giant	FALSE	FALSE	FALSE	FALSE	FALSE			Crino
4865	569	958	Beta Paeon	Paeon	Terran planet	FALSE	FALSE	FALSE	FALSE	FALSE			Crino
4866	569	958	Gamma Paeon	Paeon	Terran planet	FALSE	FALSE	FALSE	FALSE	FALSE			Crino
4867	569	958	Outlet 18736.31410	Paeon	Gus's Gas	FALSE	FALSE	FALSE	FALSE	FALSE			Crino
4868	569	958	Epsilon Paeon	Paeon	Gas giant	FALSE	FALSE	FALSE	FALSE	FALSE			Crino
4869	569	958	Zeta Paeon	Paeon	Terran planet	FALSE	FALSE	FALSE	FALSE	FALSE			Crino
4870	594	955	Alcinoe	Alcinoe	Sun	TRUE	TRUE	FALSE	FALSE	FALSE		Paeon	Crino
4871	594	955	Alpha Alcinoe	Alcinoe	Alien world	FALSE	FALSE	FALSE	FALSE	FALSE			Crino
4872	594	955	Beta Alcinoe	Alcinoe	Terran planet	FALSE	FALSE	FALSE	FALSE	FALSE			Crino
4873	594	955	Gamma Alcinoe	Alcinoe	Frozen wasteland	FALSE	FALSE	FALSE	TRUE	FALSE			Crino
4874	594	955	Alcinoe station	Alcinoe	Aftermarket Station	FALSE	FALSE	FALSE	FALSE	FALSE			Crino
4875	594	955	Epsilon Alcinoe	Alcinoe	Gas giant	FALSE	FALSE	FALSE	FALSE	FALSE			Crino
4876	342	803	Hyperenor	Hyperenor	Sun	TRUE	TRUE	FALSE	FALSE	FALSE		Alcyone	Apsyrtus
4877	342	803	Alpha Hyperenor	Hyperenor	Alien world	FALSE	FALSE	FALSE	FALSE	FALSE			Apsyrtus
4878	342	803	Psi Hyperenor	Hyperenor	Artificial moon	FALSE	FALSE	FALSE	FALSE	FALSE	moon		Apsyrtus
4879	342	803	Gamma Hyperenor	Hyperenor	Gas giant	FALSE	FALSE	FALSE	FALSE	FALSE			Apsyrtus
4880	342	803	Restaurant #2772	Hyperenor	Space Burger	FALSE	FALSE	FALSE	FALSE	FALSE	Droid #8F58		Apsyrtus
4881	366	861	Athena	Athena	Sun	TRUE	TRUE	FALSE	FALSE	FALSE		Nycteus	Apsyrtus
4882	366	861	Alpha Athena	Athena	Alien world	FALSE	FALSE	FALSE	FALSE	FALSE			Apsyrtus
4883	364	847	Nycteus	Nycteus	Sun	TRUE	TRUE	FALSE	FALSE	FALSE		Athena, Alcyone	Apsyrtus
4884	364	847	Alpha Nycteus	Nycteus	Alien world	FALSE	FALSE	FALSE	FALSE	FALSE			Apsyrtus
4885	364	847	Beta Nycteus	Nycteus	Alien world	FALSE	FALSE	FALSE	FALSE	FALSE			Apsyrtus
4886	364	847	Nycteus campus	Nycteus	Heroes Academy	FALSE	FALSE	FALSE	FALSE	FALSE			Apsyrtus
4887	364	847	Delta Nycteus	Nycteus	Gas giant	FALSE	FALSE	FALSE	FALSE	FALSE			Apsyrtus
4888	334	816	Alcyone	Alcyone	Sun	TRUE	TRUE	FALSE	FALSE	FALSE		Hyperenor, Nycteus, Thelxiope	Apsyrtus
4889	334	816	Alpha Alcyone	Alcyone	Alien world	FALSE	FALSE	FALSE	FALSE	FALSE			Apsyrtus
4890	334	816	Alcyone station	Alcyone	Aftermarket Station	FALSE	FALSE	FALSE	FALSE	FALSE			Apsyrtus
4891	334	816	Madam Tzigane	Alcyone	Fortune Teller	FALSE	FALSE	FALSE	FALSE	FALSE			Apsyrtus
4892	334	816	Delta Alcyone	Alcyone	Terran planet	FALSE	FALSE	FALSE	FALSE	FALSE			Apsyrtus
4893	334	816	Epsilon Alcyone	Alcyone	Alien world	FALSE	FALSE	FALSE	FALSE	FALSE			Apsyrtus
4894	334	816	Zeta Alcyone	Alcyone	Alien world	FALSE	FALSE	FALSE	FALSE	FALSE			Apsyrtus
4895	408	788	Stheno	Stheno	Sun	TRUE	TRUE	FALSE	FALSE	FALSE		Damon	Apsyrtus
4896	408	788	Alpha Stheno	Stheno	Alien world	FALSE	FALSE	FALSE	FALSE	FALSE			Apsyrtus
4897	406	798	Damon	Damon	Sun	TRUE	TRUE	FALSE	FALSE	FALSE		Thelxiope, Stheno	Apsyrtus
4898	406	798	Alpha Damon	Damon	Alien world	FALSE	FALSE	FALSE	FALSE	FALSE			Apsyrtus
4899	406	798	Psi Damon	Damon	Alien world	FALSE	FALSE	TRUE	FALSE	FALSE	moon		Apsyrtus
4900	406	798	Damon dealership	Damon	Heroware	FALSE	FALSE	FALSE	FALSE	FALSE			Apsyrtus
4901	383	795	Thelxiope	Thelxiope	Sun	TRUE	TRUE	FALSE	FALSE	FALSE		Zeus, Alcyone, Damon	Apsyrtus
4902	383	795	Alpha Thelxiope	Thelxiope	Terran planet	FALSE	FALSE	FALSE	FALSE	FALSE			Apsyrtus
4903	383	795	Beta Thelxiope	Thelxiope	Alien world	FALSE	FALSE	FALSE	FALSE	FALSE			Apsyrtus
4904	383	795	Gamma Thelxiope	Thelxiope	Alien world	FALSE	FALSE	FALSE	FALSE	FALSE			Apsyrtus
4905	383	795	Delta Thelxiope	Thelxiope	Gas giant	FALSE	FALSE	FALSE	FALSE	FALSE			Apsyrtus
4906	383	795	Thelxiope campus	Thelxiope	Heroes Academy	FALSE	FALSE	FALSE	FALSE	FALSE			Apsyrtus
4907	383	795	Zeta Thelxiope	Thelxiope	Alien world	FALSE	FALSE	FALSE	FALSE	FALSE			Apsyrtus
4908	384	783	Zeus	Zeus	Sun	TRUE	TRUE	FALSE	FALSE	FALSE		Thelxiope, Lycurgus	Apsyrtus
4909	384	783	Alpha Zeus	Zeus	Gas giant	FALSE	FALSE	FALSE	FALSE	FALSE			Apsyrtus
4910	384	783	Psi Zeus	Zeus	Artificial moon	FALSE	FALSE	FALSE	FALSE	FALSE	moon		Apsyrtus
4911	384	783	Gamma Zeus	Zeus	Alien world	FALSE	FALSE	TRUE	FALSE	FALSE			Apsyrtus
4912	384	783	Phi Zeus	Zeus	Alien world	FALSE	FALSE	FALSE	FALSE	FALSE	moon		Apsyrtus
4913	384	783	Epsilon Zeus	Zeus	Alien world	FALSE	FALSE	FALSE	FALSE	FALSE			Apsyrtus
4914	384	783	Tau Zeus	Zeus	Alien world	FALSE	FALSE	FALSE	FALSE	FALSE	moon		Apsyrtus
4915	384	783	Eta Zeus	Zeus	Frozen wasteland	FALSE	FALSE	FALSE	TRUE	FALSE			Apsyrtus
4916	363	758	Epicasta	Epicasta	Sun	TRUE	TRUE	FALSE	FALSE	FALSE		Lycurgus	Apsyrtus
4917	363	758	Alpha Epicasta	Epicasta	Alien world	FALSE	FALSE	FALSE	FALSE	FALSE			Apsyrtus
4918	363	758	Outlet 11942.24841	Epicasta	Gus's Gas	FALSE	FALSE	FALSE	FALSE	FALSE			Apsyrtus
4919	363	758	Epicasta dealership	Epicasta	Heroware	FALSE	FALSE	FALSE	FALSE	FALSE			Apsyrtus
4920	377	758	Lycurgus	Lycurgus	Sun	TRUE	TRUE	FALSE	FALSE	FALSE		Ceto, Epicasta, Zeus	Apsyrtus
4921	377	758	Alpha Lycurgus	Lycurgus	Alien world	FALSE	FALSE	FALSE	FALSE	FALSE			Apsyrtus
4922	377	758	Beta Lycurgus	Lycurgus	Gas giant	FALSE	FALSE	FALSE	FALSE	FALSE			Apsyrtus
4923	377	758	Chi Lycurgus	Lycurgus	Alien world	FALSE	FALSE	FALSE	FALSE	FALSE	moon		Apsyrtus
4924	377	758	Delta Lycurgus	Lycurgus	Terran planet	FALSE	FALSE	FALSE	FALSE	FALSE			Apsyrtus
4925	394	749	Iphitus	Iphitus	Sun	TRUE	TRUE	FALSE	FALSE	FALSE		Ceto	Apsyrtus
4926	394	749	Alpha Iphitus	Iphitus	Inferno	FALSE	TRUE	FALSE	FALSE	FALSE			Apsyrtus
4927	396	744	Ceto	Ceto	Sun	TRUE	TRUE	FALSE	FALSE	FALSE		Iphitus, Lycurgus	Apsyrtus
4928	396	744	Alpha Ceto	Ceto	Gas giant	FALSE	FALSE	FALSE	FALSE	FALSE			Apsyrtus
4929	396	744	Beta Ceto	Ceto	Alien world	FALSE	FALSE	FALSE	FALSE	FALSE			Apsyrtus
4930	343	737	Rhoeo	Rhoeo	Sun	TRUE	TRUE	FALSE	FALSE	FALSE		Gaea	Euthenia
4931	343	737	Alpha Rhoeo	Rhoeo	Inferno	FALSE	TRUE	FALSE	FALSE	FALSE			Euthenia
4932	343	737	Beta Rhoeo	Rhoeo	Alien world	FALSE	FALSE	FALSE	FALSE	FALSE			Euthenia
4933	343	737	Chi Rhoeo	Rhoeo	Alien world	FALSE	FALSE	TRUE	FALSE	FALSE	moon		Euthenia
4934	343	737	Phi Rhoeo	Rhoeo	Artificial moon	FALSE	FALSE	FALSE	FALSE	FALSE	moon		Euthenia
4935	343	737	Epsilon Rhoeo	Rhoeo	Alien world	FALSE	FALSE	FALSE	FALSE	FALSE			Euthenia
4936	343	737	Rhoeo campus	Rhoeo	Heroes Academy	FALSE	FALSE	FALSE	FALSE	FALSE			Euthenia
4937	343	737	Eta Rhoeo	Rhoeo	Terran planet	FALSE	FALSE	FALSE	FALSE	FALSE			Euthenia
4938	343	737	Rho Rhoeo	Rhoeo	Artificial moon	FALSE	FALSE	FALSE	FALSE	FALSE	moon		Euthenia
4939	343	737	Pi Rhoeo	Rhoeo	Alien world	FALSE	FALSE	FALSE	FALSE	FALSE	moon		Euthenia
4940	343	737	Restaurant #3050	Rhoeo	Space Burger	FALSE	FALSE	FALSE	FALSE	FALSE	Droid #BC44		Euthenia
4941	343	737	Xi Rhoeo	Rhoeo	Alien world	FALSE	FALSE	FALSE	FALSE	FALSE	moon		Euthenia
4942	353	726	Gaea	Gaea	Sun	TRUE	TRUE	FALSE	FALSE	FALSE		Golgos, Scamander, Melinoe, Rhoeo	Euthenia
4943	353	726	Alpha Gaea	Gaea	Alien world	FALSE	FALSE	FALSE	FALSE	FALSE			Euthenia
4944	353	726	Gaea station	Gaea	Aftermarket Station	FALSE	FALSE	FALSE	FALSE	FALSE			Euthenia
4945	353	726	Gamma Gaea	Gaea	Alien world	FALSE	FALSE	TRUE	FALSE	FALSE			Euthenia
4946	353	726	Delta Gaea	Gaea	Alien world	FALSE	FALSE	FALSE	FALSE	FALSE			Euthenia
4947	353	726	Epsilon Gaea	Gaea	Frozen wasteland	FALSE	FALSE	FALSE	TRUE	FALSE			Euthenia
4948	353	726	Zeta Gaea	Gaea	Frozen wasteland	FALSE	FALSE	FALSE	TRUE	FALSE			Euthenia
4949	343	710	Golgos	Golgos	Sun	TRUE	TRUE	FALSE	FALSE	FALSE		Gaea	Euthenia
4950	343	710	Alpha Golgos	Golgos	Alien world	FALSE	FALSE	FALSE	FALSE	FALSE			Euthenia
4951	343	710	Beta Golgos	Golgos	Terran planet	FALSE	FALSE	FALSE	FALSE	FALSE			Euthenia
4952	343	710	Gamma Golgos	Golgos	Frozen wasteland	FALSE	FALSE	FALSE	TRUE	FALSE			Euthenia
4953	343	710	Delta Golgos	Golgos	Alien world	FALSE	FALSE	FALSE	FALSE	FALSE			Euthenia
4954	353	716	Scamander	Scamander	Sun	TRUE	TRUE	FALSE	FALSE	FALSE		Gaea	Euthenia
4955	353	716	Alpha Scamander	Scamander	Terran planet	FALSE	FALSE	FALSE	FALSE	FALSE			Euthenia
4956	353	716	Beta Scamander	Scamander	Terran planet	FALSE	FALSE	FALSE	FALSE	FALSE			Euthenia
4957	353	716	Gamma Scamander	Scamander	Frozen wasteland	FALSE	FALSE	FALSE	TRUE	FALSE			Euthenia
4958	386	716	Melinoe	Melinoe	Sun	TRUE	TRUE	FALSE	FALSE	FALSE		Gaea, Daedalus	Euthenia
4959	386	716	Alpha Melinoe	Melinoe	Terran planet	FALSE	FALSE	FALSE	FALSE	FALSE			Euthenia
4960	386	716	Beta Melinoe	Melinoe	Terran planet	FALSE	FALSE	FALSE	FALSE	FALSE			Euthenia
4961	386	716	Madam Taletha	Melinoe	Fortune Teller	FALSE	FALSE	FALSE	FALSE	FALSE			Euthenia
4962	386	716	Delta Melinoe	Melinoe	Gas giant	FALSE	FALSE	FALSE	FALSE	FALSE			Euthenia
4963	386	716	Epsilon Melinoe	Melinoe	Gas giant	FALSE	FALSE	TRUE	FALSE	FALSE			Euthenia
4964	386	716	Zeta Melinoe	Melinoe	Terran planet	FALSE	FALSE	FALSE	FALSE	FALSE			Euthenia
4965	399	717	Daedalus	Daedalus	Sun	TRUE	TRUE	FALSE	FALSE	FALSE		Melinoe	Euthenia
4966	399	717	Alpha Daedalus	Daedalus	Inferno	FALSE	TRUE	FALSE	FALSE	FALSE			Euthenia
4967	399	717	Restaurant #5974	Daedalus	Space Burger	FALSE	FALSE	FALSE	FALSE	FALSE			Euthenia
4968	399	717	Gamma Daedalus	Daedalus	Terran planet	FALSE	FALSE	FALSE	FALSE	FALSE			Euthenia
4969	399	717	Delta Daedalus	Daedalus	Gas giant	FALSE	FALSE	FALSE	FALSE	FALSE			Euthenia
4970	428	648	Zephyrus	Zephyrus	Sun	TRUE	TRUE	FALSE	FALSE	FALSE		Phoenix	Lupe
4971	428	648	Alpha Zephyrus	Zephyrus	Alien world	FALSE	FALSE	FALSE	FALSE	FALSE			Lupe
4972	428	648	Zephyrus campus	Zephyrus	Heroes Academy	FALSE	FALSE	FALSE	FALSE	FALSE	Galactic Party 2024 location		Lupe
4973	428	648	Gamma Zephyrus	Zephyrus	Alien world	FALSE	FALSE	FALSE	FALSE	FALSE			Lupe
4974	428	648	Lesa	Zephyrus	Asteroid belt	FALSE	FALSE	FALSE	TRUE	FALSE			Lupe
4975	350	650	Apemosyne	Apemosyne	Sun	TRUE	TRUE	FALSE	FALSE	FALSE		Argeus	Lupe
4976	350	650	Obuma	Apemosyne	Asteroid belt	FALSE	TRUE	FALSE	FALSE	FALSE			Lupe
4977	350	650	Beta Apemosyne	Apemosyne	Alien world	FALSE	FALSE	FALSE	FALSE	FALSE			Lupe
4978	419	652	Phoenix	Phoenix	Sun	TRUE	TRUE	FALSE	FALSE	FALSE		Zephyrus, Aegimius	Lupe
4979	419	652	Alpha Phoenix	Phoenix	Alien world	FALSE	FALSE	TRUE	FALSE	FALSE			Lupe
4980	419	652	Psi Phoenix	Phoenix	Alien world	FALSE	FALSE	FALSE	FALSE	FALSE	moon		Lupe
4981	419	652	Gamma Phoenix	Phoenix	Alien world	FALSE	FALSE	FALSE	FALSE	FALSE			Lupe
4982	419	652	Delta Phoenix	Phoenix	Terran planet	FALSE	FALSE	FALSE	FALSE	FALSE			Lupe
4983	419	652	Upsilon Phoenix	Phoenix	Barren rock	FALSE	FALSE	FALSE	FALSE	FALSE	moon		Lupe
4984	419	652	Restaurant #6715	Phoenix	Space Burger	FALSE	FALSE	FALSE	FALSE	FALSE			Lupe
4985	419	652	Sigma Phoenix	Phoenix	Alien world	FALSE	FALSE	FALSE	FALSE	FALSE	moon		Lupe
4986	396	682	Argeus	Argeus	Sun	TRUE	TRUE	FALSE	FALSE	FALSE		Apemosyne, Dymas	Lupe
4987	396	682	Alpha Argeus	Argeus	Inferno	FALSE	TRUE	FALSE	FALSE	FALSE			Lupe
4988	396	682	Beta Argeus	Argeus	Alien world	FALSE	FALSE	FALSE	FALSE	FALSE			Lupe
4989	402	686	Dymas	Dymas	Sun	TRUE	TRUE	FALSE	FALSE	FALSE		Argeus, Aspalis	Lupe
4990	402	686	Alpha Dymas	Dymas	Inferno	FALSE	TRUE	FALSE	FALSE	FALSE			Lupe
4991	402	686	Beta Dymas	Dymas	Terran planet	FALSE	FALSE	FALSE	FALSE	FALSE			Lupe
4992	402	686	Gamma Dymas	Dymas	Gas giant	FALSE	FALSE	FALSE	FALSE	FALSE			Lupe
4993	402	686	Phi Dymas	Dymas	Artificial moon	FALSE	FALSE	FALSE	FALSE	FALSE	moon		Lupe
4994	402	686	Upsilon Dymas	Dymas	Artificial moon	FALSE	FALSE	FALSE	FALSE	FALSE	moon		Lupe
4995	402	686	Zeta Dymas	Dymas	Terran planet	FALSE	FALSE	FALSE	FALSE	FALSE			Lupe
4996	402	686	Eta Dymas	Dymas	Alien world	FALSE	FALSE	FALSE	FALSE	FALSE			Lupe
4997	410	691	Aspalis	Aspalis	Sun	TRUE	TRUE	FALSE	FALSE	FALSE		Dymas, Aegimius	Lupe
4998	410	691	Alpha Aspalis	Aspalis	Alien world	FALSE	FALSE	FALSE	FALSE	FALSE			Lupe
4999	410	691	Beta Aspalis	Aspalis	Gas giant	FALSE	FALSE	TRUE	FALSE	FALSE			Lupe
5000	410	691	Aspalis station	Aspalis	Aftermarket Station	FALSE	FALSE	FALSE	FALSE	FALSE			Lupe
5001	410	691	Delta Aspalis	Aspalis	Alien world	FALSE	FALSE	FALSE	FALSE	FALSE			Lupe
5002	410	691	Epsilon Aspalis	Aspalis	Alien world	FALSE	FALSE	FALSE	FALSE	FALSE			Lupe
5003	410	691	Zeta Aspalis	Aspalis	Gas giant	FALSE	FALSE	FALSE	FALSE	FALSE			Lupe
5004	420	689	Aegimius	Aegimius	Sun	TRUE	TRUE	FALSE	FALSE	FALSE		Aspalis, Atropos, Phoenix	Lupe
5005	420	689	Alpha Aegimius	Aegimius	Terran planet	FALSE	FALSE	FALSE	FALSE	FALSE			Lupe
5006	420	689	Beta Aegimius	Aegimius	Gas giant	FALSE	FALSE	FALSE	FALSE	FALSE			Lupe
5007	420	689	Gamma Aegimius	Aegimius	Gas giant	FALSE	FALSE	FALSE	FALSE	FALSE			Lupe
5008	420	689	Delta Aegimius	Aegimius	Alien world	FALSE	FALSE	FALSE	FALSE	FALSE			Lupe
5009	420	689	Upsilon Aegimius	Aegimius	Alien world	FALSE	FALSE	FALSE	FALSE	FALSE	moon		Lupe
5010	420	689	Zeta Aegimius	Aegimius	Gas giant	FALSE	FALSE	FALSE	FALSE	FALSE			Lupe
5011	457	688	Achos	Achos	Sun	TRUE	TRUE	FALSE	FALSE	FALSE		Atropos	Lupe
5012	457	688	Alpha Achos	Achos	Gas giant	FALSE	FALSE	FALSE	FALSE	FALSE			Lupe
5013	457	688	Psi Achos	Achos	Alien world	FALSE	FALSE	FALSE	FALSE	FALSE	moon		Lupe
5014	457	688	Chi Achos	Achos	Barren rock	FALSE	FALSE	FALSE	FALSE	FALSE	moon		Lupe
5015	457	688	Phi Achos	Achos	Barren rock	FALSE	FALSE	FALSE	FALSE	FALSE	moon		Lupe
5016	457	688	Upsilon Achos	Achos	Artificial moon	FALSE	FALSE	FALSE	FALSE	FALSE	moon		Lupe
5017	429	689	Atropos	Atropos	Sun	TRUE	TRUE	FALSE	FALSE	FALSE		Aegimius, Achos, Eris	Lupe
5018	429	689	Alpha Atropos	Atropos	Gas giant	FALSE	FALSE	FALSE	FALSE	FALSE			Lupe
5019	429	689	Psi Atropos	Atropos	Barren rock	FALSE	FALSE	FALSE	FALSE	FALSE	moon		Lupe
5020	429	689	Gamma Atropos	Atropos	Terran planet	FALSE	FALSE	FALSE	FALSE	FALSE			Lupe
5021	429	689	Delta Atropos	Atropos	Alien world	FALSE	FALSE	TRUE	FALSE	FALSE			Lupe
5022	430	709	Eris	Eris	Sun	TRUE	TRUE	FALSE	FALSE	FALSE		Danaus, Atropos	Lupe
5023	430	709	Alpha Eris	Eris	Alien world	FALSE	FALSE	FALSE	FALSE	FALSE			Lupe
5024	430	709	Beta Eris	Eris	Alien world	FALSE	FALSE	FALSE	FALSE	FALSE			Lupe
5025	435	710	Danaus	Danaus	Sun	TRUE	TRUE	FALSE	FALSE	FALSE		Eris, Phialo	Lupe
5026	435	710	Alpha Danaus	Danaus	Alien world	FALSE	FALSE	FALSE	FALSE	FALSE			Lupe
5027	435	710	Beta Danaus	Danaus	Terran planet	FALSE	FALSE	FALSE	FALSE	FALSE			Lupe
5028	444	704	Phialo	Phialo	Sun	TRUE	TRUE	FALSE	FALSE	FALSE		Danaus	Lupe
5029	444	704	Alpha Phialo	Phialo	Terran planet	FALSE	FALSE	FALSE	FALSE	FALSE			Lupe
5030	444	704	Restaurant #5222	Phialo	Space Burger	FALSE	FALSE	FALSE	FALSE	FALSE			Lupe
5031	444	704	Chi Phialo	Phialo	Alien world	FALSE	FALSE	FALSE	FALSE	FALSE	moon		Lupe
5032	463	729	Sostratus	Sostratus	Sun	TRUE	TRUE	FALSE	FALSE	FALSE		Sparta, Cacus, Himeros	Pygmalion
5033	463	729	Alpha Sostratus	Sostratus	Inferno	FALSE	TRUE	TRUE	FALSE	FALSE			Pygmalion
5034	463	729	Psi Sostratus	Sostratus	Artificial moon	FALSE	FALSE	FALSE	FALSE	FALSE	moon		Pygmalion
5035	463	729	Gamma Sostratus	Sostratus	Gas giant	FALSE	FALSE	TRUE	FALSE	FALSE			Pygmalion
5036	463	729	Sostratus station	Sostratus	Aftermarket Station	FALSE	FALSE	FALSE	FALSE	FALSE			Pygmalion
5037	463	729	Epsilon Sostratus	Sostratus	Alien world	FALSE	FALSE	FALSE	FALSE	FALSE			Pygmalion
5038	463	729	Outlet 15314.23905	Sostratus	Gus's Gas	FALSE	FALSE	FALSE	FALSE	FALSE			Pygmalion
5039	463	729	Eta Sostratus	Sostratus	Gas giant	FALSE	FALSE	FALSE	FALSE	FALSE			Pygmalion
5040	463	729	Rho Sostratus	Sostratus	Artificial moon	FALSE	FALSE	FALSE	FALSE	FALSE	moon		Pygmalion
5041	463	729	Iota Sostratus	Sostratus	Frozen wasteland	FALSE	FALSE	FALSE	TRUE	FALSE			Pygmalion
5042	463	729	Omicron Sostratus	Sostratus	Barren rock	FALSE	FALSE	FALSE	FALSE	FALSE	moon		Pygmalion
5043	463	729	Xi Sostratus	Sostratus	Barren rock	FALSE	FALSE	FALSE	FALSE	FALSE	moon		Pygmalion
5044	424	780	Hera	Hera	Sun	TRUE	TRUE	FALSE	FALSE	FALSE		Hermippe	Pygmalion
5045	424	780	Alpha Hera	Hera	Alien world	FALSE	FALSE	FALSE	FALSE	FALSE			Pygmalion
5046	424	780	Nyamwezi	Hera	Asteroid belt	FALSE	FALSE	FALSE	FALSE	FALSE			Pygmalion
5047	424	780	Outlet 13692.25559	Hera	Gus's Gas	FALSE	FALSE	FALSE	FALSE	FALSE			Pygmalion
5048	424	780	Delta Hera	Hera	Gas giant	FALSE	FALSE	FALSE	FALSE	FALSE			Pygmalion
5049	469	768	Alastor	Alastor	Sun	TRUE	TRUE	FALSE	FALSE	FALSE		Chromia	Pygmalion
5050	469	768	Alpha Alastor	Alastor	Alien world	FALSE	FALSE	FALSE	FALSE	FALSE			Pygmalion
5051	469	768	Beta Alastor	Alastor	Alien world	FALSE	FALSE	FALSE	FALSE	FALSE			Pygmalion
5052	469	768	Chi Alastor	Alastor	Alien world	FALSE	FALSE	FALSE	FALSE	FALSE	moon		Pygmalion
5053	469	768	Phi Alastor	Alastor	Artificial moon	FALSE	FALSE	FALSE	FALSE	FALSE	moon		Pygmalion
5054	469	768	Epsilon Alastor	Alastor	Alien world	FALSE	FALSE	FALSE	FALSE	FALSE			Pygmalion
5055	469	768	Zeta Alastor	Alastor	Terran planet	FALSE	FALSE	FALSE	FALSE	FALSE			Pygmalion
5056	550	834	Philomelus	Philomelus	Sun	TRUE	TRUE	FALSE	FALSE	FALSE		Telephus	Pygmalion
5057	550	834	Alpha Philomelus	Philomelus	Terran planet	FALSE	FALSE	FALSE	FALSE	FALSE			Pygmalion
5058	550	834	Isamba	Philomelus	Asteroid belt	FALSE	FALSE	FALSE	FALSE	FALSE			Pygmalion
5059	550	834	Gamma Philomelus	Philomelus	Terran planet	FALSE	FALSE	FALSE	FALSE	FALSE			Pygmalion
5060	550	834	Delta Philomelus	Philomelus	Alien world	FALSE	FALSE	FALSE	FALSE	FALSE			Pygmalion
5061	437	729	Sparta	Sparta	Sun	TRUE	TRUE	FALSE	FALSE	FALSE		Sostratus	Pygmalion
5062	437	729	Alpha Sparta	Sparta	Terran planet	FALSE	FALSE	FALSE	FALSE	FALSE			Pygmalion
5063	437	729	Beta Sparta	Sparta	Terran planet	FALSE	FALSE	FALSE	FALSE	FALSE			Pygmalion
5064	437	729	Gamma Sparta	Sparta	Gas giant	FALSE	FALSE	FALSE	FALSE	FALSE			Pygmalion
5065	437	729	Phi Sparta	Sparta	Artificial moon	FALSE	FALSE	FALSE	FALSE	FALSE	moon		Pygmalion
5066	437	729	Upsilon Sparta	Sparta	Barren rock	FALSE	FALSE	FALSE	FALSE	FALSE	moon		Pygmalion
5067	438	751	Alkon	Alkon	Sun	TRUE	TRUE	FALSE	FALSE	FALSE		Phrike	Pygmalion
5068	438	751	Alpha Alkon	Alkon	Alien world	FALSE	FALSE	FALSE	FALSE	FALSE			Pygmalion
5069	438	751	Alkon dealership	Alkon	Heroware	FALSE	FALSE	FALSE	FALSE	FALSE			Pygmalion
5070	439	745	Phrike	Phrike	Sun	TRUE	TRUE	FALSE	FALSE	FALSE		Alkon, Cacus	Pygmalion
5071	439	745	Alpha Phrike	Phrike	Alien world	FALSE	FALSE	FALSE	FALSE	FALSE			Pygmalion
5072	439	745	Beta Phrike	Phrike	Alien world	FALSE	FALSE	FALSE	FALSE	FALSE			Pygmalion
5073	453	746	Cacus	Cacus	Sun	TRUE	TRUE	FALSE	FALSE	FALSE		Phrike, Sostratus	Pygmalion
5074	453	746	Alpha Cacus	Cacus	Gas giant	FALSE	FALSE	FALSE	FALSE	FALSE			Pygmalion
5075	453	746	Psi Cacus	Cacus	Artificial moon	FALSE	FALSE	FALSE	FALSE	FALSE	moon		Pygmalion
5076	453	746	Cacus campus	Cacus	Heroes Academy	FALSE	FALSE	FALSE	FALSE	FALSE			Pygmalion
5077	453	746	Delta Cacus	Cacus	Gas giant	FALSE	FALSE	FALSE	FALSE	FALSE			Pygmalion
5078	453	746	Upsilon Cacus	Cacus	Alien world	FALSE	FALSE	FALSE	FALSE	FALSE	moon		Pygmalion
5079	453	746	Tau Cacus	Cacus	Alien world	FALSE	FALSE	FALSE	FALSE	FALSE	moon		Pygmalion
5080	453	746	Sigma Cacus	Cacus	Alien world	FALSE	FALSE	FALSE	FALSE	FALSE	moon		Pygmalion
5081	485	727	Copreus	Copreus	Sun	TRUE	TRUE	FALSE	FALSE	FALSE		Himeros	Pygmalion
5082	485	727	Alpha Copreus	Copreus	Gas giant	FALSE	FALSE	FALSE	FALSE	FALSE			Pygmalion
5083	485	727	Beta Copreus	Copreus	Alien world	FALSE	FALSE	FALSE	FALSE	FALSE			Pygmalion
5084	485	727	Gamma Copreus	Copreus	Alien world	FALSE	FALSE	FALSE	FALSE	FALSE			Pygmalion
5085	485	727	Phi Copreus	Copreus	Artificial moon	FALSE	FALSE	FALSE	FALSE	FALSE	moon		Pygmalion
5086	485	727	Epsilon Copreus	Copreus	Alien world	FALSE	FALSE	FALSE	FALSE	FALSE			Pygmalion
5087	475	744	Anticlus	Anticlus	Sun	TRUE	TRUE	FALSE	FALSE	FALSE		Himeros	Pygmalion
5088	475	744	Alpha Anticlus	Anticlus	Alien world	FALSE	FALSE	FALSE	FALSE	FALSE			Pygmalion
5089	475	744	Psi Anticlus	Anticlus	Artificial moon	FALSE	FALSE	FALSE	FALSE	FALSE	moon		Pygmalion
5090	475	744	Gamma Anticlus	Anticlus	Alien world	FALSE	FALSE	FALSE	FALSE	FALSE			Pygmalion
5091	475	744	Delta Anticlus	Anticlus	Alien world	FALSE	FALSE	FALSE	FALSE	FALSE			Pygmalion
5092	475	744	Epsilon Anticlus	Anticlus	Frozen wasteland	FALSE	FALSE	FALSE	TRUE	FALSE			Pygmalion
5093	491	738	Himeros	Himeros	Sun	TRUE	TRUE	FALSE	FALSE	FALSE		Anticlus, Odysseus, Copreus, Sostratus	Pygmalion
5094	491	738	Alpha Himeros	Himeros	Alien world	FALSE	FALSE	FALSE	FALSE	FALSE			Pygmalion
5095	491	738	Madam Zigana	Himeros	Fortune Teller	FALSE	FALSE	FALSE	FALSE	FALSE			Pygmalion
5096	491	738	Chi Himeros	Himeros	Artificial moon	FALSE	FALSE	FALSE	FALSE	FALSE	moon		Pygmalion
5097	491	738	Delta Himeros	Himeros	Alien world	FALSE	FALSE	FALSE	FALSE	FALSE			Pygmalion
5098	491	738	Epsilon Himeros	Himeros	Alien world	FALSE	FALSE	TRUE	FALSE	FALSE			Pygmalion
5099	491	738	Tau Himeros	Himeros	Artificial moon	FALSE	FALSE	FALSE	FALSE	FALSE	moon		Pygmalion
5100	491	738	Eta Himeros	Himeros	Alien world	FALSE	FALSE	FALSE	FALSE	FALSE			Pygmalion
5101	491	738	Theta Himeros	Himeros	Alien world	FALSE	FALSE	FALSE	FALSE	FALSE			Pygmalion
5102	516	794	Telephus	Telephus	Sun	TRUE	TRUE	FALSE	FALSE	FALSE		Odysseus, Philomelus	Pygmalion
5103	516	794	Alpha Telephus	Telephus	Inferno	FALSE	TRUE	FALSE	FALSE	FALSE			Pygmalion
5104	516	794	Beta Telephus	Telephus	Gas giant	FALSE	FALSE	FALSE	FALSE	FALSE			Pygmalion
5105	516	794	Gamma Telephus	Telephus	Gas giant	FALSE	FALSE	FALSE	FALSE	FALSE			Pygmalion
5106	417	740	Alope	Alope	Sun	TRUE	TRUE	FALSE	FALSE	FALSE		Epeius	Pygmalion
5107	417	740	Alpha Alope	Alope	Terran planet	FALSE	FALSE	FALSE	FALSE	FALSE			Pygmalion
5108	417	740	Beta Alope	Alope	Terran planet	FALSE	FALSE	FALSE	FALSE	FALSE			Pygmalion
5109	417	740	Chi Alope	Alope	Alien world	FALSE	FALSE	FALSE	FALSE	FALSE	moon		Pygmalion
5110	419	750	Epeius	Epeius	Sun	TRUE	TRUE	FALSE	FALSE	FALSE		Alope, Hermippe	Pygmalion
5111	419	750	Alpha Epeius	Epeius	Inferno	FALSE	TRUE	TRUE	FALSE	FALSE			Pygmalion
5112	419	750	Psi Epeius	Epeius	Artificial moon	FALSE	FALSE	FALSE	FALSE	FALSE	moon		Pygmalion
5113	419	750	Chi Epeius	Epeius	Alien world	FALSE	FALSE	FALSE	FALSE	FALSE	moon		Pygmalion
5114	419	750	Phi Epeius	Epeius	Alien world	FALSE	FALSE	FALSE	FALSE	FALSE	moon		Pygmalion
5115	419	750	Epsilon Epeius	Epeius	Terran planet	FALSE	FALSE	FALSE	FALSE	FALSE			Pygmalion
5116	419	750	Zeta Epeius	Epeius	Alien world	FALSE	FALSE	FALSE	FALSE	FALSE			Pygmalion
5117	438	768	Hermippe	Hermippe	Sun	TRUE	TRUE	FALSE	FALSE	FALSE		Epeius, Hera, Chromia	Pygmalion
5118	438	768	Alpha Hermippe	Hermippe	Alien world	FALSE	FALSE	FALSE	FALSE	FALSE			Pygmalion
5119	438	768	Beta Hermippe	Hermippe	Alien world	FALSE	FALSE	FALSE	FALSE	FALSE			Pygmalion
5120	438	768	Gamma Hermippe	Hermippe	Alien world	FALSE	FALSE	TRUE	FALSE	FALSE			Pygmalion
5121	457	780	Chromia	Chromia	Sun	TRUE	TRUE	FALSE	FALSE	FALSE		Hermippe, Alastor, Odysseus	Pygmalion
5122	457	780	Alpha Chromia	Chromia	Alien world	FALSE	FALSE	FALSE	FALSE	FALSE			Pygmalion
5123	457	780	Beta Chromia	Chromia	Terran planet	FALSE	FALSE	FALSE	FALSE	FALSE			Pygmalion
5124	457	780	Gamma Chromia	Chromia	Gas giant	FALSE	FALSE	FALSE	FALSE	FALSE			Pygmalion
5125	457	780	Delta Chromia	Chromia	Alien world	FALSE	FALSE	FALSE	FALSE	FALSE			Pygmalion
5126	493	783	Odysseus	Odysseus	Sun	TRUE	TRUE	FALSE	FALSE	FALSE		Chromia, Himeros, Telephus	Pygmalion
5127	493	783	Alpha Odysseus	Odysseus	Gas giant	FALSE	FALSE	FALSE	FALSE	FALSE			Pygmalion
5128	493	783	Beta Odysseus	Odysseus	Gas giant	FALSE	FALSE	FALSE	FALSE	FALSE			Pygmalion
5129	493	783	Gamma Odysseus	Odysseus	Gas giant	FALSE	FALSE	FALSE	FALSE	FALSE			Pygmalion
5130	493	783	Phi Odysseus	Odysseus	Alien world	FALSE	FALSE	FALSE	FALSE	FALSE	moon		Pygmalion
5131	493	783	Epsilon Odysseus	Odysseus	Frozen wasteland	FALSE	FALSE	FALSE	TRUE	FALSE			Pygmalion
5132	493	783	Zeta Odysseus	Odysseus	Terran planet	FALSE	FALSE	FALSE	FALSE	FALSE			Pygmalion
5133	493	783	Restaurant #9197	Odysseus	Space Burger	FALSE	FALSE	FALSE	FALSE	FALSE			Pygmalion
5134	445	833	Arcesilaus	Arcesilaus	Sun	TRUE	TRUE	FALSE	FALSE	FALSE		Deianeira, Perigune, Staphylus, Cestrimus	Erebos
5135	445	833	Alpha Arcesilaus	Arcesilaus	Alien world	FALSE	FALSE	FALSE	FALSE	FALSE			Erebos
5136	445	833	Beta Arcesilaus	Arcesilaus	Terran planet	FALSE	FALSE	FALSE	FALSE	FALSE			Erebos
5137	445	833	Juck Shilluck	Arcesilaus	Asteroid belt	FALSE	FALSE	FALSE	FALSE	FALSE			Erebos
5138	445	833	Delta Arcesilaus	Arcesilaus	Alien world	FALSE	FALSE	FALSE	FALSE	FALSE			Erebos
5139	445	833	Epsilon Arcesilaus	Arcesilaus	Alien world	FALSE	FALSE	TRUE	FALSE	FALSE			Erebos
5140	445	833	Zeta Arcesilaus	Arcesilaus	Terran planet	FALSE	FALSE	FALSE	FALSE	FALSE			Erebos
5141	478	810	Anax	Anax	Sun	TRUE	TRUE	FALSE	FALSE	FALSE		Staphylus	Erebos
5142	478	810	Alpha Anax	Anax	Alien world	FALSE	FALSE	FALSE	FALSE	FALSE			Erebos
5143	478	810	Beta Anax	Anax	Alien world	FALSE	FALSE	FALSE	FALSE	FALSE			Erebos
5144	478	810	Outlet 15734.26567	Anax	Gus's Gas	FALSE	FALSE	FALSE	FALSE	FALSE			Erebos
5145	461	818	Staphylus	Staphylus	Sun	TRUE	TRUE	FALSE	FALSE	FALSE		Arcesilaus, Anax	Erebos
5146	461	818	Alpha Staphylus	Staphylus	Terran planet	FALSE	FALSE	FALSE	FALSE	FALSE			Erebos
5147	461	818	Beta Staphylus	Staphylus	Gas giant	FALSE	FALSE	FALSE	FALSE	FALSE			Erebos
5148	461	818	Madam Celestine	Staphylus	Fortune Teller	FALSE	FALSE	FALSE	FALSE	FALSE			Erebos
5149	461	818	Delta Staphylus	Staphylus	Gas giant	FALSE	FALSE	FALSE	FALSE	FALSE			Erebos
5150	461	818	Epsilon Staphylus	Staphylus	Terran planet	FALSE	FALSE	FALSE	FALSE	FALSE			Erebos
5151	429	812	Cestrimus	Cestrimus	Sun	TRUE	TRUE	FALSE	FALSE	FALSE		Arcesilaus	Erebos
5152	429	812	Alpha Cestrimus	Cestrimus	Alien world	FALSE	FALSE	FALSE	FALSE	FALSE			Erebos
5153	429	812	Restaurant #411	Cestrimus	Space Burger	FALSE	FALSE	FALSE	FALSE	FALSE			Erebos
5154	429	812	Gamma Cestrimus	Cestrimus	Alien world	FALSE	FALSE	FALSE	FALSE	FALSE			Erebos
5155	429	812	Delta Cestrimus	Cestrimus	Terran planet	FALSE	FALSE	FALSE	FALSE	FALSE			Erebos
5156	429	812	Epsilon Cestrimus	Cestrimus	Terran planet	FALSE	FALSE	FALSE	FALSE	FALSE			Erebos
5157	419	854	Horkos	Horkos	Sun	TRUE	TRUE	FALSE	FALSE	FALSE		Deianeira	Erebos
5158	419	854	Alpha Horkos	Horkos	Alien world	FALSE	FALSE	FALSE	FALSE	FALSE			Erebos
5159	419	854	Horkos dealership	Horkos	Heroware	FALSE	FALSE	FALSE	FALSE	FALSE			Erebos
5160	419	854	Gamma Horkos	Horkos	Alien world	FALSE	FALSE	FALSE	FALSE	FALSE			Erebos
5161	419	854	Phi Horkos	Horkos	Artificial moon	FALSE	FALSE	FALSE	FALSE	FALSE	moon		Erebos
5162	436	857	Dirce	Dirce	Sun	TRUE	TRUE	FALSE	FALSE	FALSE		Deianeira	Erebos
5163	436	857	Alpha Dirce	Dirce	Alien world	FALSE	FALSE	FALSE	FALSE	FALSE			Erebos
5164	436	857	Madam Zenobia	Dirce	Fortune Teller	FALSE	FALSE	FALSE	FALSE	FALSE			Erebos
5165	436	857	Chi Dirce	Dirce	Barren rock	FALSE	FALSE	FALSE	FALSE	FALSE	moon		Erebos
5166	439	849	Deianeira	Deianeira	Sun	TRUE	TRUE	FALSE	FALSE	FALSE		Dirce, Horkos, Arcesilaus	Erebos
5167	439	849	Alpha Deianeira	Deianeira	Alien world	FALSE	FALSE	FALSE	FALSE	FALSE			Erebos
5168	439	849	Psi Deianeira	Deianeira	Alien world	FALSE	FALSE	FALSE	FALSE	FALSE	moon		Erebos
5169	439	849	Gamma Deianeira	Deianeira	Terran planet	FALSE	FALSE	FALSE	FALSE	FALSE			Erebos
5170	439	849	Delta Deianeira	Deianeira	Alien world	FALSE	FALSE	FALSE	FALSE	FALSE			Erebos
5171	458	839	Perigune	Perigune	Sun	TRUE	TRUE	FALSE	FALSE	FALSE		Arcesilaus	Erebos
5172	458	839	Alpha Perigune	Perigune	Alien world	FALSE	FALSE	FALSE	FALSE	FALSE			Erebos
5173	458	839	Perigune dealership	Perigune	Heroware	FALSE	FALSE	FALSE	FALSE	FALSE			Erebos
5174	458	839	Gamma Perigune	Perigune	Inferno	FALSE	TRUE	FALSE	FALSE	FALSE			Erebos
5175	458	839	Delta Perigune	Perigune	Frozen wasteland	FALSE	FALSE	FALSE	TRUE	FALSE			Erebos
5176	502	828	Enarete	Enarete	Sun	TRUE	TRUE	FALSE	FALSE	FALSE		Xanthippe, Solymus, Eurypyle	Polybus
5177	502	828	Alpha Enarete	Enarete	Inferno	FALSE	TRUE	FALSE	FALSE	FALSE			Polybus
5178	502	828	Beta Enarete	Enarete	Alien world	FALSE	FALSE	FALSE	FALSE	FALSE			Polybus
5179	502	828	Gamma Enarete	Enarete	Gas giant	FALSE	FALSE	FALSE	FALSE	FALSE			Polybus
5180	502	828	Restaurant #4699	Enarete	Space Burger	FALSE	FALSE	FALSE	FALSE	FALSE	Droid #6B45		Polybus
5181	496	874	Periboea	Periboea	Sun	TRUE	TRUE	FALSE	FALSE	FALSE		Pallene, Solymus	Polybus
5182	496	874	Alpha Periboea	Periboea	Alien world	FALSE	FALSE	FALSE	FALSE	FALSE			Polybus
5183	496	874	Beta Periboea	Periboea	Alien world	FALSE	FALSE	FALSE	FALSE	FALSE			Polybus
5184	496	874	Gamma Periboea	Periboea	Alien world	FALSE	FALSE	FALSE	FALSE	FALSE			Polybus
5185	496	874	Restaurant #7027	Periboea	Space Burger	FALSE	FALSE	FALSE	FALSE	FALSE	Droid #DBE2		Polybus
5186	496	874	Epsilon Periboea	Periboea	Gas giant	FALSE	FALSE	FALSE	FALSE	FALSE			Polybus
5187	504	809	Eurypyle	Eurypyle	Sun	TRUE	TRUE	FALSE	FALSE	FALSE		Enarete	Polybus
5188	504	809	Alpha Eurypyle	Eurypyle	Gas giant	FALSE	FALSE	FALSE	FALSE	FALSE			Polybus
5189	468	831	Leucon	Leucon	Sun	TRUE	TRUE	FALSE	FALSE	FALSE		Ourea	Polybus
5190	468	831	Alpha Leucon	Leucon	Gas giant	FALSE	FALSE	FALSE	FALSE	FALSE			Polybus
5191	468	831	Psi Leucon	Leucon	Artificial moon	FALSE	FALSE	FALSE	FALSE	FALSE	moon		Polybus
5192	468	831	Chi Leucon	Leucon	Barren rock	FALSE	FALSE	FALSE	FALSE	FALSE	moon		Polybus
5193	478	833	Ourea	Ourea	Sun	TRUE	TRUE	FALSE	FALSE	FALSE		Leucon, Pyramus	Polybus
5194	478	833	Alpha Ourea	Ourea	Terran planet	FALSE	FALSE	FALSE	FALSE	FALSE			Polybus
5195	478	833	Beta Ourea	Ourea	Alien world	FALSE	FALSE	FALSE	FALSE	FALSE			Polybus
5196	472	848	Pyramus	Pyramus	Sun	TRUE	TRUE	FALSE	FALSE	FALSE		Pallene, Ourea	Polybus
5197	472	848	Alpha Pyramus	Pyramus	Alien world	FALSE	FALSE	FALSE	FALSE	FALSE			Polybus
5198	472	848	Beta Pyramus	Pyramus	Alien world	FALSE	FALSE	FALSE	FALSE	FALSE			Polybus
5199	472	848	Chi Pyramus	Pyramus	Barren rock	FALSE	FALSE	FALSE	FALSE	FALSE	moon		Polybus
5200	472	848	Delta Pyramus	Pyramus	Terran planet	FALSE	FALSE	FALSE	FALSE	FALSE			Polybus
5201	472	848	Upsilon Pyramus	Pyramus	Barren rock	FALSE	FALSE	FALSE	FALSE	FALSE	moon		Polybus
5202	462	856	Chthonia	Chthonia	Sun	TRUE	TRUE	FALSE	FALSE	FALSE		Pallene	Polybus
5203	462	856	Alpha Chthonia	Chthonia	Gas giant	FALSE	FALSE	FALSE	FALSE	FALSE			Polybus
5204	462	856	Chthonia station	Chthonia	Aftermarket Station	FALSE	FALSE	FALSE	FALSE	FALSE			Polybus
5205	462	856	Gamma Chthonia	Chthonia	Alien world	FALSE	FALSE	FALSE	FALSE	FALSE			Polybus
5206	462	856	Outlet 15217.28069	Chthonia	Gus's Gas	FALSE	FALSE	FALSE	FALSE	FALSE			Polybus
5207	473	863	Pallene	Pallene	Sun	TRUE	TRUE	FALSE	FALSE	FALSE		Chthonia, Pyramus, Periboea	Polybus
5208	473	863	Alpha Pallene	Pallene	Alien world	FALSE	FALSE	FALSE	FALSE	FALSE			Polybus
5209	473	863	Psi Pallene	Pallene	Barren rock	FALSE	FALSE	FALSE	FALSE	FALSE	moon		Polybus
5210	473	863	Chi Pallene	Pallene	Barren rock	FALSE	FALSE	FALSE	FALSE	FALSE	moon		Polybus
5211	473	863	Phi Pallene	Pallene	Alien world	FALSE	FALSE	FALSE	FALSE	FALSE	moon		Polybus
5212	473	863	Epsilon Pallene	Pallene	Alien world	FALSE	FALSE	FALSE	FALSE	FALSE			Polybus
5213	473	863	Zeta Pallene	Pallene	Gas giant	FALSE	FALSE	FALSE	FALSE	FALSE			Polybus
5214	473	863	Sigma Pallene	Pallene	Artificial moon	FALSE	FALSE	FALSE	FALSE	FALSE	moon		Polybus
5215	473	863	Theta Pallene	Pallene	Terran planet	FALSE	FALSE	FALSE	FALSE	FALSE			Polybus
5216	473	863	Pi Pallene	Pallene	Alien world	FALSE	FALSE	FALSE	FALSE	FALSE	moon		Polybus
5217	473	863	Omicron Pallene	Pallene	Barren rock	FALSE	FALSE	FALSE	FALSE	FALSE	moon		Polybus
5218	473	863	Lambda Pallene	Pallene	Alien world	FALSE	FALSE	FALSE	FALSE	FALSE			Polybus
5219	473	863	Nu Pallene	Pallene	Artificial moon	FALSE	FALSE	FALSE	FALSE	FALSE	moon		Polybus
5220	492	832	Xanthippe	Xanthippe	Sun	TRUE	TRUE	FALSE	FALSE	FALSE		Enarete	Polybus
5221	492	832	Alpha Xanthippe	Xanthippe	Gas giant	FALSE	FALSE	FALSE	FALSE	FALSE			Polybus
5222	492	832	Beta Xanthippe	Xanthippe	Alien world	FALSE	FALSE	FALSE	FALSE	FALSE			Polybus
5223	506	859	Solymus	Solymus	Sun	TRUE	TRUE	FALSE	FALSE	FALSE		Periboea, Eulimene, Enarete	Polybus
5224	506	859	Alpha Solymus	Solymus	Alien world	FALSE	FALSE	FALSE	FALSE	FALSE			Polybus
5225	506	859	Beta Solymus	Solymus	Alien world	FALSE	FALSE	FALSE	FALSE	FALSE			Polybus
5226	506	859	Gamma Solymus	Solymus	Gas giant	FALSE	FALSE	TRUE	FALSE	FALSE			Polybus
5227	506	859	Solymus campus	Solymus	Heroes Academy	FALSE	FALSE	FALSE	FALSE	FALSE			Polybus
5228	512	866	Eulimene	Eulimene	Sun	TRUE	TRUE	FALSE	FALSE	FALSE		Solymus	Polybus
5229	512	866	Alpha Eulimene	Eulimene	Alien world	FALSE	FALSE	FALSE	FALSE	FALSE			Polybus
5230	512	866	Beta Eulimene	Eulimene	Inferno	FALSE	TRUE	FALSE	FALSE	FALSE			Polybus
5231	512	866	Gamma Eulimene	Eulimene	Gas giant	FALSE	FALSE	FALSE	FALSE	FALSE			Polybus
5232	512	866	Madam Rawnie	Eulimene	Fortune Teller	FALSE	FALSE	FALSE	FALSE	FALSE			Polybus
5233	597	898	Tatqa'hicin	Tatqa'hicin	Wormhole	TRUE	FALSE	FALSE	FALSE	TRUE			Tatqa'hicin
5234	531	738	I'lena	I'lena	Wormhole	TRUE	FALSE	FALSE	FALSE	TRUE			I'lena
5235	515	621	Velaute'mtilan	Velaute'mtilan	Wormhole	TRUE	FALSE	FALSE	FALSE	TRUE			Velaute'mtilan
5236	615	655	Zelos	Zelos	Sun	TRUE	TRUE	FALSE	FALSE	FALSE		Okythoos, Polemos	Amphinome
5237	615	655	Alpha Zelos	Zelos	Terran planet	FALSE	FALSE	FALSE	FALSE	FALSE			Amphinome
5238	615	655	Beta Zelos	Zelos	Inferno	FALSE	TRUE	FALSE	FALSE	FALSE			Amphinome
5239	615	655	Gamma Zelos	Zelos	Frozen wasteland	FALSE	FALSE	TRUE	TRUE	FALSE			Amphinome
5240	615	655	Phi Zelos	Zelos	Artificial moon	FALSE	FALSE	FALSE	FALSE	FALSE	moon		Amphinome
5241	615	655	Ekineba	Zelos	Asteroid belt	FALSE	FALSE	FALSE	FALSE	FALSE			Amphinome
5242	615	655	Zeta Zelos	Zelos	Alien world	FALSE	FALSE	FALSE	FALSE	FALSE			Amphinome
5243	615	655	Sigma Zelos	Zelos	Barren rock	FALSE	FALSE	FALSE	FALSE	FALSE	moon		Amphinome
5244	555	618	Antheus	Antheus	Sun	TRUE	TRUE	FALSE	FALSE	FALSE		Coronis, Baubo	Amphinome
5245	555	618	Atai	Antheus	Asteroid belt	FALSE	TRUE	FALSE	FALSE	FALSE			Amphinome
5246	555	618	Beta Antheus	Antheus	Inferno	FALSE	TRUE	FALSE	FALSE	FALSE			Amphinome
5247	555	618	Antheus station	Antheus	Aftermarket Station	FALSE	FALSE	FALSE	FALSE	FALSE			Amphinome
5248	555	618	Delta Antheus	Antheus	Gas giant	FALSE	FALSE	FALSE	FALSE	FALSE			Amphinome
5249	555	618	Epsilon Antheus	Antheus	Gas giant	FALSE	FALSE	FALSE	FALSE	FALSE			Amphinome
5250	555	618	Zeta Antheus	Antheus	Alien world	FALSE	FALSE	FALSE	FALSE	FALSE			Amphinome
5251	555	618	Eta Antheus	Antheus	Alien world	FALSE	FALSE	FALSE	FALSE	FALSE			Amphinome
5252	555	618	Rho Antheus	Antheus	Barren rock	FALSE	FALSE	FALSE	FALSE	FALSE	moon		Amphinome
5253	555	618	Pi Antheus	Antheus	Alien world	FALSE	FALSE	FALSE	FALSE	FALSE	moon		Amphinome
5254	555	618	Omicron Antheus	Antheus	Artificial moon	FALSE	FALSE	FALSE	FALSE	FALSE	moon		Amphinome
5255	555	618	Xi Antheus	Antheus	Alien world	FALSE	FALSE	TRUE	FALSE	FALSE	moon		Amphinome
5256	583	612	Baubo	Baubo	Sun	TRUE	TRUE	FALSE	FALSE	FALSE		Antheus	Amphinome
5257	583	612	Alpha Baubo	Baubo	Gas giant	FALSE	FALSE	FALSE	FALSE	FALSE			Amphinome
5258	583	612	Beta Baubo	Baubo	Gas giant	FALSE	FALSE	FALSE	FALSE	FALSE			Amphinome
5259	583	612	Gamma Baubo	Baubo	Terran planet	FALSE	FALSE	FALSE	FALSE	FALSE			Amphinome
5260	600	638	Coronis	Coronis	Sun	TRUE	TRUE	FALSE	FALSE	FALSE		Antheus, Polemos	Amphinome
5261	600	638	Alpha Coronis	Coronis	Inferno	FALSE	TRUE	FALSE	FALSE	FALSE			Amphinome
5262	600	638	Psi Coronis	Coronis	Artificial moon	FALSE	FALSE	FALSE	FALSE	FALSE	moon		Amphinome
5263	600	638	Gamma Coronis	Coronis	Terran planet	FALSE	FALSE	FALSE	FALSE	FALSE			Amphinome
5264	600	638	Phi Coronis	Coronis	Artificial moon	FALSE	FALSE	FALSE	FALSE	FALSE	moon		Amphinome
5265	600	638	Coronis dealership	Coronis	Heroware	FALSE	FALSE	FALSE	FALSE	FALSE			Amphinome
5266	600	638	Zeta Coronis	Coronis	Gas giant	FALSE	FALSE	FALSE	FALSE	FALSE			Amphinome
5267	600	638	Sigma Coronis	Coronis	Artificial moon	FALSE	FALSE	FALSE	FALSE	FALSE	moon		Amphinome
5268	600	638	Theta Coronis	Coronis	Terran planet	FALSE	FALSE	FALSE	FALSE	FALSE			Amphinome
5269	600	638	Iota Coronis	Coronis	Gas giant	FALSE	FALSE	FALSE	FALSE	FALSE			Amphinome
5270	614	645	Okythoos	Okythoos	Sun	TRUE	TRUE	FALSE	FALSE	FALSE		Zelos	Amphinome
5271	614	645	Alpha Okythoos	Okythoos	Alien world	FALSE	FALSE	FALSE	FALSE	FALSE			Amphinome
5272	614	645	Beta Okythoos	Okythoos	Alien world	FALSE	FALSE	FALSE	FALSE	FALSE			Amphinome
5273	614	645	Gamma Okythoos	Okythoos	Alien world	FALSE	FALSE	FALSE	FALSE	FALSE			Amphinome
5274	614	645	Delta Okythoos	Okythoos	Gas giant	FALSE	FALSE	FALSE	FALSE	FALSE			Amphinome
5275	636	597	Adrasteia	Adrasteia	Sun	TRUE	TRUE	FALSE	FALSE	FALSE		Polemos	Amphinome
5276	636	597	Alpha Adrasteia	Adrasteia	Inferno	FALSE	TRUE	FALSE	FALSE	FALSE			Amphinome
5277	636	597	Beta Adrasteia	Adrasteia	Gas giant	FALSE	FALSE	FALSE	FALSE	FALSE			Amphinome
5278	618	623	Charybdis	Charybdis	Sun	TRUE	TRUE	FALSE	FALSE	FALSE		Polemos	Amphinome
5279	618	623	Alpha Charybdis	Charybdis	Terran planet	FALSE	FALSE	FALSE	FALSE	FALSE			Amphinome
5280	618	623	Madam Violca	Charybdis	Fortune Teller	FALSE	FALSE	FALSE	FALSE	FALSE			Amphinome
5281	628	639	Polemos	Polemos	Sun	TRUE	TRUE	FALSE	FALSE	FALSE		Coronis, Zelos, Charybdis, Adrasteia	Amphinome
5282	628	639	Alpha Polemos	Polemos	Inferno	FALSE	TRUE	FALSE	FALSE	FALSE			Amphinome
5283	628	639	Beta Polemos	Polemos	Terran planet	FALSE	FALSE	FALSE	FALSE	FALSE			Amphinome
5284	628	639	Gamma Polemos	Polemos	Terran planet	FALSE	FALSE	FALSE	FALSE	FALSE			Amphinome
5285	628	639	Delta Polemos	Polemos	Terran planet	FALSE	FALSE	FALSE	FALSE	FALSE			Amphinome
5286	628	639	Upsilon Polemos	Polemos	Alien world	FALSE	FALSE	FALSE	FALSE	FALSE	moon		Amphinome
5287	628	639	Tau Polemos	Polemos	Artificial moon	FALSE	FALSE	FALSE	FALSE	FALSE	moon		Amphinome
5288	628	639	Eta Polemos	Polemos	Terran planet	FALSE	FALSE	FALSE	FALSE	FALSE			Amphinome
5289	626	719	Benthesikyme	Benthesikyme	Sun	TRUE	TRUE	FALSE	FALSE	FALSE		Pheme	Bianna
5290	626	719	Njirana	Benthesikyme	Asteroid belt	FALSE	TRUE	FALSE	FALSE	FALSE			Bianna
5291	626	719	Beta Benthesikyme	Benthesikyme	Inferno	FALSE	TRUE	FALSE	FALSE	FALSE			Bianna
5292	626	719	Madam Luminitsa	Benthesikyme	Fortune Teller	FALSE	FALSE	FALSE	FALSE	FALSE			Bianna
5293	626	719	Delta Benthesikyme	Benthesikyme	Alien world	FALSE	FALSE	FALSE	FALSE	FALSE			Bianna
5294	626	719	Upsilon Benthesikyme	Benthesikyme	Barren rock	FALSE	FALSE	FALSE	FALSE	FALSE	moon		Bianna
5295	626	719	Zeta Benthesikyme	Benthesikyme	Terran planet	FALSE	FALSE	FALSE	FALSE	FALSE			Bianna
5296	626	719	Eta Benthesikyme	Benthesikyme	Gas giant	FALSE	FALSE	FALSE	FALSE	FALSE			Bianna
5297	692	665	Echion	Echion	Sun	TRUE	TRUE	FALSE	FALSE	FALSE		Erechtheus	Bianna
5298	692	665	Alpha Echion	Echion	Terran planet	FALSE	FALSE	FALSE	FALSE	FALSE			Bianna
5299	692	665	Beta Echion	Echion	Terran planet	FALSE	FALSE	FALSE	FALSE	FALSE			Bianna
5300	692	665	Chi Echion	Echion	Alien world	FALSE	FALSE	FALSE	FALSE	FALSE	moon		Bianna
5301	683	659	Erechtheus	Erechtheus	Sun	TRUE	TRUE	FALSE	FALSE	FALSE		Echion, Autesion	Bianna
5302	683	659	Alpha Erechtheus	Erechtheus	Alien world	FALSE	FALSE	FALSE	FALSE	FALSE			Bianna
5303	683	659	Beta Erechtheus	Erechtheus	Gas giant	FALSE	FALSE	FALSE	FALSE	FALSE			Bianna
5304	672	662	Autesion	Autesion	Sun	TRUE	TRUE	FALSE	FALSE	FALSE		Erechtheus, Iapetus	Bianna
5305	672	662	Alpha Autesion	Autesion	Inferno	FALSE	TRUE	FALSE	FALSE	FALSE			Bianna
5306	672	662	Beta Autesion	Autesion	Terran planet	FALSE	FALSE	FALSE	FALSE	FALSE			Bianna
5307	672	662	Gamma Autesion	Autesion	Terran planet	FALSE	FALSE	FALSE	FALSE	FALSE			Bianna
5308	672	662	Delta Autesion	Autesion	Alien world	FALSE	FALSE	FALSE	FALSE	FALSE			Bianna
5309	672	662	Upsilon Autesion	Autesion	Alien world	FALSE	FALSE	FALSE	FALSE	FALSE	moon		Bianna
5310	672	662	Tau Autesion	Autesion	Barren rock	FALSE	FALSE	FALSE	FALSE	FALSE	moon		Bianna
5311	672	662	Sigma Autesion	Autesion	Artificial moon	FALSE	FALSE	FALSE	FALSE	FALSE	moon		Bianna
5312	671	714	Ephialtes	Ephialtes	Sun	TRUE	TRUE	FALSE	FALSE	FALSE		Iapetus	Bianna
5313	671	714	Alpha Ephialtes	Ephialtes	Inferno	FALSE	TRUE	FALSE	FALSE	FALSE			Bianna
5314	671	714	Ephialtes campus	Ephialtes	Heroes Academy	FALSE	FALSE	FALSE	FALSE	FALSE			Bianna
5315	671	714	Madam Lyuba	Ephialtes	Fortune Teller	FALSE	FALSE	FALSE	FALSE	FALSE			Bianna
5316	671	714	Restaurant #9713	Ephialtes	Space Burger	FALSE	FALSE	FALSE	FALSE	FALSE			Bianna
5317	664	696	Iapetus	Iapetus	Sun	TRUE	TRUE	FALSE	FALSE	FALSE		Pleuron, Ephialtes, Autesion	Bianna
5318	664	696	Alpha Iapetus	Iapetus	Terran planet	FALSE	FALSE	FALSE	FALSE	FALSE			Bianna
5319	664	696	Beta Iapetus	Iapetus	Alien world	FALSE	FALSE	FALSE	FALSE	FALSE			Bianna
5320	664	696	Gamma Iapetus	Iapetus	Gas giant	FALSE	FALSE	TRUE	FALSE	FALSE			Bianna
5321	664	696	Delta Iapetus	Iapetus	Alien world	FALSE	FALSE	FALSE	FALSE	FALSE			Bianna
5322	664	696	Epsilon Iapetus	Iapetus	Alien world	FALSE	FALSE	FALSE	FALSE	FALSE			Bianna
5323	631	702	Nereides	Nereides	Sun	TRUE	TRUE	FALSE	FALSE	FALSE		Pheme	Bianna
5324	631	702	Alpha Nereides	Nereides	Terran planet	FALSE	FALSE	FALSE	FALSE	FALSE			Bianna
5325	631	702	Nereides dealership	Nereides	Heroware	FALSE	FALSE	FALSE	FALSE	FALSE			Bianna
5326	623	700	Pheme	Pheme	Sun	TRUE	TRUE	FALSE	FALSE	FALSE		Nereides, Benthesikyme, Pleuron	Bianna
5327	623	700	Alpha Pheme	Pheme	Alien world	FALSE	FALSE	TRUE	FALSE	FALSE			Bianna
5328	623	700	Beta Pheme	Pheme	Inferno	FALSE	TRUE	FALSE	FALSE	FALSE			Bianna
5329	623	700	Gamma Pheme	Pheme	Alien world	FALSE	FALSE	FALSE	FALSE	FALSE			Bianna
5330	623	700	Delta Pheme	Pheme	Alien world	FALSE	FALSE	FALSE	FALSE	FALSE			Bianna
5331	623	700	Epsilon Pheme	Pheme	Frozen wasteland	FALSE	FALSE	FALSE	TRUE	FALSE			Bianna
5332	635	689	Pleuron	Pleuron	Sun	TRUE	TRUE	FALSE	FALSE	FALSE		Pheme, Agamede, Iapetus	Bianna
5333	635	689	Alpha Pleuron	Pleuron	Gas giant	FALSE	FALSE	FALSE	FALSE	FALSE			Bianna
5334	635	689	Beta Pleuron	Pleuron	Alien world	FALSE	FALSE	FALSE	FALSE	FALSE			Bianna
5335	635	689	Gamma Pleuron	Pleuron	Alien world	FALSE	FALSE	FALSE	FALSE	FALSE			Bianna
5336	635	689	Phi Pleuron	Pleuron	Barren rock	FALSE	FALSE	FALSE	FALSE	FALSE	moon		Bianna
5337	635	689	Upsilon Pleuron	Pleuron	Barren rock	FALSE	FALSE	FALSE	FALSE	FALSE	moon		Bianna
5338	635	689	Tau Pleuron	Pleuron	Artificial moon	FALSE	FALSE	FALSE	FALSE	FALSE	moon		Bianna
5339	635	689	Sigma Pleuron	Pleuron	Barren rock	FALSE	FALSE	FALSE	FALSE	FALSE	moon		Bianna
5340	635	689	Theta Pleuron	Pleuron	Alien world	FALSE	FALSE	FALSE	FALSE	FALSE			Bianna
5341	635	689	Iota Pleuron	Pleuron	Alien world	FALSE	FALSE	FALSE	FALSE	FALSE			Bianna
5342	633	671	Agamede	Agamede	Sun	TRUE	TRUE	FALSE	FALSE	FALSE		Pleuron	Bianna
5343	633	671	Alpha Agamede	Agamede	Alien world	FALSE	FALSE	FALSE	FALSE	FALSE			Bianna
5344	633	671	Psi Agamede	Agamede	Artificial moon	FALSE	FALSE	FALSE	FALSE	FALSE	moon		Bianna
5345	520	666	Bura	Bura	Sun	TRUE	TRUE	FALSE	FALSE	FALSE		Pyraechmes, Ladon, Poros	Lethe
5346	520	666	Alpha Bura	Bura	Inferno	FALSE	TRUE	FALSE	FALSE	FALSE			Lethe
5347	520	666	Beta Bura	Bura	Alien world	FALSE	FALSE	FALSE	FALSE	FALSE			Lethe
5348	520	666	Chi Bura	Bura	Alien world	FALSE	FALSE	FALSE	FALSE	FALSE	moon		Lethe
5349	520	666	Phi Bura	Bura	Barren rock	FALSE	FALSE	FALSE	FALSE	FALSE	moon		Lethe
5350	520	666	Upsilon Bura	Bura	Artificial moon	FALSE	FALSE	FALSE	FALSE	FALSE	moon		Lethe
5351	520	666	Amma	Bura	Asteroid belt	FALSE	FALSE	FALSE	FALSE	FALSE			Lethe
5352	520	666	Madam Nyx	Bura	Fortune Teller	FALSE	FALSE	FALSE	FALSE	FALSE			Lethe
5353	520	666	Theta Bura	Bura	Frozen wasteland	FALSE	FALSE	FALSE	TRUE	FALSE			Lethe
5354	599	675	Thoas	Thoas	Sun	TRUE	TRUE	FALSE	FALSE	FALSE		Acheron	Lethe
5355	599	675	Alpha Thoas	Thoas	Alien world	FALSE	FALSE	FALSE	FALSE	FALSE			Lethe
5356	599	675	Psi Thoas	Thoas	Alien world	FALSE	FALSE	FALSE	FALSE	FALSE	moon		Lethe
5357	599	675	Chi Thoas	Thoas	Barren rock	FALSE	FALSE	FALSE	FALSE	FALSE	moon		Lethe
5358	599	675	Phi Thoas	Thoas	Artificial moon	FALSE	FALSE	FALSE	FALSE	FALSE	moon		Lethe
5359	599	675	Epsilon Thoas	Thoas	Gas giant	FALSE	FALSE	FALSE	FALSE	FALSE			Lethe
5360	599	675	Thoas campus	Thoas	Heroes Academy	FALSE	FALSE	FALSE	FALSE	FALSE			Lethe
5361	599	675	Eta Thoas	Thoas	Gas giant	FALSE	FALSE	FALSE	FALSE	FALSE			Lethe
5362	599	675	Theta Thoas	Thoas	Alien world	FALSE	FALSE	FALSE	FALSE	FALSE			Lethe
5363	601	652	Phytalus	Phytalus	Sun	TRUE	TRUE	FALSE	FALSE	FALSE		Acheron	Lethe
5364	601	652	Alpha Phytalus	Phytalus	Gas giant	FALSE	FALSE	FALSE	FALSE	FALSE			Lethe
5365	601	652	Beta Phytalus	Phytalus	Terran planet	FALSE	FALSE	FALSE	FALSE	FALSE			Lethe
5366	591	653	Deiphobus	Deiphobus	Sun	TRUE	TRUE	FALSE	FALSE	FALSE		Acheron	Lethe
5367	591	653	Alpha Deiphobus	Deiphobus	Terran planet	FALSE	FALSE	FALSE	FALSE	FALSE			Lethe
5368	591	653	Deiphobus station	Deiphobus	Aftermarket Station	FALSE	FALSE	FALSE	FALSE	FALSE			Lethe
5369	591	653	Restaurant #2481	Deiphobus	Space Burger	FALSE	FALSE	FALSE	FALSE	FALSE			Lethe
5370	586	663	Dimoetes	Dimoetes	Sun	TRUE	TRUE	FALSE	FALSE	FALSE		Acheron	Lethe
5371	586	663	Alpha Dimoetes	Dimoetes	Inferno	FALSE	TRUE	FALSE	FALSE	FALSE			Lethe
5372	586	663	Beta Dimoetes	Dimoetes	Alien world	FALSE	FALSE	FALSE	FALSE	FALSE			Lethe
5373	593	661	Acheron	Acheron	Sun	TRUE	TRUE	FALSE	FALSE	FALSE		Dimoetes, Thoas, Deiphobus, Phytalus, Alcmaeon	Lethe
5374	593	661	Alpha Acheron	Acheron	Alien world	FALSE	FALSE	FALSE	FALSE	FALSE			Lethe
5375	593	661	Beta Acheron	Acheron	Terran planet	FALSE	FALSE	FALSE	FALSE	FALSE			Lethe
5376	593	661	Gamma Acheron	Acheron	Alien world	FALSE	FALSE	FALSE	FALSE	FALSE			Lethe
5377	593	661	Delta Acheron	Acheron	Terran planet	FALSE	FALSE	FALSE	FALSE	FALSE			Lethe
5378	593	661	Upsilon Acheron	Acheron	Alien world	FALSE	FALSE	FALSE	FALSE	FALSE	moon		Lethe
5379	593	661	Tau Acheron	Acheron	Barren rock	FALSE	FALSE	FALSE	FALSE	FALSE	moon		Lethe
5380	593	661	Sigma Acheron	Acheron	Alien world	FALSE	FALSE	FALSE	FALSE	FALSE	moon		Lethe
5381	593	661	Theta Acheron	Acheron	Gas giant	FALSE	FALSE	FALSE	FALSE	FALSE			Lethe
5382	582	688	Mecisteus	Mecisteus	Sun	TRUE	TRUE	FALSE	FALSE	FALSE		Alcmaeon	Lethe
5383	582	688	Alpha Mecisteus	Mecisteus	Inferno	FALSE	TRUE	FALSE	FALSE	FALSE			Lethe
5384	582	688	Beta Mecisteus	Mecisteus	Alien world	FALSE	FALSE	FALSE	FALSE	FALSE			Lethe
5385	582	688	Gamma Mecisteus	Mecisteus	Gas giant	FALSE	FALSE	FALSE	FALSE	FALSE			Lethe
5386	582	688	Delta Mecisteus	Mecisteus	Frozen wasteland	FALSE	FALSE	FALSE	TRUE	FALSE			Lethe
5387	582	688	Upsilon Mecisteus	Mecisteus	Alien world	FALSE	FALSE	FALSE	FALSE	FALSE	moon		Lethe
5388	582	688	Mecisteus dealership	Mecisteus	Heroware	FALSE	FALSE	FALSE	FALSE	FALSE			Lethe
5389	464	658	Iphinoe	Iphinoe	Sun	TRUE	TRUE	FALSE	FALSE	FALSE		Maenades	Lethe
5390	464	658	Alpha Iphinoe	Iphinoe	Alien world	FALSE	FALSE	FALSE	FALSE	FALSE			Lethe
5391	464	658	Beta Iphinoe	Iphinoe	Terran planet	FALSE	FALSE	FALSE	FALSE	FALSE			Lethe
5392	464	658	Gamma Iphinoe	Iphinoe	Terran planet	FALSE	FALSE	FALSE	FALSE	FALSE			Lethe
5393	475	651	Maenades	Maenades	Sun	TRUE	TRUE	FALSE	FALSE	FALSE		Iphinoe, Euxantius	Lethe
5394	475	651	Alpha Maenades	Maenades	Alien world	FALSE	FALSE	FALSE	FALSE	FALSE			Lethe
5395	475	651	Psi Maenades	Maenades	Alien world	FALSE	FALSE	FALSE	FALSE	FALSE	moon		Lethe
5396	475	651	Chi Maenades	Maenades	Artificial moon	FALSE	FALSE	FALSE	FALSE	FALSE	moon		Lethe
5397	475	651	Phi Maenades	Maenades	Barren rock	FALSE	FALSE	FALSE	FALSE	FALSE	moon		Lethe
5398	475	651	Epsilon Maenades	Maenades	Gas giant	FALSE	FALSE	FALSE	FALSE	FALSE			Lethe
5399	475	651	Tau Maenades	Maenades	Alien world	FALSE	FALSE	FALSE	FALSE	FALSE	moon		Lethe
5400	475	651	Eta Maenades	Maenades	Gas giant	FALSE	FALSE	FALSE	FALSE	FALSE			Lethe
5401	475	651	Rho Maenades	Maenades	Alien world	FALSE	FALSE	FALSE	FALSE	FALSE	moon		Lethe
5402	475	651	Iota Maenades	Maenades	Alien world	FALSE	FALSE	FALSE	FALSE	FALSE			Lethe
5403	475	651	Kappa Maenades	Maenades	Frozen wasteland	FALSE	FALSE	FALSE	TRUE	FALSE			Lethe
5404	499	647	Euxantius	Euxantius	Sun	TRUE	TRUE	FALSE	FALSE	FALSE		Maenades, Pyraechmes	Lethe
5405	499	647	Alpha Euxantius	Euxantius	Gas giant	FALSE	FALSE	TRUE	FALSE	FALSE			Lethe
5406	499	647	Psi Euxantius	Euxantius	Barren rock	FALSE	FALSE	FALSE	FALSE	FALSE	moon		Lethe
5407	499	647	Gamma Euxantius	Euxantius	Terran planet	FALSE	FALSE	FALSE	FALSE	FALSE			Lethe
5408	499	647	Euxantius campus	Euxantius	Heroes Academy	FALSE	FALSE	FALSE	FALSE	FALSE			Lethe
5409	499	647	Epsilon Euxantius	Euxantius	Gas giant	FALSE	FALSE	FALSE	FALSE	FALSE			Lethe
5410	499	647	Zeta Euxantius	Euxantius	Terran planet	FALSE	FALSE	FALSE	FALSE	FALSE			Lethe
5411	499	647	Eta Euxantius	Euxantius	Alien world	FALSE	FALSE	FALSE	FALSE	FALSE			Lethe
5412	492	672	Otus	Otus	Sun	TRUE	TRUE	FALSE	FALSE	FALSE		Pyraechmes	Lethe
5413	492	672	Alpha Otus	Otus	Alien world	FALSE	FALSE	FALSE	FALSE	FALSE			Lethe
5414	492	672	Beta Otus	Otus	Alien world	FALSE	FALSE	FALSE	FALSE	FALSE			Lethe
5415	492	672	Otus station	Otus	Aftermarket Station	FALSE	FALSE	FALSE	FALSE	FALSE			Lethe
5416	506	683	Pyraechmes	Pyraechmes	Sun	TRUE	TRUE	FALSE	FALSE	FALSE		Alcmaeon, Bura, Otus, Euxantius	Lethe
5417	506	683	Alpha Pyraechmes	Pyraechmes	Alien world	FALSE	FALSE	FALSE	FALSE	FALSE			Lethe
5418	506	683	Beta Pyraechmes	Pyraechmes	Terran planet	FALSE	FALSE	FALSE	FALSE	FALSE			Lethe
5419	506	683	Gamma Pyraechmes	Pyraechmes	Gas giant	FALSE	FALSE	FALSE	FALSE	FALSE			Lethe
5420	506	683	Delta Pyraechmes	Pyraechmes	Alien world	FALSE	FALSE	FALSE	FALSE	FALSE			Lethe
5421	506	683	Epsilon Pyraechmes	Pyraechmes	Terran planet	FALSE	FALSE	FALSE	FALSE	FALSE			Lethe
5422	506	683	Tau Pyraechmes	Pyraechmes	Artificial moon	FALSE	FALSE	FALSE	FALSE	FALSE	moon		Lethe
5423	520	711	Lips	Lips	Sun	TRUE	TRUE	FALSE	FALSE	FALSE		Ladon	Lethe
5424	520	711	Alpha Lips	Lips	Alien world	FALSE	FALSE	FALSE	FALSE	FALSE			Lethe
5425	520	711	Lips station	Lips	Aftermarket Station	FALSE	FALSE	FALSE	FALSE	FALSE			Lethe
5426	539	693	Ladon	Ladon	Sun	TRUE	TRUE	FALSE	FALSE	FALSE		Lips, Bura	Lethe
5427	539	693	Alpha Ladon	Ladon	Alien world	FALSE	FALSE	FALSE	FALSE	FALSE			Lethe
5428	537	660	Poros	Poros	Sun	TRUE	TRUE	FALSE	FALSE	FALSE		Bura	Lethe
5429	537	660	Alpha Poros	Poros	Alien world	FALSE	FALSE	FALSE	FALSE	FALSE			Lethe
5430	537	660	Poros dealership	Poros	Heroware	FALSE	FALSE	FALSE	FALSE	FALSE			Lethe
5431	571	682	Alcmaeon	Alcmaeon	Sun	TRUE	TRUE	FALSE	FALSE	FALSE		Pyraechmes, Mecisteus, Acheron	Lethe
5432	571	682	Alpha Alcmaeon	Alcmaeon	Gas giant	FALSE	FALSE	FALSE	FALSE	FALSE			Lethe
5433	571	682	Beta Alcmaeon	Alcmaeon	Gas giant	FALSE	FALSE	FALSE	FALSE	FALSE			Lethe
5434	571	682	Gamma Alcmaeon	Alcmaeon	Alien world	FALSE	FALSE	FALSE	FALSE	FALSE			Lethe
5435	571	682	Delta Alcmaeon	Alcmaeon	Alien world	FALSE	FALSE	FALSE	FALSE	FALSE			Lethe
5436	571	682	Epsilon Alcmaeon	Alcmaeon	Alien world	FALSE	FALSE	FALSE	FALSE	FALSE			Lethe
5437	571	682	Outlet 18825.22376	Alcmaeon	Gus's Gas	FALSE	FALSE	FALSE	FALSE	FALSE			Lethe
5438	565	759	Eleos	Eleos	Sun	TRUE	TRUE	FALSE	FALSE	FALSE	Galactic Party 2025 location	Ialmenus	Hymenaios
5439	565	759	Alpha Eleos	Eleos	Inferno	FALSE	TRUE	FALSE	FALSE	FALSE			Hymenaios
5440	565	759	Eleos station	Eleos	Aftermarket Station	FALSE	FALSE	FALSE	FALSE	FALSE			Hymenaios
5441	565	759	Gamma Eleos	Eleos	Terran planet	FALSE	FALSE	FALSE	FALSE	FALSE			Hymenaios
5442	565	759	Eleos dealership	Eleos	Heroware	FALSE	FALSE	FALSE	FALSE	FALSE			Hymenaios
5443	565	759	Restaurant #7740	Eleos	Space Burger	FALSE	FALSE	FALSE	FALSE	FALSE			Hymenaios
5444	565	759	Eleos campus	Eleos	Heroes Academy	FALSE	FALSE	FALSE	FALSE	FALSE	Galactic Party 2022 location		Hymenaios
5445	597	772	Ialmenus	Ialmenus	Sun	TRUE	TRUE	FALSE	FALSE	FALSE		Keuthonymos, Eleos	Hymenaios
5446	597	772	Alpha Ialmenus	Ialmenus	Alien world	FALSE	FALSE	FALSE	FALSE	FALSE			Hymenaios
5447	597	772	Beta Ialmenus	Ialmenus	Inferno	FALSE	TRUE	FALSE	FALSE	FALSE			Hymenaios
5448	597	772	Gamma Ialmenus	Ialmenus	Alien world	FALSE	FALSE	FALSE	FALSE	FALSE			Hymenaios
5449	597	772	Delta Ialmenus	Ialmenus	Frozen wasteland	FALSE	FALSE	FALSE	TRUE	FALSE			Hymenaios
5450	597	772	Madam Serena	Ialmenus	Fortune Teller	FALSE	FALSE	FALSE	FALSE	FALSE			Hymenaios
5451	620	768	Keuthonymos	Keuthonymos	Sun	TRUE	TRUE	FALSE	FALSE	FALSE		Ialmenus, Halaesus	Hymenaios
5452	620	768	Alpha Keuthonymos	Keuthonymos	Terran planet	FALSE	FALSE	FALSE	FALSE	FALSE			Hymenaios
5453	620	768	Beta Keuthonymos	Keuthonymos	Alien world	FALSE	FALSE	FALSE	FALSE	FALSE			Hymenaios
5454	620	768	Gamma Keuthonymos	Keuthonymos	Gas giant	FALSE	FALSE	FALSE	FALSE	FALSE			Hymenaios
5455	620	768	Delta Keuthonymos	Keuthonymos	Gas giant	FALSE	FALSE	FALSE	FALSE	FALSE			Hymenaios
5456	620	768	Upsilon Keuthonymos	Keuthonymos	Barren rock	FALSE	FALSE	FALSE	FALSE	FALSE	moon		Hymenaios
5457	586	710	Lysagora	Lysagora	Sun	TRUE	TRUE	FALSE	FALSE	FALSE		Halaesus	Hymenaios
5458	586	710	Alpha Lysagora	Lysagora	Gas giant	FALSE	FALSE	FALSE	FALSE	FALSE			Hymenaios
5459	586	710	Beta Lysagora	Lysagora	Gas giant	FALSE	FALSE	FALSE	FALSE	FALSE			Hymenaios
5460	588	719	Halaesus	Halaesus	Sun	TRUE	TRUE	FALSE	FALSE	FALSE		Lysagora, Keuthonymos, Skelmis	Hymenaios
5461	588	719	Alpha Halaesus	Halaesus	Alien world	FALSE	FALSE	FALSE	FALSE	FALSE			Hymenaios
5462	588	719	Beta Halaesus	Halaesus	Alien world	FALSE	FALSE	FALSE	FALSE	FALSE			Hymenaios
5463	588	719	Chi Halaesus	Halaesus	Artificial moon	FALSE	FALSE	FALSE	FALSE	FALSE	moon		Hymenaios
5464	588	719	Phi Halaesus	Halaesus	Alien world	FALSE	FALSE	FALSE	FALSE	FALSE	moon		Hymenaios
5465	588	719	Epsilon Halaesus	Halaesus	Gas giant	FALSE	FALSE	FALSE	FALSE	FALSE			Hymenaios
5466	588	719	Zeta Halaesus	Halaesus	Frozen wasteland	FALSE	FALSE	TRUE	TRUE	FALSE			Hymenaios
5467	588	719	Sigma Halaesus	Halaesus	Artificial moon	FALSE	FALSE	FALSE	FALSE	FALSE	moon		Hymenaios
5468	588	719	Theta Halaesus	Halaesus	Alien world	FALSE	FALSE	FALSE	FALSE	FALSE			Hymenaios
5469	606	711	Areithous	Areithous	Sun	TRUE	TRUE	FALSE	FALSE	FALSE		Skelmis	Hymenaios
5470	606	711	Alpha Areithous	Areithous	Gas giant	FALSE	FALSE	FALSE	FALSE	FALSE			Hymenaios
5471	606	711	Psi Areithous	Areithous	Artificial moon	FALSE	FALSE	FALSE	FALSE	FALSE	moon		Hymenaios
5472	607	702	Skelmis	Skelmis	Sun	TRUE	TRUE	FALSE	FALSE	FALSE		Halaesus, Areithous, Peneleos	Hymenaios
5473	607	702	Alpha Skelmis	Skelmis	Gas giant	FALSE	FALSE	FALSE	FALSE	FALSE			Hymenaios
5474	607	702	Beta Skelmis	Skelmis	Terran planet	FALSE	FALSE	FALSE	FALSE	FALSE			Hymenaios
5475	607	702	Gamma Skelmis	Skelmis	Alien world	FALSE	FALSE	FALSE	FALSE	FALSE			Hymenaios
5476	607	702	Delta Skelmis	Skelmis	Frozen wasteland	FALSE	FALSE	FALSE	TRUE	FALSE			Hymenaios
5477	607	702	Epsilon Skelmis	Skelmis	Terran planet	FALSE	FALSE	FALSE	FALSE	FALSE			Hymenaios
5478	614	702	Peneleos	Peneleos	Sun	TRUE	TRUE	FALSE	FALSE	FALSE		Skelmis, Physadeia	Hymenaios
5479	614	702	Alpha Peneleos	Peneleos	Terran planet	FALSE	FALSE	FALSE	FALSE	FALSE			Hymenaios
5480	614	702	Beta Peneleos	Peneleos	Gas giant	FALSE	FALSE	FALSE	FALSE	FALSE			Hymenaios
5481	614	702	Gamma Peneleos	Peneleos	Terran planet	FALSE	FALSE	FALSE	FALSE	FALSE			Hymenaios
5482	614	702	Restaurant #4504	Peneleos	Space Burger	FALSE	FALSE	FALSE	FALSE	FALSE			Hymenaios
5483	614	702	Epsilon Peneleos	Peneleos	Alien world	FALSE	FALSE	FALSE	FALSE	FALSE			Hymenaios
5484	615	694	Physadeia	Physadeia	Sun	TRUE	TRUE	FALSE	FALSE	FALSE		Peneleos	Hymenaios
5485	615	694	Alpha Physadeia	Physadeia	Gas giant	FALSE	FALSE	FALSE	FALSE	FALSE			Hymenaios
5486	615	694	Physadeia station	Physadeia	Aftermarket Station	FALSE	FALSE	FALSE	FALSE	FALSE			Hymenaios
5487	615	694	Gamma Physadeia	Physadeia	Gas giant	FALSE	FALSE	FALSE	FALSE	FALSE			Hymenaios
5488	763	498	Minthe	Minthe	Sun	TRUE	TRUE	FALSE	FALSE	FALSE		Meleager	Nessus
5489	763	498	Alpha Minthe	Minthe	Alien world	FALSE	FALSE	FALSE	FALSE	FALSE			Nessus
5490	763	498	Beta Minthe	Minthe	Terran planet	FALSE	FALSE	FALSE	FALSE	FALSE			Nessus
5491	763	498	Chi Minthe	Minthe	Alien world	FALSE	FALSE	FALSE	FALSE	FALSE	moon		Nessus
5492	763	498	Phi Minthe	Minthe	Barren rock	FALSE	FALSE	FALSE	FALSE	FALSE	moon		Nessus
5493	763	498	Wagadu	Minthe	Asteroid belt	FALSE	FALSE	FALSE	TRUE	FALSE			Nessus
5494	755	552	Coresus	Coresus	Sun	TRUE	TRUE	FALSE	FALSE	FALSE		Epimeliades	Nessus
5495	755	552	Kalunga Ndonga	Coresus	Asteroid belt	FALSE	TRUE	FALSE	FALSE	FALSE			Nessus
5496	755	552	Madam Shelta	Coresus	Fortune Teller	FALSE	FALSE	FALSE	FALSE	FALSE			Nessus
5497	755	552	Gamma Coresus	Coresus	Inferno	FALSE	TRUE	FALSE	FALSE	FALSE			Nessus
5498	755	552	Delta Coresus	Coresus	Alien world	FALSE	FALSE	FALSE	FALSE	FALSE			Nessus
5499	755	552	Coresus campus	Coresus	Heroes Academy	FALSE	FALSE	FALSE	FALSE	FALSE			Nessus
5500	755	552	Coresus station	Coresus	Aftermarket Station	FALSE	FALSE	FALSE	FALSE	FALSE			Nessus
5501	755	552	Eta Coresus	Coresus	Terran planet	FALSE	FALSE	FALSE	FALSE	FALSE			Nessus
5502	755	552	Theta Coresus	Coresus	Gas giant	FALSE	FALSE	FALSE	FALSE	FALSE			Nessus
5503	714	662	Aegeus	Aegeus	Sun	TRUE	TRUE	FALSE	FALSE	FALSE		Molpadia	Nessus
5504	714	662	Alpha Aegeus	Aegeus	Inferno	FALSE	TRUE	FALSE	FALSE	FALSE			Nessus
5505	714	662	Beta Aegeus	Aegeus	Terran planet	FALSE	FALSE	FALSE	FALSE	FALSE			Nessus
5506	714	662	Gamma Aegeus	Aegeus	Gas giant	FALSE	FALSE	TRUE	FALSE	FALSE			Nessus
5507	714	662	Delta Aegeus	Aegeus	Gas giant	FALSE	FALSE	FALSE	FALSE	FALSE			Nessus
5508	714	662	Woyengi	Aegeus	Asteroid belt	FALSE	FALSE	FALSE	TRUE	FALSE			Nessus
5509	694	621	Nerites	Nerites	Sun	TRUE	TRUE	FALSE	FALSE	FALSE		Halitherses, Iphianassa	Nessus
5510	694	621	Nguruhi	Nerites	Asteroid belt	FALSE	TRUE	FALSE	FALSE	FALSE			Nessus
5511	694	621	Beta Nerites	Nerites	Gas giant	FALSE	FALSE	FALSE	FALSE	FALSE			Nessus
5512	694	621	Gamma Nerites	Nerites	Gas giant	FALSE	FALSE	FALSE	FALSE	FALSE			Nessus
5513	694	621	Phi Nerites	Nerites	Artificial moon	FALSE	FALSE	FALSE	FALSE	FALSE	moon		Nessus
5514	691	640	Iphianassa	Iphianassa	Sun	TRUE	TRUE	FALSE	FALSE	FALSE		Nerites	Nessus
5515	691	640	Alpha Iphianassa	Iphianassa	Inferno	FALSE	TRUE	FALSE	FALSE	FALSE			Nessus
5516	691	640	Beta Iphianassa	Iphianassa	Alien world	FALSE	FALSE	FALSE	FALSE	FALSE			Nessus
5517	691	640	Chi Iphianassa	Iphianassa	Artificial moon	FALSE	FALSE	FALSE	FALSE	FALSE	moon		Nessus
5518	691	640	Iphianassa campus	Iphianassa	Heroes Academy	FALSE	FALSE	FALSE	FALSE	FALSE			Nessus
5519	688	605	Halitherses	Halitherses	Sun	TRUE	TRUE	FALSE	FALSE	FALSE		Nerites, Pharis, Antiphus	Nessus
5520	688	605	Alpha Halitherses	Halitherses	Gas giant	FALSE	FALSE	FALSE	FALSE	FALSE			Nessus
5521	688	605	Psi Halitherses	Halitherses	Artificial moon	FALSE	FALSE	FALSE	FALSE	FALSE	moon		Nessus
5522	688	605	Chi Halitherses	Halitherses	Artificial moon	FALSE	FALSE	FALSE	FALSE	FALSE	moon		Nessus
5523	688	605	Restaurant #2024	Halitherses	Space Burger	FALSE	FALSE	FALSE	FALSE	FALSE			Nessus
5524	688	605	Epsilon Halitherses	Halitherses	Gas giant	FALSE	FALSE	FALSE	FALSE	FALSE			Nessus
5525	688	605	Tau Halitherses	Halitherses	Artificial moon	FALSE	FALSE	FALSE	FALSE	FALSE	moon		Nessus
5526	688	605	Sigma Halitherses	Halitherses	Alien world	FALSE	FALSE	FALSE	FALSE	FALSE	moon		Nessus
5527	688	605	Rho Halitherses	Halitherses	Alien world	FALSE	FALSE	FALSE	FALSE	FALSE	moon		Nessus
5528	688	605	Iota Halitherses	Halitherses	Alien world	FALSE	FALSE	FALSE	FALSE	FALSE			Nessus
5529	688	605	Halitherses station	Halitherses	Aftermarket Station	FALSE	FALSE	FALSE	FALSE	FALSE			Nessus
5530	688	605	Xi Halitherses	Halitherses	Artificial moon	FALSE	FALSE	FALSE	FALSE	FALSE	moon		Nessus
5531	692	566	Antiphus	Antiphus	Sun	TRUE	TRUE	FALSE	FALSE	FALSE		Passalos, Halitherses	Nessus
5532	692	566	Alpha Antiphus	Antiphus	Inferno	FALSE	TRUE	FALSE	FALSE	FALSE			Nessus
5533	692	566	Beta Antiphus	Antiphus	Alien world	FALSE	FALSE	FALSE	FALSE	FALSE			Nessus
5534	692	566	Chi Antiphus	Antiphus	Alien world	FALSE	FALSE	FALSE	FALSE	FALSE	moon		Nessus
5535	707	551	Passalos	Passalos	Sun	TRUE	TRUE	FALSE	FALSE	FALSE		Antiphus	Nessus
5536	707	551	Alpha Passalos	Passalos	Terran planet	FALSE	FALSE	FALSE	FALSE	FALSE			Nessus
5537	707	551	Passalos dealership	Passalos	Heroware	FALSE	FALSE	FALSE	FALSE	FALSE			Nessus
5538	748	534	Cylarabes	Cylarabes	Sun	TRUE	TRUE	FALSE	FALSE	FALSE		Meleager	Nessus
5539	748	534	Alpha Cylarabes	Cylarabes	Alien world	FALSE	FALSE	FALSE	FALSE	FALSE			Nessus
5540	740	526	Meleager	Meleager	Sun	TRUE	TRUE	FALSE	FALSE	FALSE		Minthe, Cylarabes, Epimeliades	Nessus
5541	740	526	Alpha Meleager	Meleager	Terran planet	FALSE	FALSE	FALSE	FALSE	FALSE			Nessus
5542	740	526	Beta Meleager	Meleager	Alien world	FALSE	FALSE	FALSE	FALSE	FALSE			Nessus
5543	740	526	Chi Meleager	Meleager	Barren rock	FALSE	FALSE	FALSE	FALSE	FALSE	moon		Nessus
5544	740	526	Delta Meleager	Meleager	Gas giant	FALSE	FALSE	FALSE	FALSE	FALSE			Nessus
5545	740	526	Meleager dealership	Meleager	Heroware	FALSE	FALSE	FALSE	FALSE	FALSE			Nessus
5546	740	526	Zeta Meleager	Meleager	Gas giant	FALSE	FALSE	TRUE	FALSE	FALSE			Nessus
5547	737	556	Epimeliades	Epimeliades	Sun	TRUE	TRUE	FALSE	FALSE	FALSE		Loxo, Coresus, Meleager	Nessus
5548	737	556	Alpha Epimeliades	Epimeliades	Gas giant	FALSE	FALSE	TRUE	FALSE	FALSE			Nessus
5549	737	556	Beta Epimeliades	Epimeliades	Terran planet	FALSE	FALSE	FALSE	FALSE	FALSE			Nessus
5550	737	556	Gamma Epimeliades	Epimeliades	Gas giant	FALSE	FALSE	FALSE	FALSE	FALSE			Nessus
5551	737	556	Delta Epimeliades	Epimeliades	Gas giant	FALSE	FALSE	FALSE	FALSE	FALSE			Nessus
5552	737	556	Epsilon Epimeliades	Epimeliades	Terran planet	FALSE	FALSE	FALSE	FALSE	FALSE			Nessus
5553	737	556	Restaurant #5609	Epimeliades	Space Burger	FALSE	FALSE	FALSE	FALSE	FALSE			Nessus
5554	735	603	Proclia	Proclia	Sun	TRUE	TRUE	FALSE	FALSE	FALSE		Loxo	Nessus
5555	735	603	Alpha Proclia	Proclia	Terran planet	FALSE	FALSE	FALSE	FALSE	FALSE			Nessus
5556	735	603	Psi Proclia	Proclia	Alien world	FALSE	FALSE	TRUE	FALSE	FALSE	moon		Nessus
5557	735	603	Chi Proclia	Proclia	Alien world	FALSE	FALSE	FALSE	FALSE	FALSE	moon		Nessus
5558	735	603	Phi Proclia	Proclia	Barren rock	FALSE	FALSE	FALSE	FALSE	FALSE	moon		Nessus
5559	727	595	Loxo	Loxo	Sun	TRUE	TRUE	FALSE	FALSE	FALSE		Molpadia, Proclia, Epimeliades	Nessus
5560	727	595	Alpha Loxo	Loxo	Inferno	FALSE	TRUE	FALSE	FALSE	FALSE			Nessus
5561	727	595	Beta Loxo	Loxo	Alien world	FALSE	FALSE	FALSE	FALSE	FALSE			Nessus
5562	727	595	Gamma Loxo	Loxo	Gas giant	FALSE	FALSE	FALSE	FALSE	FALSE			Nessus
5563	727	595	Delta Loxo	Loxo	Alien world	FALSE	FALSE	FALSE	FALSE	FALSE			Nessus
5564	727	595	Epsilon Loxo	Loxo	Alien world	FALSE	FALSE	FALSE	FALSE	FALSE			Nessus
5565	727	595	Loxo campus	Loxo	Heroes Academy	FALSE	FALSE	FALSE	FALSE	FALSE			Nessus
5566	716	628	Pharis	Pharis	Sun	TRUE	TRUE	FALSE	FALSE	FALSE		Halitherses, Molpadia	Nessus
5567	716	628	Alpha Pharis	Pharis	Alien world	FALSE	FALSE	TRUE	FALSE	FALSE			Nessus
5568	716	628	Beta Pharis	Pharis	Inferno	FALSE	TRUE	FALSE	FALSE	FALSE			Nessus
5569	716	628	Gamma Pharis	Pharis	Frozen wasteland	FALSE	FALSE	FALSE	TRUE	FALSE			Nessus
5570	716	628	Pharis dealership	Pharis	Heroware	FALSE	FALSE	FALSE	FALSE	FALSE			Nessus
5571	716	628	Epsilon Pharis	Pharis	Alien world	FALSE	FALSE	FALSE	FALSE	FALSE			Nessus
5572	716	628	Tau Pharis	Pharis	Barren rock	FALSE	FALSE	FALSE	FALSE	FALSE	moon		Nessus
5573	757	626	Selene	Selene	Sun	TRUE	TRUE	FALSE	FALSE	FALSE		Molpadia	Nessus
5574	757	626	Alpha Selene	Selene	Alien world	FALSE	FALSE	FALSE	FALSE	FALSE			Nessus
5575	757	626	Beta Selene	Selene	Terran planet	FALSE	FALSE	FALSE	FALSE	FALSE			Nessus
5576	739	639	Telemus	Telemus	Sun	TRUE	TRUE	FALSE	FALSE	FALSE		Molpadia	Nessus
5577	739	639	Alpha Telemus	Telemus	Inferno	FALSE	TRUE	FALSE	FALSE	FALSE			Nessus
5578	739	639	Restaurant #1657	Telemus	Space Burger	FALSE	FALSE	FALSE	FALSE	FALSE			Nessus
5579	739	639	Gamma Telemus	Telemus	Alien world	FALSE	FALSE	FALSE	FALSE	FALSE			Nessus
5580	727	634	Molpadia	Molpadia	Sun	TRUE	TRUE	FALSE	FALSE	FALSE		Pharis, Aegeus, Telemus, Selene, Loxo	Nessus
5581	727	634	Alpha Molpadia	Molpadia	Alien world	FALSE	FALSE	FALSE	FALSE	FALSE			Nessus
5582	727	634	Beta Molpadia	Molpadia	Gas giant	FALSE	FALSE	FALSE	FALSE	FALSE			Nessus
5583	727	634	Molpadia station	Molpadia	Aftermarket Station	FALSE	FALSE	FALSE	FALSE	FALSE			Nessus
5584	727	634	Delta Molpadia	Molpadia	Gas giant	FALSE	FALSE	FALSE	FALSE	FALSE			Nessus
5585	727	634	Epsilon Molpadia	Molpadia	Gas giant	FALSE	FALSE	FALSE	FALSE	FALSE			Nessus
5586	727	634	Zeta Molpadia	Molpadia	Frozen wasteland	FALSE	FALSE	FALSE	TRUE	FALSE			Nessus
5587	760	758	Hecaterus	Hecaterus	Sun	TRUE	TRUE	FALSE	FALSE	FALSE		Phorbas	Sabaktes
5588	760	758	Umlima	Hecaterus	Asteroid belt	FALSE	TRUE	FALSE	FALSE	FALSE			Sabaktes
5589	760	758	Beta Hecaterus	Hecaterus	Alien world	FALSE	FALSE	FALSE	FALSE	FALSE			Sabaktes
5590	760	758	Gamma Hecaterus	Hecaterus	Gas giant	FALSE	FALSE	FALSE	FALSE	FALSE			Sabaktes
5591	760	758	Delta Hecaterus	Hecaterus	Alien world	FALSE	FALSE	TRUE	FALSE	FALSE			Sabaktes
5592	667	745	Eurystheus	Eurystheus	Sun	TRUE	TRUE	FALSE	FALSE	FALSE		Phalerus	Sabaktes
5593	667	745	Alpha Eurystheus	Eurystheus	Terran planet	FALSE	FALSE	FALSE	FALSE	FALSE			Sabaktes
5594	667	745	Beta Eurystheus	Eurystheus	Alien world	FALSE	FALSE	FALSE	FALSE	FALSE			Sabaktes
5595	667	745	Chi Eurystheus	Eurystheus	Alien world	FALSE	FALSE	TRUE	FALSE	FALSE	moon		Sabaktes
5596	669	750	Phalerus	Phalerus	Sun	TRUE	TRUE	FALSE	FALSE	FALSE		Eurystheus, Hemithea	Sabaktes
5597	669	750	Alpha Phalerus	Phalerus	Inferno	FALSE	TRUE	FALSE	FALSE	FALSE			Sabaktes
5598	669	750	Beta Phalerus	Phalerus	Terran planet	FALSE	FALSE	FALSE	FALSE	FALSE			Sabaktes
5599	669	750	Gamma Phalerus	Phalerus	Alien world	FALSE	FALSE	FALSE	FALSE	FALSE			Sabaktes
5600	669	750	Delta Phalerus	Phalerus	Frozen wasteland	FALSE	FALSE	FALSE	TRUE	FALSE			Sabaktes
5601	683	737	Hemithea	Hemithea	Sun	TRUE	TRUE	FALSE	FALSE	FALSE		Phalerus, Philoctetes	Sabaktes
5602	683	737	Alpha Hemithea	Hemithea	Gas giant	FALSE	FALSE	FALSE	FALSE	FALSE			Sabaktes
5603	683	737	Psi Hemithea	Hemithea	Artificial moon	FALSE	FALSE	FALSE	FALSE	FALSE	moon		Sabaktes
5604	683	737	Gamma Hemithea	Hemithea	Terran planet	FALSE	FALSE	FALSE	FALSE	FALSE			Sabaktes
5605	683	737	Delta Hemithea	Hemithea	Gas giant	FALSE	FALSE	FALSE	FALSE	FALSE			Sabaktes
5606	683	737	Epsilon Hemithea	Hemithea	Gas giant	FALSE	FALSE	FALSE	FALSE	FALSE			Sabaktes
5607	701	748	Philoctetes	Philoctetes	Sun	TRUE	TRUE	FALSE	FALSE	FALSE		Hemithea, Eurycleia	Sabaktes
5608	701	748	Alpha Philoctetes	Philoctetes	Alien world	FALSE	FALSE	FALSE	FALSE	FALSE			Sabaktes
5609	701	748	Beta Philoctetes	Philoctetes	Inferno	FALSE	TRUE	FALSE	FALSE	FALSE			Sabaktes
5610	701	748	Chi Philoctetes	Philoctetes	Barren rock	FALSE	FALSE	FALSE	FALSE	FALSE	moon		Sabaktes
5611	701	748	Phi Philoctetes	Philoctetes	Alien world	FALSE	FALSE	FALSE	FALSE	FALSE	moon		Sabaktes
5612	701	748	Philoctetes station	Philoctetes	Aftermarket Station	FALSE	FALSE	FALSE	FALSE	FALSE			Sabaktes
5613	701	748	Zeta Philoctetes	Philoctetes	Alien world	FALSE	FALSE	FALSE	FALSE	FALSE			Sabaktes
5614	701	748	Eta Philoctetes	Philoctetes	Alien world	FALSE	FALSE	FALSE	FALSE	FALSE			Sabaktes
5615	701	748	Rho Philoctetes	Philoctetes	Barren rock	FALSE	FALSE	FALSE	FALSE	FALSE	moon		Sabaktes
5616	701	748	Pi Philoctetes	Philoctetes	Alien world	FALSE	FALSE	TRUE	FALSE	FALSE	moon		Sabaktes
5617	701	748	Omicron Philoctetes	Philoctetes	Barren rock	FALSE	FALSE	FALSE	FALSE	FALSE	moon		Sabaktes
5618	701	748	Xi Philoctetes	Philoctetes	Artificial moon	FALSE	FALSE	FALSE	FALSE	FALSE	moon		Sabaktes
5619	691	798	Euchenor	Euchenor	Sun	TRUE	TRUE	FALSE	FALSE	FALSE		Eurycleia	Sabaktes
5620	691	798	Alpha Euchenor	Euchenor	Inferno	FALSE	TRUE	FALSE	FALSE	FALSE			Sabaktes
5621	691	798	Madam Dudee	Euchenor	Fortune Teller	FALSE	FALSE	FALSE	FALSE	FALSE			Sabaktes
5622	709	795	Aphareus	Aphareus	Sun	TRUE	TRUE	FALSE	FALSE	FALSE		Eurycleia	Sabaktes
5623	709	795	Alpha Aphareus	Aphareus	Alien world	FALSE	FALSE	FALSE	FALSE	FALSE			Sabaktes
5624	709	795	Beta Aphareus	Aphareus	Terran planet	FALSE	FALSE	FALSE	FALSE	FALSE			Sabaktes
5625	709	795	Chi Aphareus	Aphareus	Artificial moon	FALSE	FALSE	FALSE	FALSE	FALSE	moon		Sabaktes
5626	683	787	Eurycleia	Eurycleia	Sun	TRUE	TRUE	FALSE	FALSE	FALSE		Philoctetes, Euchenor, Aphareus, Phorbas	Sabaktes
5627	683	787	Alpha Eurycleia	Eurycleia	Terran planet	FALSE	FALSE	FALSE	FALSE	FALSE			Sabaktes
5628	683	787	Psi Eurycleia	Eurycleia	Alien world	FALSE	FALSE	TRUE	FALSE	FALSE	moon		Sabaktes
5629	683	787	Chi Eurycleia	Eurycleia	Alien world	FALSE	FALSE	FALSE	FALSE	FALSE	moon		Sabaktes
5630	683	787	Phi Eurycleia	Eurycleia	Alien world	FALSE	FALSE	FALSE	FALSE	FALSE	moon		Sabaktes
5631	683	787	Upsilon Eurycleia	Eurycleia	Alien world	FALSE	FALSE	FALSE	FALSE	FALSE	moon		Sabaktes
5632	683	787	Zeta Eurycleia	Eurycleia	Gas giant	FALSE	FALSE	FALSE	FALSE	FALSE			Sabaktes
5633	683	787	Eta Eurycleia	Eurycleia	Terran planet	FALSE	FALSE	FALSE	FALSE	FALSE			Sabaktes
5634	683	787	Theta Eurycleia	Eurycleia	Alien world	FALSE	FALSE	FALSE	FALSE	FALSE			Sabaktes
5635	683	787	Pi Eurycleia	Eurycleia	Alien world	FALSE	FALSE	FALSE	FALSE	FALSE	moon		Sabaktes
5636	683	787	Kappa Eurycleia	Eurycleia	Gas giant	FALSE	FALSE	FALSE	FALSE	FALSE			Sabaktes
5637	683	787	Xi Eurycleia	Eurycleia	Barren rock	FALSE	FALSE	FALSE	FALSE	FALSE	moon		Sabaktes
5638	744	766	Phorbas	Phorbas	Sun	TRUE	TRUE	FALSE	FALSE	FALSE		Eurycleia, Hecaterus	Sabaktes
5639	744	766	Alpha Phorbas	Phorbas	Alien world	FALSE	FALSE	FALSE	FALSE	FALSE			Sabaktes
5640	744	766	Madam Electra	Phorbas	Fortune Teller	FALSE	FALSE	FALSE	FALSE	FALSE			Sabaktes
5641	744	766	Gamma Phorbas	Phorbas	Gas giant	FALSE	FALSE	FALSE	FALSE	FALSE			Sabaktes
5642	744	766	Delta Phorbas	Phorbas	Alien world	FALSE	FALSE	FALSE	FALSE	FALSE			Sabaktes
5643	744	766	Upsilon Phorbas	Phorbas	Alien world	FALSE	FALSE	FALSE	FALSE	FALSE	moon		Sabaktes
5644	744	766	Zeta Phorbas	Phorbas	Terran planet	FALSE	FALSE	FALSE	FALSE	FALSE			Sabaktes
5645	744	766	Eta Phorbas	Phorbas	Gas giant	FALSE	FALSE	FALSE	FALSE	FALSE			Sabaktes
5646	744	766	Rho Phorbas	Phorbas	Barren rock	FALSE	FALSE	FALSE	FALSE	FALSE	moon		Sabaktes
5647	702	842	Cilix	Cilix	Sun	TRUE	TRUE	FALSE	FALSE	FALSE		Anaxo	Pterelaos
5648	702	842	Hottentot	Cilix	Asteroid belt	FALSE	TRUE	FALSE	FALSE	FALSE			Pterelaos
5649	702	842	Beta Cilix	Cilix	Alien world	FALSE	FALSE	FALSE	FALSE	FALSE			Pterelaos
5650	687	857	Anaxo	Anaxo	Sun	TRUE	TRUE	FALSE	FALSE	FALSE		Cilix, Tityos, Callithyia	Pterelaos
5651	687	857	Alpha Anaxo	Anaxo	Alien world	FALSE	FALSE	FALSE	FALSE	FALSE			Pterelaos
5652	687	857	Psi Anaxo	Anaxo	Barren rock	FALSE	FALSE	FALSE	FALSE	FALSE	moon		Pterelaos
5653	687	857	Chi Anaxo	Anaxo	Artificial moon	FALSE	FALSE	FALSE	FALSE	FALSE	moon		Pterelaos
5654	687	857	Outlet 22622.26084	Anaxo	Gus's Gas	FALSE	FALSE	FALSE	FALSE	FALSE			Pterelaos
5655	687	857	Epsilon Anaxo	Anaxo	Gas giant	FALSE	FALSE	FALSE	FALSE	FALSE			Pterelaos
5656	687	857	Zeta Anaxo	Anaxo	Terran planet	FALSE	FALSE	FALSE	FALSE	FALSE			Pterelaos
5657	679	846	Tityos	Tityos	Sun	TRUE	TRUE	FALSE	FALSE	FALSE		Anaxo	Pterelaos
5658	679	846	Alpha Tityos	Tityos	Gas giant	FALSE	FALSE	FALSE	FALSE	FALSE			Pterelaos
5659	679	846	Tityos campus	Tityos	Heroes Academy	FALSE	FALSE	FALSE	FALSE	FALSE			Pterelaos
5660	679	846	Gamma Tityos	Tityos	Alien world	FALSE	FALSE	FALSE	FALSE	FALSE			Pterelaos
5661	679	846	Delta Tityos	Tityos	Terran planet	FALSE	FALSE	FALSE	FALSE	FALSE			Pterelaos
5662	652	843	Callithyia	Callithyia	Sun	TRUE	TRUE	FALSE	FALSE	FALSE		Anaxo, Auge	Pterelaos
5663	652	843	Alpha Callithyia	Callithyia	Inferno	FALSE	TRUE	FALSE	FALSE	FALSE			Pterelaos
5664	652	843	Callithyia station	Callithyia	Aftermarket Station	FALSE	FALSE	FALSE	FALSE	FALSE			Pterelaos
5665	652	843	Gamma Callithyia	Callithyia	Alien world	FALSE	FALSE	FALSE	FALSE	FALSE			Pterelaos
5666	652	843	Delta Callithyia	Callithyia	Alien world	FALSE	FALSE	FALSE	FALSE	FALSE			Pterelaos
5667	652	843	Upsilon Callithyia	Callithyia	Alien world	FALSE	FALSE	FALSE	FALSE	FALSE	moon		Pterelaos
5668	652	843	Zeta Callithyia	Callithyia	Terran planet	FALSE	FALSE	FALSE	FALSE	FALSE			Pterelaos
5669	652	843	Eta Callithyia	Callithyia	Terran planet	FALSE	FALSE	FALSE	FALSE	FALSE			Pterelaos
5670	652	843	Rho Callithyia	Callithyia	Barren rock	FALSE	FALSE	FALSE	FALSE	FALSE	moon		Pterelaos
5671	664	815	Auge	Auge	Sun	TRUE	TRUE	FALSE	FALSE	FALSE		Callithyia	Pterelaos
5672	664	815	Alpha Auge	Auge	Terran planet	FALSE	FALSE	FALSE	FALSE	FALSE			Pterelaos
5673	664	815	Psi Auge	Auge	Barren rock	FALSE	FALSE	TRUE	FALSE	FALSE	moon		Pterelaos
5674	664	815	Chi Auge	Auge	Alien world	FALSE	FALSE	FALSE	FALSE	FALSE	moon		Pterelaos
5675	832	600	Triton	Triton	Sun	TRUE	TRUE	FALSE	FALSE	FALSE		Megaera	Amyntor
5676	832	600	Alpha Triton	Triton	Terran planet	FALSE	FALSE	FALSE	FALSE	FALSE			Amyntor
5677	832	600	Psi Triton	Triton	Artificial moon	FALSE	FALSE	FALSE	FALSE	FALSE	moon		Amyntor
5678	832	600	Chi Triton	Triton	Barren rock	FALSE	FALSE	FALSE	FALSE	FALSE	moon		Amyntor
5679	832	600	Delta Triton	Triton	Terran planet	FALSE	FALSE	FALSE	FALSE	FALSE			Amyntor
5680	832	600	Epsilon Triton	Triton	Alien world	FALSE	FALSE	FALSE	FALSE	FALSE			Amyntor
5681	832	600	Tau Triton	Triton	Artificial moon	FALSE	FALSE	FALSE	FALSE	FALSE	moon		Amyntor
5682	832	600	Sigma Triton	Triton	Artificial moon	FALSE	FALSE	FALSE	FALSE	FALSE	moon		Amyntor
5683	832	600	Rho Triton	Triton	Alien world	FALSE	FALSE	FALSE	FALSE	FALSE	moon		Amyntor
5684	867	659	Cleta	Cleta	Sun	TRUE	TRUE	FALSE	FALSE	FALSE		Rhea	Amyntor
5685	867	659	Alpha Cleta	Cleta	Alien world	FALSE	FALSE	TRUE	FALSE	FALSE			Amyntor
5686	867	659	Psi Cleta	Cleta	Alien world	FALSE	FALSE	FALSE	FALSE	FALSE	moon		Amyntor
5687	867	659	Chi Cleta	Cleta	Alien world	FALSE	FALSE	FALSE	FALSE	FALSE	moon		Amyntor
5688	867	659	Phi Cleta	Cleta	Alien world	FALSE	FALSE	FALSE	FALSE	FALSE	moon		Amyntor
5689	841	638	Rhea	Rhea	Sun	TRUE	TRUE	FALSE	FALSE	FALSE		Cleta, Megaera	Amyntor
5690	841	638	Alpha Rhea	Rhea	Terran planet	FALSE	FALSE	FALSE	FALSE	FALSE			Amyntor
5691	841	638	Beta Rhea	Rhea	Inferno	FALSE	TRUE	FALSE	FALSE	FALSE			Amyntor
5692	821	616	Megaera	Megaera	Sun	TRUE	TRUE	FALSE	FALSE	FALSE		Triton, Rhea, Bellerophon	Amyntor
5693	821	616	Alpha Megaera	Megaera	Gas giant	FALSE	FALSE	FALSE	FALSE	FALSE			Amyntor
5694	821	616	Beta Megaera	Megaera	Gas giant	FALSE	FALSE	FALSE	FALSE	FALSE			Amyntor
5695	821	616	Gamma Megaera	Megaera	Alien world	FALSE	FALSE	FALSE	FALSE	FALSE			Amyntor
5696	821	616	Delta Megaera	Megaera	Frozen wasteland	FALSE	FALSE	FALSE	TRUE	FALSE			Amyntor
5697	821	616	Epsilon Megaera	Megaera	Alien world	FALSE	FALSE	FALSE	FALSE	FALSE			Amyntor
5698	812	654	Eteocles	Eteocles	Sun	TRUE	TRUE	FALSE	FALSE	FALSE		Bellerophon	Amyntor
5699	812	654	Alpha Eteocles	Eteocles	Terran planet	FALSE	FALSE	FALSE	FALSE	FALSE			Amyntor
5700	812	654	Madam Lyubitshka	Eteocles	Fortune Teller	FALSE	FALSE	FALSE	FALSE	FALSE			Amyntor
5701	812	654	Restaurant #1921	Eteocles	Space Burger	FALSE	FALSE	FALSE	FALSE	FALSE			Amyntor
5702	798	664	Bellerophon	Bellerophon	Sun	TRUE	TRUE	FALSE	FALSE	FALSE		Megaera, Eteocles, Cydippe, Telemachus	Amyntor
5703	798	664	Alpha Bellerophon	Bellerophon	Alien world	FALSE	FALSE	FALSE	FALSE	FALSE			Amyntor
5704	798	664	Beta Bellerophon	Bellerophon	Alien world	FALSE	FALSE	FALSE	FALSE	FALSE			Amyntor
5705	798	664	Gamma Bellerophon	Bellerophon	Gas giant	FALSE	FALSE	FALSE	FALSE	FALSE			Amyntor
5706	798	664	Delta Bellerophon	Bellerophon	Alien world	FALSE	FALSE	FALSE	FALSE	FALSE			Amyntor
5707	798	664	Epsilon Bellerophon	Bellerophon	Frozen wasteland	FALSE	FALSE	FALSE	TRUE	FALSE			Amyntor
5708	755	660	Thisbe	Thisbe	Sun	TRUE	TRUE	FALSE	FALSE	FALSE		Telemachus	Amyntor
5709	755	660	Alpha Thisbe	Thisbe	Inferno	FALSE	TRUE	FALSE	FALSE	FALSE			Amyntor
5710	755	660	Beta Thisbe	Thisbe	Gas giant	FALSE	FALSE	FALSE	FALSE	FALSE			Amyntor
5711	755	660	Thisbe campus	Thisbe	Heroes Academy	FALSE	FALSE	FALSE	FALSE	FALSE			Amyntor
5712	755	660	Delta Thisbe	Thisbe	Gas giant	FALSE	FALSE	FALSE	FALSE	FALSE			Amyntor
5713	755	660	Madam Olena	Thisbe	Fortune Teller	FALSE	FALSE	FALSE	FALSE	FALSE			Amyntor
5714	755	660	Zeta Thisbe	Thisbe	Alien world	FALSE	FALSE	FALSE	FALSE	FALSE			Amyntor
5715	755	660	Eta Thisbe	Thisbe	Gas giant	FALSE	FALSE	FALSE	FALSE	FALSE			Amyntor
5716	769	674	Telemachus	Telemachus	Sun	TRUE	TRUE	FALSE	FALSE	FALSE		Bellerophon, Thisbe	Amyntor
5717	769	674	Alpha Telemachus	Telemachus	Terran planet	FALSE	FALSE	FALSE	FALSE	FALSE			Amyntor
5718	769	674	Beta Telemachus	Telemachus	Alien world	FALSE	FALSE	FALSE	FALSE	FALSE			Amyntor
5719	769	674	Chi Telemachus	Telemachus	Artificial moon	FALSE	FALSE	FALSE	FALSE	FALSE	moon		Amyntor
5720	769	674	Delta Telemachus	Telemachus	Gas giant	FALSE	FALSE	FALSE	FALSE	FALSE			Amyntor
5721	769	674	Epsilon Telemachus	Telemachus	Alien world	FALSE	FALSE	TRUE	FALSE	FALSE			Amyntor
5722	769	674	Telemachus dealership	Telemachus	Heroware	FALSE	FALSE	FALSE	FALSE	FALSE			Amyntor
5723	769	674	Eta Telemachus	Telemachus	Frozen wasteland	FALSE	FALSE	FALSE	TRUE	FALSE			Amyntor
5724	769	674	Rho Telemachus	Telemachus	Alien world	FALSE	FALSE	FALSE	FALSE	FALSE	moon		Amyntor
5725	769	674	Pi Telemachus	Telemachus	Artificial moon	FALSE	FALSE	FALSE	FALSE	FALSE	moon		Amyntor
5726	769	674	Omicron Telemachus	Telemachus	Artificial moon	FALSE	FALSE	FALSE	FALSE	FALSE	moon		Amyntor
5727	781	674	Perseus	Perseus	Sun	TRUE	TRUE	FALSE	FALSE	FALSE		Cydippe	Amyntor
5728	781	674	Alpha Perseus	Perseus	Alien world	FALSE	FALSE	FALSE	FALSE	FALSE			Amyntor
5729	793	676	Epidaurus	Epidaurus	Sun	TRUE	TRUE	FALSE	FALSE	FALSE		Cydippe	Amyntor
5730	793	676	Alpha Epidaurus	Epidaurus	Terran planet	FALSE	FALSE	FALSE	FALSE	FALSE			Amyntor
5731	789	680	Cydippe	Cydippe	Sun	TRUE	TRUE	FALSE	FALSE	FALSE		Bellerophon, Perseus, Epidaurus	Amyntor
5732	789	680	Alpha Cydippe	Cydippe	Gas giant	FALSE	FALSE	FALSE	FALSE	FALSE			Amyntor
5733	789	680	Psi Cydippe	Cydippe	Artificial moon	FALSE	FALSE	FALSE	FALSE	FALSE	moon		Amyntor
5734	789	680	Chi Cydippe	Cydippe	Alien world	FALSE	FALSE	FALSE	FALSE	FALSE	moon		Amyntor
5735	789	680	Phi Cydippe	Cydippe	Alien world	FALSE	FALSE	FALSE	FALSE	FALSE	moon		Amyntor
5736	789	680	Epsilon Cydippe	Cydippe	Alien world	FALSE	FALSE	FALSE	FALSE	FALSE			Amyntor
5737	770	708	Eetion	Eetion	Sun	TRUE	TRUE	FALSE	FALSE	FALSE		Agathodaemon, Deipneus	Androgeus
5738	770	708	Alpha Eetion	Eetion	Terran planet	FALSE	FALSE	FALSE	FALSE	FALSE			Androgeus
5739	770	708	Restaurant #8884	Eetion	Space Burger	FALSE	FALSE	FALSE	FALSE	FALSE			Androgeus
5740	770	708	Gamma Eetion	Eetion	Gas giant	FALSE	FALSE	TRUE	FALSE	FALSE			Androgeus
5741	770	708	Eetion campus	Eetion	Heroes Academy	FALSE	FALSE	FALSE	FALSE	FALSE			Androgeus
5742	770	708	Huvi Ovimbundu	Eetion	Asteroid belt	FALSE	FALSE	FALSE	TRUE	FALSE			Androgeus
5743	807	697	Antiphates	Antiphates	Sun	TRUE	TRUE	FALSE	FALSE	FALSE		Bucolion	Androgeus
5744	807	697	Alpha Antiphates	Antiphates	Gas giant	FALSE	FALSE	FALSE	FALSE	FALSE			Androgeus
5745	807	697	Psi Antiphates	Antiphates	Artificial moon	FALSE	FALSE	FALSE	FALSE	FALSE	moon		Androgeus
5746	807	697	Chi Antiphates	Antiphates	Barren rock	FALSE	FALSE	FALSE	FALSE	FALSE	moon		Androgeus
5747	807	697	Phi Antiphates	Antiphates	Barren rock	FALSE	FALSE	FALSE	FALSE	FALSE	moon		Androgeus
5748	807	697	Upsilon Antiphates	Antiphates	Alien world	FALSE	FALSE	FALSE	FALSE	FALSE	moon		Androgeus
5749	807	697	Tau Antiphates	Antiphates	Barren rock	FALSE	FALSE	FALSE	FALSE	FALSE	moon		Androgeus
5750	807	697	Eta Antiphates	Antiphates	Alien world	FALSE	FALSE	FALSE	FALSE	FALSE			Androgeus
5751	799	701	Bucolion	Bucolion	Sun	TRUE	TRUE	FALSE	FALSE	FALSE		Agathodaemon, Antiphates	Androgeus
5752	799	701	Alpha Bucolion	Bucolion	Gas giant	FALSE	FALSE	FALSE	FALSE	FALSE			Androgeus
5753	799	701	Beta Bucolion	Bucolion	Alien world	FALSE	FALSE	FALSE	FALSE	FALSE			Androgeus
5754	799	701	Gamma Bucolion	Bucolion	Alien world	FALSE	FALSE	FALSE	FALSE	FALSE			Androgeus
5755	799	701	Madam Florence	Bucolion	Fortune Teller	FALSE	FALSE	FALSE	FALSE	FALSE			Androgeus
5756	780	714	Agathodaemon	Agathodaemon	Sun	TRUE	TRUE	FALSE	FALSE	FALSE		Eetion, Bucolion, Endymion	Androgeus
5757	780	714	Alpha Agathodaemon	Agathodaemon	Alien world	FALSE	FALSE	FALSE	FALSE	FALSE			Androgeus
5758	780	714	Beta Agathodaemon	Agathodaemon	Inferno	FALSE	TRUE	FALSE	FALSE	FALSE			Androgeus
5759	780	714	Gamma Agathodaemon	Agathodaemon	Alien world	FALSE	FALSE	FALSE	FALSE	FALSE			Androgeus
5760	780	714	Delta Agathodaemon	Agathodaemon	Gas giant	FALSE	FALSE	FALSE	FALSE	FALSE			Androgeus
5761	768	716	Deipneus	Deipneus	Sun	TRUE	TRUE	FALSE	FALSE	FALSE		Eetion	Androgeus
5762	768	716	Alpha Deipneus	Deipneus	Alien world	FALSE	FALSE	FALSE	FALSE	FALSE			Androgeus
5763	768	716	Beta Deipneus	Deipneus	Alien world	FALSE	FALSE	FALSE	FALSE	FALSE			Androgeus
5764	795	712	Lelantos	Lelantos	Sun	TRUE	TRUE	FALSE	FALSE	FALSE		Clymenus	Androgeus
5765	795	712	Alpha Lelantos	Lelantos	Alien world	FALSE	FALSE	FALSE	FALSE	FALSE			Androgeus
5766	800	721	Clymenus	Clymenus	Sun	TRUE	TRUE	FALSE	FALSE	FALSE		Lelantos, Endymion	Androgeus
5767	800	721	Alpha Clymenus	Clymenus	Alien world	FALSE	FALSE	TRUE	FALSE	FALSE			Androgeus
5768	800	721	Beta Clymenus	Clymenus	Gas giant	FALSE	FALSE	FALSE	FALSE	FALSE			Androgeus
5769	791	727	Endymion	Endymion	Sun	TRUE	TRUE	FALSE	FALSE	FALSE		Clymenus, Agathodaemon, Amethystos	Androgeus
5770	791	727	Alpha Endymion	Endymion	Alien world	FALSE	FALSE	FALSE	FALSE	FALSE			Androgeus
5771	791	727	Beta Endymion	Endymion	Terran planet	FALSE	FALSE	FALSE	FALSE	FALSE			Androgeus
5772	791	727	Gamma Endymion	Endymion	Terran planet	FALSE	FALSE	FALSE	FALSE	FALSE			Androgeus
5773	791	727	Phi Endymion	Endymion	Barren rock	FALSE	FALSE	FALSE	FALSE	FALSE	moon		Androgeus
5774	791	727	Upsilon Endymion	Endymion	Alien world	FALSE	FALSE	FALSE	FALSE	FALSE	moon		Androgeus
5775	791	727	Zeta Endymion	Endymion	Gas giant	FALSE	FALSE	TRUE	FALSE	FALSE			Androgeus
5776	791	727	Eta Endymion	Endymion	Alien world	FALSE	FALSE	FALSE	FALSE	FALSE			Androgeus
5777	747	713	Amethystos	Amethystos	Sun	TRUE	TRUE	FALSE	FALSE	FALSE		Pandora, Dius, Endymion	Androgeus
5778	747	713	Alpha Amethystos	Amethystos	Terran planet	FALSE	FALSE	FALSE	FALSE	FALSE			Androgeus
5779	747	713	Beta Amethystos	Amethystos	Gas giant	FALSE	FALSE	FALSE	FALSE	FALSE			Androgeus
5780	747	713	Chi Amethystos	Amethystos	Alien world	FALSE	FALSE	FALSE	FALSE	FALSE	moon		Androgeus
5781	747	713	Phi Amethystos	Amethystos	Alien world	FALSE	FALSE	FALSE	FALSE	FALSE	moon		Androgeus
5782	747	713	Epsilon Amethystos	Amethystos	Terran planet	FALSE	FALSE	FALSE	FALSE	FALSE			Androgeus
5783	747	713	Zeta Amethystos	Amethystos	Alien world	FALSE	FALSE	FALSE	FALSE	FALSE			Androgeus
5784	747	713	Eta Amethystos	Amethystos	Terran planet	FALSE	FALSE	FALSE	FALSE	FALSE			Androgeus
5785	746	724	Dius	Dius	Sun	TRUE	TRUE	FALSE	FALSE	FALSE		Laodamas, Amethystos	Androgeus
5786	746	724	Alpha Dius	Dius	Alien world	FALSE	FALSE	FALSE	FALSE	FALSE			Androgeus
5787	746	724	Beta Dius	Dius	Terran planet	FALSE	FALSE	FALSE	FALSE	FALSE			Androgeus
5788	746	724	Gamma Dius	Dius	Alien world	FALSE	FALSE	FALSE	FALSE	FALSE			Androgeus
5789	746	724	Delta Dius	Dius	Gas giant	FALSE	FALSE	FALSE	FALSE	FALSE			Androgeus
5790	745	737	Laodamas	Laodamas	Sun	TRUE	TRUE	FALSE	FALSE	FALSE		Dius	Androgeus
5791	745	737	Alpha Laodamas	Laodamas	Gas giant	FALSE	FALSE	FALSE	FALSE	FALSE			Androgeus
5792	745	737	Beta Laodamas	Laodamas	Gas giant	FALSE	FALSE	FALSE	FALSE	FALSE			Androgeus
5793	745	737	Outlet 24470.24172	Laodamas	Gus's Gas	FALSE	FALSE	FALSE	FALSE	FALSE			Androgeus
5794	745	737	Delta Laodamas	Laodamas	Gas giant	FALSE	FALSE	FALSE	FALSE	FALSE			Androgeus
5795	745	737	Upsilon Laodamas	Laodamas	Alien world	FALSE	FALSE	FALSE	FALSE	FALSE	moon		Androgeus
5796	745	737	Tau Laodamas	Laodamas	Barren rock	FALSE	FALSE	FALSE	FALSE	FALSE	moon		Androgeus
5797	745	737	Sigma Laodamas	Laodamas	Barren rock	FALSE	FALSE	FALSE	FALSE	FALSE	moon		Androgeus
5798	733	715	Pandora	Pandora	Sun	TRUE	TRUE	FALSE	FALSE	FALSE		Pannychis, Bormus, Echemus, Amethystos	Androgeus
5799	733	715	Alpha Pandora	Pandora	Alien world	FALSE	FALSE	TRUE	FALSE	FALSE			Androgeus
5800	733	715	Beta Pandora	Pandora	Alien world	FALSE	FALSE	FALSE	FALSE	FALSE			Androgeus
5801	733	715	Gamma Pandora	Pandora	Terran planet	FALSE	FALSE	FALSE	FALSE	FALSE			Androgeus
5802	733	715	Phi Pandora	Pandora	Artificial moon	FALSE	FALSE	FALSE	FALSE	FALSE	moon		Androgeus
5803	733	715	Upsilon Pandora	Pandora	Alien world	FALSE	FALSE	FALSE	FALSE	FALSE	moon		Androgeus
5804	733	715	Zeta Pandora	Pandora	Alien world	FALSE	FALSE	TRUE	FALSE	FALSE			Androgeus
5805	732	724	Echemus	Echemus	Sun	TRUE	TRUE	FALSE	FALSE	FALSE		Pandora	Androgeus
5806	732	724	Alpha Echemus	Echemus	Alien world	FALSE	FALSE	FALSE	FALSE	FALSE			Androgeus
5807	732	724	Beta Echemus	Echemus	Alien world	FALSE	FALSE	FALSE	FALSE	FALSE			Androgeus
5808	732	724	Gamma Echemus	Echemus	Gas giant	FALSE	FALSE	FALSE	FALSE	FALSE			Androgeus
5809	732	724	Madam Ethelinda	Echemus	Fortune Teller	FALSE	FALSE	FALSE	FALSE	FALSE			Androgeus
5810	732	724	Epsilon Echemus	Echemus	Gas giant	FALSE	FALSE	FALSE	FALSE	FALSE			Androgeus
5811	732	699	Bormus	Bormus	Sun	TRUE	TRUE	FALSE	FALSE	FALSE		Pandora	Androgeus
5812	732	699	Alpha Bormus	Bormus	Inferno	FALSE	TRUE	FALSE	FALSE	FALSE			Androgeus
5813	732	699	Psi Bormus	Bormus	Barren rock	FALSE	FALSE	FALSE	FALSE	FALSE	moon		Androgeus
5814	732	699	Gamma Bormus	Bormus	Alien world	FALSE	FALSE	FALSE	FALSE	FALSE			Androgeus
5815	712	697	Pannychis	Pannychis	Sun	TRUE	TRUE	FALSE	FALSE	FALSE		Pandora	Androgeus
5816	712	697	Alpha Pannychis	Pannychis	Inferno	FALSE	TRUE	TRUE	FALSE	FALSE			Androgeus
5817	712	697	Psi Pannychis	Pannychis	Barren rock	FALSE	FALSE	FALSE	FALSE	FALSE	moon		Androgeus
5818	712	697	Chi Pannychis	Pannychis	Artificial moon	FALSE	FALSE	FALSE	FALSE	FALSE	moon		Androgeus
5819	712	697	Outlet 23452.22865	Pannychis	Gus's Gas	FALSE	FALSE	FALSE	FALSE	FALSE			Androgeus
5820	712	697	Epsilon Pannychis	Pannychis	Alien world	FALSE	FALSE	FALSE	FALSE	FALSE			Androgeus
5821	712	697	Tau Pannychis	Pannychis	Alien world	FALSE	FALSE	FALSE	FALSE	FALSE	moon		Androgeus
5822	712	697	Sigma Pannychis	Pannychis	Artificial moon	FALSE	FALSE	FALSE	FALSE	FALSE	moon		Androgeus
5823	712	697	Theta Pannychis	Pannychis	Alien world	FALSE	FALSE	FALSE	FALSE	FALSE			Androgeus
5824	712	697	Pi Pannychis	Pannychis	Barren rock	FALSE	FALSE	FALSE	FALSE	FALSE	moon		Androgeus
5825	712	697	Kappa Pannychis	Pannychis	Terran planet	FALSE	FALSE	FALSE	FALSE	FALSE			Androgeus
5826	811	793	Amphictyon	Amphictyon	Sun	TRUE	TRUE	FALSE	FALSE	FALSE		Aphros	Chelone
5827	811	793	Alpha Amphictyon	Amphictyon	Gas giant	FALSE	FALSE	FALSE	FALSE	FALSE			Chelone
5828	811	793	Beta Amphictyon	Amphictyon	Gas giant	FALSE	FALSE	FALSE	FALSE	FALSE			Chelone
5829	811	793	Chi Amphictyon	Amphictyon	Alien world	FALSE	FALSE	FALSE	FALSE	FALSE	moon		Chelone
5830	811	793	Phi Amphictyon	Amphictyon	Alien world	FALSE	FALSE	FALSE	FALSE	FALSE	moon		Chelone
5831	806	759	Anchialus	Anchialus	Sun	TRUE	TRUE	FALSE	FALSE	FALSE		Dike, Leucophrye, Cassandra	Chelone
5832	806	759	Alpha Anchialus	Anchialus	Inferno	FALSE	TRUE	FALSE	FALSE	FALSE			Chelone
5833	806	759	Psi Anchialus	Anchialus	Artificial moon	FALSE	FALSE	FALSE	FALSE	FALSE	moon		Chelone
5834	806	759	Gamma Anchialus	Anchialus	Terran planet	FALSE	FALSE	FALSE	FALSE	FALSE			Chelone
5835	806	759	Delta Anchialus	Anchialus	Alien world	FALSE	FALSE	FALSE	FALSE	FALSE			Chelone
5836	806	759	Epsilon Anchialus	Anchialus	Frozen wasteland	FALSE	FALSE	FALSE	TRUE	FALSE			Chelone
5837	799	746	Otrera	Otrera	Sun	TRUE	TRUE	FALSE	FALSE	FALSE		Dike	Chelone
5838	799	746	Alpha Otrera	Otrera	Alien world	FALSE	FALSE	FALSE	FALSE	FALSE			Chelone
5839	799	746	Psi Otrera	Otrera	Barren rock	FALSE	FALSE	TRUE	FALSE	FALSE	moon		Chelone
5840	799	746	Otrera campus	Otrera	Heroes Academy	FALSE	FALSE	FALSE	FALSE	FALSE			Chelone
5841	799	756	Dike	Dike	Sun	TRUE	TRUE	FALSE	FALSE	FALSE		Anchialus, Otrera	Chelone
5842	799	756	Alpha Dike	Dike	Alien world	FALSE	FALSE	FALSE	FALSE	FALSE			Chelone
5843	799	756	Beta Dike	Dike	Alien world	FALSE	FALSE	FALSE	FALSE	FALSE			Chelone
5844	828	763	Cassandra	Cassandra	Sun	TRUE	TRUE	FALSE	FALSE	FALSE		Anchialus	Chelone
5845	828	763	Alpha Cassandra	Cassandra	Alien world	FALSE	FALSE	FALSE	FALSE	FALSE			Chelone
5846	828	763	Beta Cassandra	Cassandra	Alien world	FALSE	FALSE	FALSE	FALSE	FALSE			Chelone
5847	811	771	Xanthius	Xanthius	Sun	TRUE	TRUE	FALSE	FALSE	FALSE		Leucophrye	Chelone
5848	811	771	Alpha Xanthius	Xanthius	Terran planet	FALSE	FALSE	FALSE	FALSE	FALSE			Chelone
5849	803	776	Leucophrye	Leucophrye	Sun	TRUE	TRUE	FALSE	FALSE	FALSE		Presbon, Xanthius, Anchialus	Chelone
5850	803	776	Alpha Leucophrye	Leucophrye	Alien world	FALSE	FALSE	FALSE	FALSE	FALSE			Chelone
5851	803	776	Psi Leucophrye	Leucophrye	Artificial moon	FALSE	FALSE	FALSE	FALSE	FALSE	moon		Chelone
5852	803	776	Gamma Leucophrye	Leucophrye	Gas giant	FALSE	FALSE	FALSE	FALSE	FALSE			Chelone
5853	803	776	Delta Leucophrye	Leucophrye	Alien world	FALSE	FALSE	FALSE	FALSE	FALSE			Chelone
5854	803	776	Epsilon Leucophrye	Leucophrye	Alien world	FALSE	FALSE	FALSE	FALSE	FALSE			Chelone
5855	803	776	Tau Leucophrye	Leucophrye	Artificial moon	FALSE	FALSE	FALSE	FALSE	FALSE	moon		Chelone
5856	803	776	Sigma Leucophrye	Leucophrye	Alien world	FALSE	FALSE	FALSE	FALSE	FALSE	moon		Chelone
5857	803	776	Theta Leucophrye	Leucophrye	Frozen wasteland	FALSE	FALSE	FALSE	TRUE	FALSE			Chelone
5858	803	776	Leucophrye dealership	Leucophrye	Heroware	FALSE	FALSE	FALSE	FALSE	FALSE			Chelone
5859	784	780	Lapithes	Lapithes	Sun	TRUE	TRUE	FALSE	FALSE	FALSE		Eudaimonia	Chelone
5860	784	780	Alpha Lapithes	Lapithes	Terran planet	FALSE	FALSE	FALSE	FALSE	FALSE			Chelone
5861	784	780	Outlet 25738.25585	Lapithes	Gus's Gas	FALSE	FALSE	FALSE	FALSE	FALSE			Chelone
5862	784	780	Lapithes station	Lapithes	Aftermarket Station	FALSE	FALSE	FALSE	FALSE	FALSE			Chelone
5863	784	780	Delta Lapithes	Lapithes	Alien world	FALSE	FALSE	FALSE	FALSE	FALSE			Chelone
5864	788	789	Eudaimonia	Eudaimonia	Sun	TRUE	TRUE	FALSE	FALSE	FALSE		Lapithes, Presbon	Chelone
5865	788	789	Alpha Eudaimonia	Eudaimonia	Terran planet	FALSE	FALSE	FALSE	FALSE	FALSE			Chelone
5866	788	789	Beta Eudaimonia	Eudaimonia	Alien world	FALSE	FALSE	FALSE	FALSE	FALSE			Chelone
5867	788	789	Chi Eudaimonia	Eudaimonia	Barren rock	FALSE	FALSE	FALSE	FALSE	FALSE	moon		Chelone
5868	788	789	Madam Blasia	Eudaimonia	Fortune Teller	FALSE	FALSE	FALSE	FALSE	FALSE			Chelone
5869	797	791	Presbon	Presbon	Sun	TRUE	TRUE	FALSE	FALSE	FALSE		Aphros, Eudaimonia, Leucophrye	Chelone
5870	797	791	Alpha Presbon	Presbon	Terran planet	FALSE	FALSE	FALSE	FALSE	FALSE			Chelone
5871	797	791	Beta Presbon	Presbon	Gas giant	FALSE	FALSE	FALSE	FALSE	FALSE			Chelone
5872	797	791	Gamma Presbon	Presbon	Terran planet	FALSE	FALSE	FALSE	FALSE	FALSE			Chelone
5873	802	799	Aphros	Aphros	Sun	TRUE	TRUE	FALSE	FALSE	FALSE		Panthous, Presbon, Amphictyon	Chelone
5874	802	799	Alpha Aphros	Aphros	Alien world	FALSE	FALSE	FALSE	FALSE	FALSE			Chelone
5875	802	799	Beta Aphros	Aphros	Terran planet	FALSE	FALSE	FALSE	FALSE	FALSE			Chelone
5876	802	799	Chi Aphros	Aphros	Artificial moon	FALSE	FALSE	FALSE	FALSE	FALSE	moon		Chelone
5877	802	799	Phi Aphros	Aphros	Alien world	FALSE	FALSE	FALSE	FALSE	FALSE	moon		Chelone
5878	802	799	Upsilon Aphros	Aphros	Artificial moon	FALSE	FALSE	FALSE	FALSE	FALSE	moon		Chelone
5879	788	804	Panthous	Panthous	Sun	TRUE	TRUE	FALSE	FALSE	FALSE		Aphros	Chelone
5880	788	804	Alpha Panthous	Panthous	Alien world	FALSE	FALSE	FALSE	FALSE	FALSE			Chelone
5881	788	804	Panthous campus	Panthous	Heroes Academy	FALSE	FALSE	FALSE	FALSE	FALSE			Chelone
5882	788	804	Gamma Panthous	Panthous	Alien world	FALSE	FALSE	FALSE	FALSE	FALSE			Chelone
5883	788	804	Phi Panthous	Panthous	Artificial moon	FALSE	FALSE	FALSE	FALSE	FALSE	moon		Chelone
5884	788	804	Upsilon Panthous	Panthous	Barren rock	FALSE	FALSE	FALSE	FALSE	FALSE	moon		Chelone
5885	788	804	Tau Panthous	Panthous	Barren rock	FALSE	FALSE	FALSE	FALSE	FALSE	moon		Chelone
5886	826	694	Dolops	Dolops	Sun	TRUE	TRUE	FALSE	FALSE	FALSE		Aporia, Trophonius, Peneus, Gyges	Peitho
5887	826	694	Alpha Dolops	Dolops	Terran planet	FALSE	FALSE	FALSE	FALSE	FALSE			Peitho
5888	826	694	Psi Dolops	Dolops	Alien world	FALSE	FALSE	FALSE	FALSE	FALSE	moon		Peitho
5889	826	694	Chi Dolops	Dolops	Barren rock	FALSE	FALSE	FALSE	FALSE	FALSE	moon		Peitho
5890	826	694	Dolops campus	Dolops	Heroes Academy	FALSE	FALSE	FALSE	FALSE	FALSE			Peitho
5891	826	694	Upsilon Dolops	Dolops	Artificial moon	FALSE	FALSE	FALSE	FALSE	FALSE	moon		Peitho
5892	826	694	Tau Dolops	Dolops	Alien world	FALSE	FALSE	TRUE	FALSE	FALSE	moon		Peitho
5893	826	694	Eta Dolops	Dolops	Alien world	FALSE	FALSE	FALSE	FALSE	FALSE			Peitho
5894	826	694	Rho Dolops	Dolops	Barren rock	FALSE	FALSE	FALSE	FALSE	FALSE	moon		Peitho
5895	826	694	Pi Dolops	Dolops	Artificial moon	FALSE	FALSE	FALSE	FALSE	FALSE	moon		Peitho
5896	826	694	Kappa Dolops	Dolops	Terran planet	FALSE	FALSE	FALSE	FALSE	FALSE			Peitho
5897	826	694	Restaurant #9021	Dolops	Space Burger	FALSE	FALSE	FALSE	FALSE	FALSE	Droid #42D4		Peitho
5898	826	694	Mu Dolops	Dolops	Terran planet	FALSE	FALSE	FALSE	FALSE	FALSE			Peitho
5899	826	694	Dolops dealership	Dolops	Heroware	FALSE	FALSE	FALSE	FALSE	FALSE			Peitho
5900	831	675	Aporia	Aporia	Sun	TRUE	TRUE	FALSE	FALSE	FALSE		Dolops	Peitho
5901	831	675	Untombinde	Aporia	Asteroid belt	FALSE	TRUE	FALSE	FALSE	FALSE			Peitho
5902	831	675	Beta Aporia	Aporia	Alien world	FALSE	FALSE	FALSE	FALSE	FALSE			Peitho
5903	831	675	Gamma Aporia	Aporia	Terran planet	FALSE	FALSE	FALSE	FALSE	FALSE			Peitho
5904	831	675	Delta Aporia	Aporia	Alien world	FALSE	FALSE	FALSE	FALSE	FALSE			Peitho
5905	831	675	Aporia station	Aporia	Aftermarket Station	FALSE	FALSE	FALSE	FALSE	FALSE			Peitho
5906	825	709	Gyges	Gyges	Sun	TRUE	TRUE	FALSE	FALSE	FALSE		Dolops	Peitho
5907	825	709	Alpha Gyges	Gyges	Terran planet	FALSE	FALSE	FALSE	FALSE	FALSE			Peitho
5908	825	709	Psi Gyges	Gyges	Barren rock	FALSE	FALSE	FALSE	FALSE	FALSE	moon		Peitho
5909	825	709	Gamma Gyges	Gyges	Terran planet	FALSE	FALSE	FALSE	FALSE	FALSE			Peitho
5910	867	697	Trophonius	Trophonius	Sun	TRUE	TRUE	FALSE	FALSE	FALSE		Dolops, Leucothea	Peitho
5911	867	697	Alpha Trophonius	Trophonius	Alien world	FALSE	FALSE	FALSE	FALSE	FALSE			Peitho
5912	867	697	Psi Trophonius	Trophonius	Barren rock	FALSE	FALSE	FALSE	FALSE	FALSE	moon		Peitho
5913	867	697	Chi Trophonius	Trophonius	Barren rock	FALSE	FALSE	FALSE	FALSE	FALSE	moon		Peitho
5914	867	697	Delta Trophonius	Trophonius	Alien world	FALSE	FALSE	FALSE	FALSE	FALSE			Peitho
5915	867	697	Upsilon Trophonius	Trophonius	Alien world	FALSE	FALSE	FALSE	FALSE	FALSE	moon		Peitho
5916	867	697	Zeta Trophonius	Trophonius	Alien world	FALSE	FALSE	FALSE	FALSE	FALSE			Peitho
5917	862	711	Leucothea	Leucothea	Sun	TRUE	TRUE	FALSE	FALSE	FALSE		Corus, Trophonius	Peitho
5918	862	711	Alpha Leucothea	Leucothea	Gas giant	FALSE	FALSE	FALSE	FALSE	FALSE			Peitho
5919	862	711	Beta Leucothea	Leucothea	Alien world	FALSE	FALSE	FALSE	FALSE	FALSE			Peitho
5920	862	711	Villenangi	Leucothea	Asteroid belt	FALSE	FALSE	FALSE	TRUE	FALSE			Peitho
5921	867	731	Corus	Corus	Sun	TRUE	TRUE	FALSE	FALSE	FALSE		Leucothea	Peitho
5922	867	731	Alpha Corus	Corus	Inferno	FALSE	TRUE	FALSE	FALSE	FALSE			Peitho
5923	867	731	Psi Corus	Corus	Alien world	FALSE	FALSE	FALSE	FALSE	FALSE	moon		Peitho
5924	867	731	Chi Corus	Corus	Artificial moon	FALSE	FALSE	FALSE	FALSE	FALSE	moon		Peitho
5925	867	731	Phi Corus	Corus	Barren rock	FALSE	FALSE	FALSE	FALSE	FALSE	moon		Peitho
5926	867	731	Upsilon Corus	Corus	Barren rock	FALSE	FALSE	FALSE	FALSE	FALSE	moon		Peitho
5927	867	731	Tau Corus	Corus	Alien world	FALSE	FALSE	TRUE	FALSE	FALSE	moon		Peitho
5928	867	731	Eta Corus	Corus	Terran planet	FALSE	FALSE	FALSE	FALSE	FALSE			Peitho
5929	867	731	Rho Corus	Corus	Artificial moon	FALSE	FALSE	FALSE	FALSE	FALSE	moon		Peitho
5930	845	728	Peneus	Peneus	Sun	TRUE	TRUE	FALSE	FALSE	FALSE		Dolops	Peitho
5931	845	728	Alpha Peneus	Peneus	Gas giant	FALSE	FALSE	FALSE	FALSE	FALSE			Peitho
5932	845	728	Beta Peneus	Peneus	Terran planet	FALSE	FALSE	FALSE	FALSE	FALSE			Peitho
5933	845	728	Chi Peneus	Peneus	Alien world	FALSE	FALSE	FALSE	FALSE	FALSE	moon		Peitho
5934	845	728	Outlet 27789.23881	Peneus	Gus's Gas	FALSE	FALSE	FALSE	FALSE	FALSE			Peitho
5935	845	728	Epsilon Peneus	Peneus	Gas giant	FALSE	FALSE	FALSE	FALSE	FALSE			Peitho
5936	957	695	Tenanto'mwan	Tenanto'mwan	Wormhole	TRUE	FALSE	FALSE	FALSE	TRUE			Tenanto'mwan
5937	803	955	Iasus	Iasus	Sun	TRUE	TRUE	FALSE	FALSE	FALSE		Tritones	Aegiale
5938	803	955	Faro	Iasus	Asteroid belt	FALSE	TRUE	FALSE	FALSE	FALSE			Aegiale
5939	803	955	Beta Iasus	Iasus	Gas giant	FALSE	FALSE	FALSE	FALSE	FALSE			Aegiale
5940	803	955	Chi Iasus	Iasus	Artificial moon	FALSE	FALSE	FALSE	FALSE	FALSE	moon		Aegiale
5941	737	952	Sisyphus	Sisyphus	Sun	TRUE	TRUE	FALSE	FALSE	FALSE		Alphesiboea	Aegiale
5942	737	952	Alpha Sisyphus	Sisyphus	Terran planet	FALSE	FALSE	FALSE	FALSE	FALSE			Aegiale
5943	737	952	Madam Zenda	Sisyphus	Fortune Teller	FALSE	FALSE	FALSE	FALSE	FALSE			Aegiale
5944	737	952	Gaunub	Sisyphus	Asteroid belt	FALSE	FALSE	FALSE	TRUE	FALSE			Aegiale
5945	800	957	Tritones	Tritones	Sun	TRUE	TRUE	FALSE	FALSE	FALSE		Proetus, Iasus	Aegiale
5946	800	957	Alpha Tritones	Tritones	Gas giant	FALSE	FALSE	FALSE	FALSE	FALSE			Aegiale
5947	800	957	Tritones station	Tritones	Aftermarket Station	FALSE	FALSE	FALSE	FALSE	FALSE			Aegiale
5948	799	968	Proetus	Proetus	Sun	TRUE	TRUE	FALSE	FALSE	FALSE		Kelmis, Tritones, Scylaceus	Aegiale
5949	799	968	Alpha Proetus	Proetus	Alien world	FALSE	FALSE	TRUE	FALSE	FALSE			Aegiale
5950	799	968	Proetus dealership	Proetus	Heroware	FALSE	FALSE	FALSE	FALSE	FALSE			Aegiale
5951	799	968	Gamma Proetus	Proetus	Alien world	FALSE	FALSE	FALSE	FALSE	FALSE			Aegiale
5952	799	968	Phi Proetus	Proetus	Artificial moon	FALSE	FALSE	FALSE	FALSE	FALSE	moon		Aegiale
5953	799	968	Upsilon Proetus	Proetus	Artificial moon	FALSE	FALSE	FALSE	FALSE	FALSE	moon		Aegiale
5954	799	968	Tau Proetus	Proetus	Artificial moon	FALSE	FALSE	FALSE	FALSE	FALSE	moon		Aegiale
5955	799	968	Sigma Proetus	Proetus	Alien world	FALSE	FALSE	FALSE	FALSE	FALSE	moon		Aegiale
5956	799	968	Theta Proetus	Proetus	Alien world	FALSE	FALSE	TRUE	FALSE	FALSE			Aegiale
5957	800	979	Kelmis	Kelmis	Sun	TRUE	TRUE	FALSE	FALSE	FALSE		Proetus	Aegiale
5958	800	979	Alpha Kelmis	Kelmis	Terran planet	FALSE	FALSE	FALSE	FALSE	FALSE			Aegiale
5959	800	979	Beta Kelmis	Kelmis	Alien world	FALSE	FALSE	FALSE	FALSE	FALSE			Aegiale
5960	800	979	Gamma Kelmis	Kelmis	Alien world	FALSE	FALSE	FALSE	FALSE	FALSE			Aegiale
5961	800	979	Outlet 26334.32105	Kelmis	Gus's Gas	FALSE	FALSE	FALSE	FALSE	FALSE			Aegiale
5962	800	979	Upsilon Kelmis	Kelmis	Alien world	FALSE	FALSE	FALSE	FALSE	FALSE	moon		Aegiale
5963	782	963	Autonous	Autonous	Sun	TRUE	TRUE	FALSE	FALSE	FALSE		Scylaceus	Aegiale
5964	782	963	Alpha Autonous	Autonous	Alien world	FALSE	FALSE	FALSE	FALSE	FALSE			Aegiale
5965	782	963	Madam Sidra	Autonous	Fortune Teller	FALSE	FALSE	FALSE	FALSE	FALSE			Aegiale
5966	782	963	Restaurant #3397	Autonous	Space Burger	FALSE	FALSE	FALSE	FALSE	FALSE			Aegiale
5967	779	946	Eleuther	Eleuther	Sun	TRUE	TRUE	FALSE	FALSE	FALSE		Scylaceus	Aegiale
5968	779	946	Alpha Eleuther	Eleuther	Gas giant	FALSE	FALSE	FALSE	FALSE	FALSE			Aegiale
5969	779	946	Eleuther campus	Eleuther	Heroes Academy	FALSE	FALSE	FALSE	FALSE	FALSE			Aegiale
5970	779	946	Gamma Eleuther	Eleuther	Alien world	FALSE	FALSE	FALSE	FALSE	FALSE			Aegiale
5971	787	956	Scylaceus	Scylaceus	Sun	TRUE	TRUE	FALSE	FALSE	FALSE		Scylla, Autonous, Eleuther, Proetus	Aegiale
5972	787	956	Alpha Scylaceus	Scylaceus	Alien world	FALSE	FALSE	FALSE	FALSE	FALSE			Aegiale
5973	787	956	Beta Scylaceus	Scylaceus	Terran planet	FALSE	FALSE	FALSE	FALSE	FALSE			Aegiale
5974	787	956	Gamma Scylaceus	Scylaceus	Terran planet	FALSE	FALSE	FALSE	FALSE	FALSE			Aegiale
5975	787	956	Delta Scylaceus	Scylaceus	Frozen wasteland	FALSE	FALSE	FALSE	TRUE	FALSE			Aegiale
5976	749	947	Alphesiboea	Alphesiboea	Sun	TRUE	TRUE	FALSE	FALSE	FALSE		Sisyphus, Scylla	Aegiale
5977	749	947	Alpha Alphesiboea	Alphesiboea	Terran planet	FALSE	FALSE	FALSE	FALSE	FALSE			Aegiale
5978	749	947	Alphesiboea station	Alphesiboea	Aftermarket Station	FALSE	FALSE	FALSE	FALSE	FALSE			Aegiale
5979	749	947	Gamma Alphesiboea	Alphesiboea	Terran planet	FALSE	FALSE	FALSE	FALSE	FALSE			Aegiale
5980	752	969	Scylla	Scylla	Sun	TRUE	TRUE	FALSE	FALSE	FALSE		Demonassa, Scylaceus, Alphesiboea	Aegiale
5981	752	969	Alpha Scylla	Scylla	Gas giant	FALSE	FALSE	FALSE	FALSE	FALSE			Aegiale
5982	752	969	Beta Scylla	Scylla	Alien world	FALSE	FALSE	TRUE	FALSE	FALSE			Aegiale
5983	752	969	Gamma Scylla	Scylla	Frozen wasteland	FALSE	FALSE	FALSE	TRUE	FALSE			Aegiale
5984	752	969	Delta Scylla	Scylla	Alien world	FALSE	FALSE	FALSE	FALSE	FALSE			Aegiale
5985	752	969	Epsilon Scylla	Scylla	Gas giant	FALSE	FALSE	FALSE	FALSE	FALSE			Aegiale
5986	752	969	Outlet 24733.31779	Scylla	Gus's Gas	FALSE	FALSE	FALSE	FALSE	FALSE			Aegiale
5987	637	961	Demonassa	Demonassa	Sun	TRUE	TRUE	FALSE	FALSE	FALSE		Aletheia, Scylla	Aegiale
5988	637	961	Alpha Demonassa	Demonassa	Inferno	FALSE	TRUE	FALSE	FALSE	FALSE			Aegiale
5989	637	961	Demonassa campus	Demonassa	Heroes Academy	FALSE	FALSE	FALSE	FALSE	FALSE			Aegiale
5990	637	961	Gamma Demonassa	Demonassa	Alien world	FALSE	FALSE	FALSE	FALSE	FALSE			Aegiale
5991	637	961	Phi Demonassa	Demonassa	Artificial moon	FALSE	FALSE	FALSE	FALSE	FALSE	moon		Aegiale
5992	637	961	Epsilon Demonassa	Demonassa	Alien world	FALSE	FALSE	FALSE	FALSE	FALSE			Aegiale
5993	637	961	Zeta Demonassa	Demonassa	Frozen wasteland	FALSE	FALSE	FALSE	TRUE	FALSE			Aegiale
5994	637	961	Sigma Demonassa	Demonassa	Alien world	FALSE	FALSE	FALSE	FALSE	FALSE	moon		Aegiale
5995	637	961	Theta Demonassa	Demonassa	Terran planet	FALSE	FALSE	FALSE	FALSE	FALSE			Aegiale
5996	637	961	Demonassa dealership	Demonassa	Heroware	FALSE	FALSE	FALSE	FALSE	FALSE			Aegiale
5997	671	897	Omphale	Omphale	Sun	TRUE	TRUE	FALSE	FALSE	FALSE		Aletheia	Aegiale
5998	671	897	Alpha Omphale	Omphale	Alien world	FALSE	FALSE	FALSE	FALSE	FALSE			Aegiale
5999	671	897	Outlet 22026.29424	Omphale	Gus's Gas	FALSE	FALSE	FALSE	FALSE	FALSE			Aegiale
6000	671	897	Gamma Omphale	Omphale	Alien world	FALSE	FALSE	FALSE	FALSE	FALSE			Aegiale
6001	671	897	Omphale dealership	Omphale	Heroware	FALSE	FALSE	FALSE	FALSE	FALSE			Aegiale
6002	671	897	Omphale campus	Omphale	Heroes Academy	FALSE	FALSE	FALSE	FALSE	FALSE			Aegiale
6003	649	919	Aletheia	Aletheia	Sun	TRUE	TRUE	FALSE	FALSE	FALSE		Demonassa, Carius, Omphale	Aegiale
6004	649	919	Alpha Aletheia	Aletheia	Terran planet	FALSE	FALSE	FALSE	FALSE	FALSE			Aegiale
6005	649	919	Beta Aletheia	Aletheia	Alien world	FALSE	FALSE	FALSE	FALSE	FALSE			Aegiale
6006	649	919	Gamma Aletheia	Aletheia	Alien world	FALSE	FALSE	FALSE	FALSE	FALSE			Aegiale
6007	649	919	Delta Aletheia	Aletheia	Gas giant	FALSE	FALSE	FALSE	FALSE	FALSE			Aegiale
6008	649	919	Epsilon Aletheia	Aletheia	Terran planet	FALSE	FALSE	FALSE	FALSE	FALSE			Aegiale
6009	681	927	Himerope	Himerope	Sun	TRUE	TRUE	FALSE	FALSE	FALSE		Carius	Aegiale
6010	681	927	Alpha Himerope	Himerope	Alien world	FALSE	FALSE	FALSE	FALSE	FALSE			Aegiale
6011	675	930	Carius	Carius	Sun	TRUE	TRUE	FALSE	FALSE	FALSE		Aleus, Aletheia, Himerope	Aegiale
6012	675	930	Alpha Carius	Carius	Alien world	FALSE	FALSE	FALSE	FALSE	FALSE			Aegiale
6013	675	930	Beta Carius	Carius	Alien world	FALSE	FALSE	FALSE	FALSE	FALSE			Aegiale
6014	675	930	Chi Carius	Carius	Alien world	FALSE	FALSE	FALSE	FALSE	FALSE	moon		Aegiale
6015	675	930	Phi Carius	Carius	Alien world	FALSE	FALSE	FALSE	FALSE	FALSE	moon		Aegiale
6016	675	930	Epsilon Carius	Carius	Terran planet	FALSE	FALSE	FALSE	FALSE	FALSE			Aegiale
6017	675	930	Carius station	Carius	Aftermarket Station	FALSE	FALSE	FALSE	FALSE	FALSE			Aegiale
6018	675	930	Eta Carius	Carius	Alien world	FALSE	FALSE	FALSE	FALSE	FALSE			Aegiale
6019	666	944	Aleus	Aleus	Sun	TRUE	TRUE	FALSE	FALSE	FALSE		Molpe, Carius	Aegiale
6020	666	944	Alpha Aleus	Aleus	Alien world	FALSE	FALSE	TRUE	FALSE	FALSE			Aegiale
6021	666	944	Madam Adamina	Aleus	Fortune Teller	FALSE	FALSE	FALSE	FALSE	FALSE			Aegiale
6022	666	944	Gamma Aleus	Aleus	Terran planet	FALSE	FALSE	FALSE	FALSE	FALSE			Aegiale
6023	666	944	Phi Aleus	Aleus	Artificial moon	FALSE	FALSE	FALSE	FALSE	FALSE	moon		Aegiale
6024	655	951	Molpe	Molpe	Sun	TRUE	TRUE	FALSE	FALSE	FALSE		Aleus	Aegiale
6025	655	951	Alpha Molpe	Molpe	Alien world	FALSE	FALSE	FALSE	FALSE	FALSE			Aegiale
6026	684	959	Oryntion	Oryntion	Sun	TRUE	TRUE	FALSE	FALSE	FALSE		Ichnaea	Amphion
6027	684	959	Nyambe	Oryntion	Asteroid belt	FALSE	TRUE	FALSE	FALSE	FALSE			Amphion
6028	684	959	Beta Oryntion	Oryntion	Alien world	FALSE	FALSE	FALSE	FALSE	FALSE			Amphion
6029	684	959	Oryntion dealership	Oryntion	Heroware	FALSE	FALSE	FALSE	FALSE	FALSE			Amphion
6030	654	971	Eiresione	Eiresione	Sun	TRUE	TRUE	FALSE	FALSE	FALSE		Phorcys	Amphion
6031	654	971	Alpha Eiresione	Eiresione	Alien world	FALSE	FALSE	FALSE	FALSE	FALSE			Amphion
6032	654	971	Beta Eiresione	Eiresione	Gas giant	FALSE	FALSE	FALSE	FALSE	FALSE			Amphion
6033	671	973	Phorcys	Phorcys	Sun	TRUE	TRUE	FALSE	FALSE	FALSE		Eiresione, Ichnaea	Amphion
6034	671	973	Alpha Phorcys	Phorcys	Alien world	FALSE	FALSE	FALSE	FALSE	FALSE			Amphion
6035	671	973	Beta Phorcys	Phorcys	Terran planet	FALSE	FALSE	FALSE	FALSE	FALSE			Amphion
6036	671	973	Restaurant #2486	Phorcys	Space Burger	FALSE	FALSE	FALSE	FALSE	FALSE			Amphion
6037	683	947	Ichnaea	Ichnaea	Sun	TRUE	TRUE	FALSE	FALSE	FALSE		Phorcys, Oryntion, Acastus	Amphion
6038	683	947	Alpha Ichnaea	Ichnaea	Alien world	FALSE	FALSE	TRUE	FALSE	FALSE			Amphion
6039	683	947	Psi Ichnaea	Ichnaea	Alien world	FALSE	FALSE	FALSE	FALSE	FALSE	moon		Amphion
6040	683	947	Chi Ichnaea	Ichnaea	Artificial moon	FALSE	FALSE	FALSE	FALSE	FALSE	moon		Amphion
6041	683	947	Phi Ichnaea	Ichnaea	Artificial moon	FALSE	FALSE	FALSE	FALSE	FALSE	moon		Amphion
6042	683	947	Upsilon Ichnaea	Ichnaea	Alien world	FALSE	FALSE	FALSE	FALSE	FALSE	moon		Amphion
6043	683	947	Zeta Ichnaea	Ichnaea	Alien world	FALSE	FALSE	FALSE	FALSE	FALSE			Amphion
6044	683	947	Eta Ichnaea	Ichnaea	Alien world	FALSE	FALSE	FALSE	FALSE	FALSE			Amphion
6045	683	947	Theta Ichnaea	Ichnaea	Terran planet	FALSE	FALSE	FALSE	FALSE	FALSE			Amphion
6046	711	974	Ennomus	Ennomus	Sun	TRUE	TRUE	FALSE	FALSE	FALSE		Daedalion	Amphion
6047	711	974	Alpha Ennomus	Ennomus	Alien world	FALSE	FALSE	FALSE	FALSE	FALSE			Amphion
6048	711	974	Beta Ennomus	Ennomus	Alien world	FALSE	FALSE	FALSE	FALSE	FALSE			Amphion
6049	711	974	Chi Ennomus	Ennomus	Barren rock	FALSE	FALSE	FALSE	FALSE	FALSE	moon		Amphion
6050	711	974	Delta Ennomus	Ennomus	Gas giant	FALSE	FALSE	FALSE	FALSE	FALSE			Amphion
6051	704	978	Daedalion	Daedalion	Sun	TRUE	TRUE	FALSE	FALSE	FALSE		Ennomus, Acastus	Amphion
6052	704	978	Alpha Daedalion	Daedalion	Gas giant	FALSE	FALSE	FALSE	FALSE	FALSE			Amphion
6053	704	978	Beta Daedalion	Daedalion	Alien world	FALSE	FALSE	TRUE	FALSE	FALSE			Amphion
6054	704	978	Chi Daedalion	Daedalion	Artificial moon	FALSE	FALSE	FALSE	FALSE	FALSE	moon		Amphion
6055	704	978	Phi Daedalion	Daedalion	Barren rock	FALSE	FALSE	FALSE	FALSE	FALSE	moon		Amphion
6056	704	978	Epsilon Daedalion	Daedalion	Terran planet	FALSE	FALSE	FALSE	FALSE	FALSE			Amphion
6057	704	978	Zeta Daedalion	Daedalion	Alien world	FALSE	FALSE	FALSE	FALSE	FALSE			Amphion
6058	697	959	Acastus	Acastus	Sun	TRUE	TRUE	FALSE	FALSE	FALSE		Ichnaea, Kydoimos, Achelois, Daedalion	Amphion
6059	697	959	Alpha Acastus	Acastus	Alien world	FALSE	FALSE	FALSE	FALSE	FALSE			Amphion
6060	697	959	Beta Acastus	Acastus	Alien world	FALSE	FALSE	FALSE	FALSE	FALSE			Amphion
6061	697	959	Gamma Acastus	Acastus	Alien world	FALSE	FALSE	FALSE	FALSE	FALSE			Amphion
6062	697	959	Delta Acastus	Acastus	Alien world	FALSE	FALSE	FALSE	FALSE	FALSE			Amphion
6063	703	953	Achelois	Achelois	Sun	TRUE	TRUE	FALSE	FALSE	FALSE		Priam, Acastus	Amphion
6064	703	953	Alpha Achelois	Achelois	Inferno	FALSE	TRUE	FALSE	FALSE	FALSE			Amphion
6065	703	953	Beta Achelois	Achelois	Gas giant	FALSE	FALSE	FALSE	FALSE	FALSE			Amphion
6066	717	951	Priam	Priam	Sun	TRUE	TRUE	FALSE	FALSE	FALSE		Achelois	Amphion
6067	717	951	Alpha Priam	Priam	Terran planet	FALSE	FALSE	FALSE	FALSE	FALSE			Amphion
6068	695	940	Crius	Crius	Sun	TRUE	TRUE	FALSE	FALSE	FALSE		Kydoimos	Amphion
6069	695	940	Alpha Crius	Crius	Alien world	FALSE	FALSE	FALSE	FALSE	FALSE			Amphion
6070	705	930	Kydoimos	Kydoimos	Sun	TRUE	TRUE	FALSE	FALSE	FALSE		Crius, Acastus	Amphion
6071	705	930	Alpha Kydoimos	Kydoimos	Alien world	FALSE	FALSE	FALSE	FALSE	FALSE			Amphion
6072	705	930	Beta Kydoimos	Kydoimos	Gas giant	FALSE	FALSE	FALSE	FALSE	FALSE			Amphion
6073	705	930	Gamma Kydoimos	Kydoimos	Alien world	FALSE	FALSE	FALSE	FALSE	FALSE			Amphion
6074	705	930	Delta Kydoimos	Kydoimos	Frozen wasteland	FALSE	FALSE	FALSE	TRUE	FALSE			Amphion
6075	768	851	Aparctias	Aparctias	Sun	TRUE	TRUE	FALSE	FALSE	FALSE		Asclepius, Orestheus, Canethus	Xuthus
6076	768	851	Alpha Aparctias	Aparctias	Alien world	FALSE	FALSE	FALSE	FALSE	FALSE			Xuthus
6077	768	851	Restaurant #9974	Aparctias	Space Burger	FALSE	FALSE	FALSE	FALSE	FALSE	Droid #E3E3 and Droid #4012		Xuthus
6078	768	851	Gamma Aparctias	Aparctias	Alien world	FALSE	FALSE	FALSE	FALSE	FALSE			Xuthus
6079	768	851	Phi Aparctias	Aparctias	Barren rock	FALSE	FALSE	TRUE	FALSE	FALSE	moon		Xuthus
6080	768	851	Upsilon Aparctias	Aparctias	Artificial moon	FALSE	FALSE	FALSE	FALSE	FALSE	moon		Xuthus
6081	768	851	Tau Aparctias	Aparctias	Barren rock	FALSE	FALSE	FALSE	FALSE	FALSE	moon		Xuthus
6082	768	851	Aparctias campus	Aparctias	Heroes Academy	FALSE	FALSE	FALSE	FALSE	FALSE			Xuthus
6083	768	851	Theta Aparctias	Aparctias	Alien world	FALSE	FALSE	FALSE	FALSE	FALSE			Xuthus
6084	768	851	Pi Aparctias	Aparctias	Alien world	FALSE	FALSE	FALSE	FALSE	FALSE	moon		Xuthus
6085	768	851	Omicron Aparctias	Aparctias	Alien world	FALSE	FALSE	FALSE	FALSE	FALSE	moon		Xuthus
6086	768	851	Xi Aparctias	Aparctias	Barren rock	FALSE	FALSE	FALSE	FALSE	FALSE	moon		Xuthus
6087	768	851	Mu Aparctias	Aparctias	Frozen wasteland	FALSE	FALSE	FALSE	TRUE	FALSE			Xuthus
6088	768	851	Aparctias dealership	Aparctias	Heroware	FALSE	FALSE	FALSE	FALSE	FALSE			Xuthus
6089	768	851	Omega Aparctias	Aparctias	Alien world	FALSE	FALSE	TRUE	FALSE	FALSE			Xuthus
6090	768	851	Outlet 25483.27904	Aparctias	Gus's Gas	FALSE	FALSE	FALSE	FALSE	FALSE			Xuthus
6091	757	811	Schoeneus	Schoeneus	Sun	TRUE	TRUE	FALSE	FALSE	FALSE		Orestheus	Xuthus
6092	757	811	Alpha Schoeneus	Schoeneus	Gas giant	FALSE	FALSE	FALSE	FALSE	FALSE			Xuthus
6093	757	811	Restaurant #2119	Schoeneus	Space Burger	FALSE	FALSE	FALSE	FALSE	FALSE			Xuthus
6094	710	818	Metioche	Metioche	Sun	TRUE	TRUE	FALSE	FALSE	FALSE		Asclepius	Xuthus
6095	710	818	Alpha Metioche	Metioche	Alien world	FALSE	FALSE	FALSE	FALSE	FALSE			Xuthus
6096	710	818	Metioche station	Metioche	Aftermarket Station	FALSE	FALSE	FALSE	FALSE	FALSE			Xuthus
6097	710	818	Chi Metioche	Metioche	Alien world	FALSE	FALSE	FALSE	FALSE	FALSE	moon		Xuthus
6098	710	818	Phi Metioche	Metioche	Alien world	FALSE	FALSE	FALSE	FALSE	FALSE	moon		Xuthus
6099	733	815	Arcesius	Arcesius	Sun	TRUE	TRUE	FALSE	FALSE	FALSE		Asclepius	Xuthus
6100	733	815	Alpha Arcesius	Arcesius	Gas giant	FALSE	FALSE	FALSE	FALSE	FALSE			Xuthus
6101	733	815	Arcesius dealership	Arcesius	Heroware	FALSE	FALSE	FALSE	FALSE	FALSE			Xuthus
6102	728	820	Asclepius	Asclepius	Sun	TRUE	TRUE	FALSE	FALSE	FALSE		Arcesius, Metioche, Aparctias	Xuthus
6103	728	820	Alpha Asclepius	Asclepius	Gas giant	FALSE	FALSE	FALSE	FALSE	FALSE			Xuthus
6104	728	820	Beta Asclepius	Asclepius	Inferno	FALSE	TRUE	FALSE	FALSE	FALSE			Xuthus
6105	728	820	Gamma Asclepius	Asclepius	Frozen wasteland	FALSE	FALSE	FALSE	TRUE	FALSE			Xuthus
6106	728	820	Phi Asclepius	Asclepius	Artificial moon	FALSE	FALSE	FALSE	FALSE	FALSE	moon		Xuthus
6107	728	820	Epsilon Asclepius	Asclepius	Alien world	FALSE	FALSE	FALSE	FALSE	FALSE			Xuthus
6108	774	794	Orestheus	Orestheus	Sun	TRUE	TRUE	FALSE	FALSE	FALSE		Schoeneus, Aparctias	Xuthus
6109	774	794	Alpha Orestheus	Orestheus	Terran planet	FALSE	FALSE	FALSE	FALSE	FALSE			Xuthus
6110	774	794	Psi Orestheus	Orestheus	Artificial moon	FALSE	FALSE	FALSE	FALSE	FALSE	moon		Xuthus
6111	774	794	Gamma Orestheus	Orestheus	Alien world	FALSE	FALSE	FALSE	FALSE	FALSE			Xuthus
6112	774	794	Delta Orestheus	Orestheus	Alien world	FALSE	FALSE	FALSE	FALSE	FALSE			Xuthus
6113	774	794	Epsilon Orestheus	Orestheus	Alien world	FALSE	FALSE	FALSE	FALSE	FALSE			Xuthus
6114	774	794	Tau Orestheus	Orestheus	Barren rock	FALSE	FALSE	FALSE	FALSE	FALSE	moon		Xuthus
6115	774	794	Eta Orestheus	Orestheus	Alien world	FALSE	FALSE	FALSE	FALSE	FALSE			Xuthus
6116	774	794	Rho Orestheus	Orestheus	Alien world	FALSE	FALSE	TRUE	FALSE	FALSE	moon		Xuthus
6117	799	834	Canethus	Canethus	Sun	TRUE	TRUE	FALSE	FALSE	FALSE		Aepytus, Aparctias	Xuthus
6118	799	834	Alpha Canethus	Canethus	Alien world	FALSE	FALSE	FALSE	FALSE	FALSE			Xuthus
6119	799	834	Psi Canethus	Canethus	Alien world	FALSE	FALSE	FALSE	FALSE	FALSE	moon		Xuthus
6120	799	834	Chi Canethus	Canethus	Barren rock	FALSE	FALSE	FALSE	FALSE	FALSE	moon		Xuthus
6121	799	834	Phi Canethus	Canethus	Barren rock	FALSE	FALSE	FALSE	FALSE	FALSE	moon		Xuthus
6122	799	834	Epsilon Canethus	Canethus	Alien world	FALSE	FALSE	TRUE	FALSE	FALSE			Xuthus
6123	799	834	Zeta Canethus	Canethus	Gas giant	FALSE	FALSE	FALSE	FALSE	FALSE			Xuthus
6124	799	834	Madam Charity	Canethus	Fortune Teller	FALSE	FALSE	FALSE	FALSE	FALSE			Xuthus
6125	799	834	Theta Canethus	Canethus	Alien world	FALSE	FALSE	FALSE	FALSE	FALSE			Xuthus
6126	799	834	Pi Canethus	Canethus	Artificial moon	FALSE	FALSE	FALSE	FALSE	FALSE	moon		Xuthus
6127	799	834	Omicron Canethus	Canethus	Barren rock	FALSE	FALSE	TRUE	FALSE	FALSE	moon		Xuthus
6128	799	834	Xi Canethus	Canethus	Artificial moon	FALSE	FALSE	FALSE	FALSE	FALSE	moon		Xuthus
6129	816	834	Aepytus	Aepytus	Sun	TRUE	TRUE	FALSE	FALSE	FALSE		Canethus, Eurotas	Xuthus
6130	816	834	Alpha Aepytus	Aepytus	Alien world	FALSE	FALSE	FALSE	FALSE	FALSE			Xuthus
6131	816	834	Psi Aepytus	Aepytus	Artificial moon	FALSE	FALSE	FALSE	FALSE	FALSE	moon		Xuthus
6132	816	834	Gamma Aepytus	Aepytus	Gas giant	FALSE	FALSE	FALSE	FALSE	FALSE			Xuthus
6133	816	834	Delta Aepytus	Aepytus	Alien world	FALSE	FALSE	FALSE	FALSE	FALSE			Xuthus
6134	816	834	Upsilon Aepytus	Aepytus	Barren rock	FALSE	FALSE	FALSE	FALSE	FALSE	moon		Xuthus
6135	816	834	Tau Aepytus	Aepytus	Alien world	FALSE	FALSE	FALSE	FALSE	FALSE	moon		Xuthus
6136	816	834	Eta Aepytus	Aepytus	Gas giant	FALSE	FALSE	FALSE	FALSE	FALSE			Xuthus
6137	818	816	Eurotas	Eurotas	Sun	TRUE	TRUE	FALSE	FALSE	FALSE		Aepytus	Xuthus
6138	818	816	Alpha Eurotas	Eurotas	Inferno	FALSE	TRUE	FALSE	FALSE	FALSE			Xuthus
6139	818	816	Psi Eurotas	Eurotas	Alien world	FALSE	FALSE	TRUE	FALSE	FALSE	moon		Xuthus
6140	818	816	Chi Eurotas	Eurotas	Barren rock	FALSE	FALSE	FALSE	FALSE	FALSE	moon		Xuthus
6141	818	816	Phi Eurotas	Eurotas	Barren rock	FALSE	FALSE	FALSE	FALSE	FALSE	moon		Xuthus
6142	854	801	Caletor	Caletor	Sun	TRUE	TRUE	FALSE	FALSE	FALSE		Cronus	Cerberus
6143	854	801	Alpha Caletor	Caletor	Inferno	FALSE	TRUE	TRUE	FALSE	FALSE			Cerberus
6144	854	801	Madam Lududja	Caletor	Fortune Teller	FALSE	FALSE	FALSE	FALSE	FALSE			Cerberus
6145	854	801	Outlet 28046.26267	Caletor	Gus's Gas	FALSE	FALSE	FALSE	FALSE	FALSE			Cerberus
6146	854	801	Delta Caletor	Caletor	Alien world	FALSE	FALSE	FALSE	FALSE	FALSE			Cerberus
6147	854	801	Dii Mauri	Caletor	Asteroid belt	FALSE	FALSE	FALSE	FALSE	FALSE			Cerberus
6148	854	801	Zeta Caletor	Caletor	Alien world	FALSE	FALSE	FALSE	FALSE	FALSE			Cerberus
6149	854	801	Restaurant #4844	Caletor	Space Burger	FALSE	FALSE	FALSE	FALSE	FALSE	Droid #D095		Cerberus
6150	860	847	Ceisus	Ceisus	Sun	TRUE	TRUE	FALSE	FALSE	FALSE		Cronus, Chiron	Cerberus
6151	860	847	Alpha Ceisus	Ceisus	Alien world	FALSE	FALSE	FALSE	FALSE	FALSE			Cerberus
6152	860	847	Psi Ceisus	Ceisus	Artificial moon	FALSE	FALSE	FALSE	FALSE	FALSE	moon		Cerberus
6153	860	847	Enekpe	Ceisus	Asteroid belt	FALSE	FALSE	FALSE	FALSE	FALSE			Cerberus
6154	860	847	Ceisus campus	Ceisus	Heroes Academy	FALSE	FALSE	FALSE	FALSE	FALSE			Cerberus
6155	860	847	Madam Kizzy	Ceisus	Fortune Teller	FALSE	FALSE	FALSE	FALSE	FALSE			Cerberus
6156	860	847	Zeta Ceisus	Ceisus	Alien world	FALSE	FALSE	FALSE	FALSE	FALSE			Cerberus
6157	860	847	Sigma Ceisus	Ceisus	Barren rock	FALSE	FALSE	FALSE	FALSE	FALSE	moon		Cerberus
6158	860	847	Theta Ceisus	Ceisus	Alien world	FALSE	FALSE	FALSE	FALSE	FALSE			Cerberus
6159	854	830	Orestes	Orestes	Sun	TRUE	TRUE	FALSE	FALSE	FALSE		Cronus	Cerberus
6160	854	830	Alpha Orestes	Orestes	Alien world	FALSE	FALSE	FALSE	FALSE	FALSE			Cerberus
6161	854	830	Orestes station	Orestes	Aftermarket Station	FALSE	FALSE	FALSE	FALSE	FALSE			Cerberus
6162	854	830	Gamma Orestes	Orestes	Alien world	FALSE	FALSE	FALSE	FALSE	FALSE			Cerberus
6163	854	830	Phi Orestes	Orestes	Alien world	FALSE	FALSE	FALSE	FALSE	FALSE	moon		Cerberus
6164	876	849	Herippe	Herippe	Sun	TRUE	TRUE	FALSE	FALSE	FALSE		Chiron	Cerberus
6165	876	849	Alpha Herippe	Herippe	Terran planet	FALSE	FALSE	FALSE	FALSE	FALSE			Cerberus
6166	876	849	Beta Herippe	Herippe	Gas giant	FALSE	FALSE	FALSE	FALSE	FALSE			Cerberus
6167	871	852	Chiron	Chiron	Sun	TRUE	TRUE	FALSE	FALSE	FALSE		Ceisus, Herippe	Cerberus
6168	871	852	Alpha Chiron	Chiron	Inferno	FALSE	TRUE	FALSE	FALSE	FALSE			Cerberus
6169	871	852	Beta Chiron	Chiron	Gas giant	FALSE	FALSE	TRUE	FALSE	FALSE			Cerberus
6170	871	852	Chi Chiron	Chiron	Artificial moon	FALSE	FALSE	FALSE	FALSE	FALSE	moon		Cerberus
6171	866	830	Cronus	Cronus	Sun	TRUE	TRUE	FALSE	FALSE	FALSE		Orestes, Ceisus, Caletor, Pan	Cerberus
6172	866	830	Alpha Cronus	Cronus	Alien world	FALSE	FALSE	FALSE	FALSE	FALSE			Cerberus
6173	866	830	Beta Cronus	Cronus	Terran planet	FALSE	FALSE	FALSE	FALSE	FALSE			Cerberus
6174	866	830	Gamma Cronus	Cronus	Alien world	FALSE	FALSE	FALSE	FALSE	FALSE			Cerberus
6175	866	830	Delta Cronus	Cronus	Alien world	FALSE	FALSE	FALSE	FALSE	FALSE			Cerberus
6176	866	830	Epsilon Cronus	Cronus	Frozen wasteland	FALSE	FALSE	TRUE	TRUE	FALSE			Cerberus
6177	890	837	Astydameia	Astydameia	Sun	TRUE	TRUE	FALSE	FALSE	FALSE		Pan	Cerberus
6178	890	837	Alpha Astydameia	Astydameia	Terran planet	FALSE	FALSE	FALSE	FALSE	FALSE			Cerberus
6179	890	837	Psi Astydameia	Astydameia	Alien world	FALSE	FALSE	FALSE	FALSE	FALSE	moon		Cerberus
6180	890	837	Chi Astydameia	Astydameia	Alien world	FALSE	FALSE	FALSE	FALSE	FALSE	moon		Cerberus
6181	890	837	Delta Astydameia	Astydameia	Alien world	FALSE	FALSE	TRUE	FALSE	FALSE			Cerberus
6182	890	837	Epsilon Astydameia	Astydameia	Alien world	FALSE	FALSE	FALSE	FALSE	FALSE			Cerberus
6183	906	830	Hyperochus	Hyperochus	Sun	TRUE	TRUE	FALSE	FALSE	FALSE		Pan	Cerberus
6184	906	830	Alpha Hyperochus	Hyperochus	Terran planet	FALSE	FALSE	FALSE	FALSE	FALSE			Cerberus
6185	906	830	Hyperochus campus	Hyperochus	Heroes Academy	FALSE	FALSE	FALSE	FALSE	FALSE			Cerberus
6186	906	830	Chi Hyperochus	Hyperochus	Artificial moon	FALSE	FALSE	FALSE	FALSE	FALSE	moon		Cerberus
6187	906	830	Madam Melantha	Hyperochus	Fortune Teller	FALSE	FALSE	FALSE	FALSE	FALSE			Cerberus
6188	898	825	Pan	Pan	Sun	TRUE	TRUE	FALSE	FALSE	FALSE		Cronus, Astydameia, Hyperochus, Amphilochus	Cerberus
6189	898	825	Alpha Pan	Pan	Inferno	FALSE	TRUE	FALSE	FALSE	FALSE			Cerberus
6190	898	825	Outlet 29480.27043	Pan	Gus's Gas	FALSE	FALSE	FALSE	FALSE	FALSE			Cerberus
6191	898	825	Gamma Pan	Pan	Alien world	FALSE	FALSE	FALSE	FALSE	FALSE			Cerberus
6192	898	825	Delta Pan	Pan	Terran planet	FALSE	FALSE	FALSE	FALSE	FALSE			Cerberus
6193	898	825	Epsilon Pan	Pan	Terran planet	FALSE	FALSE	FALSE	FALSE	FALSE			Cerberus
6194	898	825	Zeta Pan	Pan	Alien world	FALSE	FALSE	FALSE	FALSE	FALSE			Cerberus
6195	884	815	Amphilochus	Amphilochus	Sun	TRUE	TRUE	FALSE	FALSE	FALSE		Tiresias, Pan	Cerberus
6196	884	815	Alpha Amphilochus	Amphilochus	Inferno	FALSE	TRUE	FALSE	FALSE	FALSE			Cerberus
6197	884	815	Beta Amphilochus	Amphilochus	Alien world	FALSE	FALSE	TRUE	FALSE	FALSE			Cerberus
6198	884	815	Gamma Amphilochus	Amphilochus	Alien world	FALSE	FALSE	FALSE	FALSE	FALSE			Cerberus
6199	884	815	Delta Amphilochus	Amphilochus	Frozen wasteland	FALSE	FALSE	FALSE	TRUE	FALSE			Cerberus
6200	874	816	Tiresias	Tiresias	Sun	TRUE	TRUE	FALSE	FALSE	FALSE		Amphilochus	Cerberus
6201	874	816	Alpha Tiresias	Tiresias	Alien world	FALSE	FALSE	FALSE	FALSE	FALSE			Cerberus
6202	954	846	Damnameneus	Damnameneus	Sun	TRUE	TRUE	FALSE	FALSE	FALSE		Eirene	Phyleus
6203	954	846	Alpha Damnameneus	Damnameneus	Alien world	FALSE	FALSE	FALSE	FALSE	FALSE			Phyleus
6204	954	846	Damnameus campus	Damnameneus	Heroes Academy	FALSE	FALSE	FALSE	FALSE	FALSE			Phyleus
6205	954	846	Outlet 31328.27739	Damnameneus	Gus's Gas	FALSE	FALSE	FALSE	FALSE	FALSE			Phyleus
6206	954	846	Restaurant #8002	Damnameneus	Space Burger	FALSE	FALSE	FALSE	FALSE	FALSE	Droid #8AFE		Phyleus
6207	954	846	Epsilon Damnameneus	Damnameneus	Inferno	FALSE	TRUE	FALSE	FALSE	FALSE			Phyleus
6208	954	846	Zeta Damnameneus	Damnameneus	Gas giant	FALSE	FALSE	FALSE	FALSE	FALSE			Phyleus
6209	954	846	Eta Damnameneus	Damnameneus	Gas giant	FALSE	FALSE	FALSE	FALSE	FALSE			Phyleus
6210	978	766	Polycaon	Polycaon	Sun	TRUE	TRUE	FALSE	FALSE	FALSE		Tyres, Dyssebeia	Phyleus
6211	978	766	Teliko Bambara	Polycaon	Asteroid belt	FALSE	TRUE	FALSE	FALSE	FALSE			Phyleus
6212	978	766	Restaurant #9635	Polycaon	Space Burger	FALSE	FALSE	FALSE	FALSE	FALSE			Phyleus
6213	978	766	Gamma Polycaon	Polycaon	Inferno	FALSE	TRUE	FALSE	FALSE	FALSE			Phyleus
6214	978	766	Polycaon station	Polycaon	Aftermarket Station	FALSE	FALSE	FALSE	FALSE	FALSE			Phyleus
6215	978	766	Polycaon campus	Polycaon	Heroes Academy	FALSE	FALSE	FALSE	FALSE	FALSE			Phyleus
6216	978	766	Zeta Polycaon	Polycaon	Alien world	FALSE	FALSE	FALSE	FALSE	FALSE			Phyleus
6217	978	766	Eta Polycaon	Polycaon	Gas giant	FALSE	FALSE	FALSE	FALSE	FALSE			Phyleus
6218	978	766	Theta Polycaon	Polycaon	Gas giant	FALSE	FALSE	FALSE	FALSE	FALSE			Phyleus
6219	978	766	Pi Polycaon	Polycaon	Artificial moon	FALSE	FALSE	FALSE	FALSE	FALSE	moon		Phyleus
6220	978	766	Kappa Polycaon	Polycaon	Terran planet	FALSE	FALSE	FALSE	FALSE	FALSE			Phyleus
6221	978	766	Xi Polycaon	Polycaon	Barren rock	FALSE	FALSE	FALSE	FALSE	FALSE	moon		Phyleus
6222	978	766	Nu Polycaon	Polycaon	Alien world	FALSE	FALSE	FALSE	FALSE	FALSE	moon		Phyleus
6223	902	776	Asteria	Asteria	Sun	TRUE	TRUE	FALSE	FALSE	FALSE		Cadmus	Phyleus
6224	902	776	Alpha Asteria	Asteria	Terran planet	FALSE	FALSE	FALSE	FALSE	FALSE			Phyleus
6225	902	776	Asteria dealership	Asteria	Heroware	FALSE	FALSE	FALSE	FALSE	FALSE			Phyleus
6226	902	776	Chi Asteria	Asteria	Barren rock	FALSE	FALSE	FALSE	FALSE	FALSE	moon		Phyleus
6227	902	776	Phi Asteria	Asteria	Artificial moon	FALSE	FALSE	FALSE	FALSE	FALSE	moon		Phyleus
6228	910	746	Cadmus	Cadmus	Sun	TRUE	TRUE	FALSE	FALSE	FALSE		Asteria, Tyres	Phyleus
6229	910	746	Alpha Cadmus	Cadmus	Gas giant	FALSE	FALSE	FALSE	FALSE	FALSE			Phyleus
6230	910	746	Cadmus station	Cadmus	Aftermarket Station	FALSE	FALSE	FALSE	FALSE	FALSE			Phyleus
6231	910	746	Gamma Cadmus	Cadmus	Alien world	FALSE	FALSE	FALSE	FALSE	FALSE			Phyleus
6232	910	746	Cadmus campus	Cadmus	Heroes Academy	FALSE	FALSE	FALSE	FALSE	FALSE			Phyleus
6233	910	746	Upsilon Cadmus	Cadmus	Barren rock	FALSE	FALSE	FALSE	FALSE	FALSE	moon		Phyleus
6234	910	746	Outlet 30245.24461	Cadmus	Gus's Gas	FALSE	FALSE	FALSE	FALSE	FALSE			Phyleus
6235	910	746	Sigma Cadmus	Cadmus	Barren rock	FALSE	FALSE	FALSE	FALSE	FALSE	moon		Phyleus
6236	910	746	Rho Cadmus	Cadmus	Alien world	FALSE	FALSE	FALSE	FALSE	FALSE	moon		Phyleus
6237	940	789	Tyres	Tyres	Sun	TRUE	TRUE	FALSE	FALSE	FALSE		Cadmus, Polycaon, Pistis	Phyleus
6238	940	789	Alpha Tyres	Tyres	Gas giant	FALSE	FALSE	FALSE	FALSE	FALSE			Phyleus
6239	940	789	Tyres dealership	Tyres	Heroware	FALSE	FALSE	FALSE	FALSE	FALSE			Phyleus
6240	940	789	Gamma Tyres	Tyres	Alien world	FALSE	FALSE	FALSE	FALSE	FALSE			Phyleus
6241	940	789	Delta Tyres	Tyres	Alien world	FALSE	FALSE	FALSE	FALSE	FALSE			Phyleus
6242	948	814	Pistis	Pistis	Sun	TRUE	TRUE	FALSE	FALSE	FALSE		Tyres	Phyleus
6243	948	814	Alpha Pistis	Pistis	Inferno	FALSE	TRUE	FALSE	FALSE	FALSE			Phyleus
6244	948	814	Beta Pistis	Pistis	Gas giant	FALSE	FALSE	FALSE	FALSE	FALSE			Phyleus
6245	948	814	Gamma Pistis	Pistis	Terran planet	FALSE	FALSE	FALSE	FALSE	FALSE			Phyleus
6246	961	864	Eirene	Eirene	Sun	TRUE	TRUE	FALSE	FALSE	FALSE		Damnameneus, Dyssebeia	Phyleus
6247	961	864	Alpha Eirene	Eirene	Inferno	FALSE	TRUE	FALSE	FALSE	FALSE			Phyleus
6248	961	864	Madam Philana	Eirene	Fortune Teller	FALSE	FALSE	FALSE	FALSE	FALSE			Phyleus
6249	961	864	Gamma Eirene	Eirene	Terran planet	FALSE	FALSE	FALSE	FALSE	FALSE			Phyleus
6250	961	864	Delta Eirene	Eirene	Gas giant	FALSE	FALSE	FALSE	FALSE	FALSE			Phyleus
6251	961	864	Epsilon Eirene	Eirene	Frozen wasteland	FALSE	FALSE	FALSE	TRUE	FALSE			Phyleus
6252	911	839	Dyssebeia	Dyssebeia	Sun	TRUE	TRUE	FALSE	FALSE	FALSE		Abrota, Eirene, Polycaon	Phyleus
6252	858	870	Phlegyas	Phlegyas	Sun	TRUE	TRUE	FALSE	FALSE	FALSE		Abrota	Phyleus
6253	911	839	Alpha Dyssebeia	Dyssebeia	Gas giant	FALSE	FALSE	TRUE	FALSE	FALSE			Phyleus
6254	911	839	Beta Dyssebeia	Dyssebeia	Gas giant	FALSE	FALSE	FALSE	FALSE	FALSE			Phyleus
6255	911	839	Gamma Dyssebeia	Dyssebeia	Alien world	FALSE	FALSE	TRUE	FALSE	FALSE			Phyleus
6256	911	839	Delta Dyssebeia	Dyssebeia	Alien world	FALSE	FALSE	FALSE	FALSE	FALSE			Phyleus
6257	911	839	Epsilon Dyssebeia	Dyssebeia	Gas giant	FALSE	FALSE	FALSE	FALSE	FALSE			Phyleus
6258	961	864	Zeta Eirene	Eirene	Alien world	FALSE	FALSE	FALSE	FALSE	FALSE			Phyleus
6260	858	870	Alpha Phlegyas	Phlegyas	Alien world	FALSE	FALSE	FALSE	FALSE	FALSE			Phyleus
6261	858	870	Phlegyas dealership	Phlegyas	Heroware	FALSE	FALSE	FALSE	FALSE	FALSE			Phyleus
6262	850	870	Abrota	Abrota	Sun	TRUE	TRUE	FALSE	FALSE	FALSE		Phlegyas, Dyssebeia, Butes	Phyleus
6263	850	870	Alpha Abrota	Abrota	Terran planet	FALSE	FALSE	FALSE	FALSE	FALSE			Phyleus
6264	850	870	Psi Abrota	Abrota	Barren rock	FALSE	FALSE	FALSE	FALSE	FALSE	moon		Phyleus
6265	850	870	Chi Abrota	Abrota	Barren rock	FALSE	FALSE	FALSE	FALSE	FALSE	moon		Phyleus
6266	850	870	Phi Abrota	Abrota	Artificial moon	FALSE	FALSE	FALSE	FALSE	FALSE	moon		Phyleus
6267	850	870	Epsilon Abrota	Abrota	Inferno	FALSE	TRUE	FALSE	FALSE	FALSE			Phyleus
6268	850	870	Zeta Abrota	Abrota	Frozen wasteland	FALSE	FALSE	FALSE	TRUE	FALSE			Phyleus
6269	850	870	Eta Abrota	Abrota	Alien world	FALSE	FALSE	TRUE	FALSE	FALSE			Phyleus
6270	850	870	Theta Abrota	Abrota	Alien world	FALSE	FALSE	FALSE	FALSE	FALSE			Phyleus
6271	849	913	Ctimene	Ctimene	Sun	TRUE	TRUE	FALSE	FALSE	FALSE		Butes	Phyleus
6272	849	913	Alpha Ctimene	Ctimene	Inferno	FALSE	TRUE	FALSE	FALSE	FALSE			Phyleus
6273	849	913	Beta Ctimene	Ctimene	Terran planet	FALSE	FALSE	FALSE	FALSE	FALSE			Phyleus
6274	849	913	Chi Ctimene	Ctimene	Alien world	FALSE	FALSE	FALSE	FALSE	FALSE	moon		Phyleus
6275	849	913	Delta Ctimene	Ctimene	Inferno	FALSE	TRUE	FALSE	FALSE	FALSE			Phyleus
6276	849	913	Ctimene dealership	Ctimene	Heroware	FALSE	FALSE	FALSE	FALSE	FALSE			Phyleus
6277	849	913	Zeta Ctimene	Ctimene	Frozen wasteland	FALSE	FALSE	FALSE	TRUE	FALSE			Phyleus
6278	849	913	Ctimene campus	Ctimene	Heroes Academy	FALSE	FALSE	FALSE	FALSE	FALSE			Phyleus
6279	850	887	Butes	Butes	Sun	TRUE	TRUE	FALSE	FALSE	FALSE		Ctimene, Nicothoe, Abrota	Phyleus
6280	850	887	Alpha Butes	Butes	Alien world	FALSE	FALSE	FALSE	FALSE	FALSE			Phyleus
6281	850	887	Beta Butes	Butes	Terran planet	FALSE	FALSE	FALSE	FALSE	FALSE			Phyleus
6282	850	887	Chi Butes	Butes	Barren rock	FALSE	FALSE	FALSE	FALSE	FALSE	moon		Phyleus
6283	850	887	Phi Butes	Butes	Artificial moon	FALSE	FALSE	FALSE	FALSE	FALSE	moon		Phyleus
6284	850	887	Upsilon Butes	Butes	Barren rock	FALSE	FALSE	FALSE	FALSE	FALSE	moon		Phyleus
6285	850	887	Zeta Butes	Butes	Gas giant	FALSE	FALSE	FALSE	FALSE	FALSE			Phyleus
6286	850	887	Eta Butes	Butes	Terran planet	FALSE	FALSE	FALSE	FALSE	FALSE			Phyleus
6287	850	887	Butes station	Butes	Aftermarket Station	FALSE	FALSE	FALSE	FALSE	FALSE			Phyleus
6288	871	894	Nicothoe	Nicothoe	Sun	TRUE	TRUE	FALSE	FALSE	FALSE		Butes	Phyleus
6289	871	894	Alpha Nicothoe	Nicothoe	Gas giant	FALSE	FALSE	FALSE	FALSE	FALSE			Phyleus
6290	871	894	Psi Nicothoe	Nicothoe	Barren rock	FALSE	FALSE	FALSE	FALSE	FALSE	moon		Phyleus
6291	927	928	Teucer	Teucer	Sun	TRUE	TRUE	FALSE	FALSE	FALSE		Dascylus, Caerus, Abia	Theia
6292	927	928	Qamata	Teucer	Asteroid belt	FALSE	TRUE	FALSE	FALSE	FALSE			Theia
6293	927	928	Outlet 30439.30424	Teucer	Gus's Gas	FALSE	FALSE	FALSE	FALSE	FALSE			Theia
6294	927	928	Gamma Teucer	Teucer	Terran planet	FALSE	FALSE	FALSE	FALSE	FALSE			Theia
6295	927	928	Delta Teucer	Teucer	Alien world	FALSE	FALSE	FALSE	FALSE	FALSE			Theia
6296	927	928	Epsilon Teucer	Teucer	Alien world	FALSE	FALSE	FALSE	FALSE	FALSE			Theia
6297	927	928	Zeta Teucer	Teucer	Alien world	FALSE	FALSE	FALSE	FALSE	FALSE			Theia
6298	927	928	Restaurant #7568	Teucer	Space Burger	FALSE	FALSE	FALSE	FALSE	FALSE			Theia
6299	897	866	Oeneus	Oeneus	Sun	TRUE	TRUE	FALSE	FALSE	FALSE		Bias	Theia
6300	897	866	Alpha Oeneus	Oeneus	Terran planet	FALSE	FALSE	FALSE	FALSE	FALSE			Theia
6301	897	866	Psi Oeneus	Oeneus	Alien world	FALSE	FALSE	FALSE	FALSE	FALSE	moon		Theia
6302	897	866	Chi Oeneus	Oeneus	Barren rock	FALSE	FALSE	FALSE	FALSE	FALSE	moon		Theia
6303	897	866	Delta Oeneus	Oeneus	Terran planet	FALSE	FALSE	FALSE	FALSE	FALSE			Theia
6304	897	866	Epsilon Oeneus	Oeneus	Gas giant	FALSE	FALSE	FALSE	FALSE	FALSE			Theia
6305	897	866	Tau Oeneus	Oeneus	Alien world	FALSE	FALSE	FALSE	FALSE	FALSE	moon		Theia
6306	897	866	Sigma Oeneus	Oeneus	Alien world	FALSE	FALSE	FALSE	FALSE	FALSE	moon		Theia
6307	907	864	Bias	Bias	Sun	TRUE	TRUE	FALSE	FALSE	FALSE		Oeneus, Dotis	Theia
6308	907	864	Alpha Bias	Bias	Alien world	FALSE	FALSE	FALSE	FALSE	FALSE			Theia
6309	907	864	Beta Bias	Bias	Gas giant	FALSE	FALSE	FALSE	FALSE	FALSE			Theia
6310	907	864	Gamma Bias	Bias	Alien world	FALSE	FALSE	FALSE	FALSE	FALSE			Theia
6311	907	864	Delta Bias	Bias	Alien world	FALSE	FALSE	FALSE	FALSE	FALSE			Theia
6312	917	861	Dotis	Dotis	Sun	TRUE	TRUE	FALSE	FALSE	FALSE		Bias, Astynome	Theia
6313	917	861	Alpha Dotis	Dotis	Alien world	FALSE	FALSE	TRUE	FALSE	FALSE			Theia
6314	917	861	Psi Dotis	Dotis	Alien world	FALSE	FALSE	FALSE	FALSE	FALSE	moon		Theia
6315	917	861	Chi Dotis	Dotis	Alien world	FALSE	FALSE	FALSE	FALSE	FALSE	moon		Theia
6316	917	861	Phi Dotis	Dotis	Artificial moon	FALSE	FALSE	FALSE	FALSE	FALSE	moon		Theia
6317	917	861	Epsilon Dotis	Dotis	Gas giant	FALSE	FALSE	FALSE	FALSE	FALSE			Theia
6318	917	861	Zeta Dotis	Dotis	Alien world	FALSE	FALSE	FALSE	FALSE	FALSE			Theia
6319	917	861	Eta Dotis	Dotis	Terran planet	FALSE	FALSE	FALSE	FALSE	FALSE			Theia
6320	940	885	Argestes	Argestes	Sun	TRUE	TRUE	FALSE	FALSE	FALSE		Astynome	Theia
6321	940	885	Alpha Argestes	Argestes	Inferno	FALSE	TRUE	FALSE	FALSE	FALSE			Theia
6322	940	885	Beta Argestes	Argestes	Terran planet	FALSE	FALSE	FALSE	FALSE	FALSE			Theia
6323	940	885	Gamma Argestes	Argestes	Alien world	FALSE	FALSE	FALSE	FALSE	FALSE			Theia
6324	940	885	Delta Argestes	Argestes	Gas giant	FALSE	FALSE	FALSE	FALSE	FALSE			Theia
6325	940	885	Upsilon Argestes	Argestes	Barren rock	FALSE	FALSE	FALSE	FALSE	FALSE	moon		Theia
6326	940	885	Tau Argestes	Argestes	Alien world	FALSE	FALSE	FALSE	FALSE	FALSE	moon		Theia
6327	896	885	Nireus	Nireus	Sun	TRUE	TRUE	FALSE	FALSE	FALSE		Arisbas	Theia
6328	896	885	Alpha Nireus	Nireus	Alien world	FALSE	FALSE	FALSE	FALSE	FALSE			Theia
6329	896	885	Outlet 29397.29019	Nireus	Gus's Gas	FALSE	FALSE	FALSE	FALSE	FALSE			Theia
6330	896	885	Gamma Nireus	Nireus	Alien world	FALSE	FALSE	FALSE	FALSE	FALSE			Theia
6331	914	880	Arisbas	Arisbas	Sun	TRUE	TRUE	FALSE	FALSE	FALSE		Nireus, Astynome	Theia
6332	914	880	Alpha Arisbas	Arisbas	Alien world	FALSE	FALSE	FALSE	FALSE	FALSE			Theia
6333	914	880	Beta Arisbas	Arisbas	Terran planet	FALSE	FALSE	FALSE	FALSE	FALSE			Theia
6334	914	880	Gamma Arisbas	Arisbas	Terran planet	FALSE	FALSE	FALSE	FALSE	FALSE			Theia
6335	914	880	Delta Arisbas	Arisbas	Terran planet	FALSE	FALSE	FALSE	FALSE	FALSE			Theia
6336	923	875	Astynome	Astynome	Sun	TRUE	TRUE	FALSE	FALSE	FALSE		Arisbas, Dotis, Argestes, Abia	Theia
6337	923	875	Alpha Astynome	Astynome	Gas giant	FALSE	FALSE	FALSE	FALSE	FALSE			Theia
6338	923	875	Psi Astynome	Astynome	Alien world	FALSE	FALSE	FALSE	FALSE	FALSE	moon		Theia
6339	923	875	Chi Astynome	Astynome	Alien world	FALSE	FALSE	FALSE	FALSE	FALSE	moon		Theia
6340	923	875	Delta Astynome	Astynome	Gas giant	FALSE	FALSE	FALSE	FALSE	FALSE			Theia
6341	923	875	Upsilon Astynome	Astynome	Barren rock	FALSE	FALSE	FALSE	FALSE	FALSE	moon		Theia
6342	923	875	Zeta Astynome	Astynome	Terran planet	FALSE	FALSE	FALSE	FALSE	FALSE			Theia
6343	923	875	Eta Astynome	Astynome	Alien world	FALSE	FALSE	FALSE	FALSE	FALSE			Theia
6344	923	875	Theta Astynome	Astynome	Alien world	FALSE	FALSE	FALSE	FALSE	FALSE			Theia
6345	902	915	Niobe	Niobe	Sun	TRUE	TRUE	FALSE	FALSE	FALSE		Acallaris	Theia
6346	902	915	Alpha Niobe	Niobe	Alien world	FALSE	FALSE	FALSE	FALSE	FALSE			Theia
6347	902	915	Psi Niobe	Niobe	Barren rock	FALSE	FALSE	FALSE	FALSE	FALSE	moon		Theia
6348	902	915	Chi Niobe	Niobe	Barren rock	FALSE	FALSE	FALSE	FALSE	FALSE	moon		Theia
6349	885	920	Acallaris	Acallaris	Sun	TRUE	TRUE	FALSE	FALSE	FALSE		Abia, Niobe	Theia
6350	885	920	Alpha Acallaris	Acallaris	Inferno	FALSE	TRUE	TRUE	FALSE	FALSE			Theia
6351	905	935	Abia	Abia	Sun	TRUE	TRUE	FALSE	FALSE	FALSE		Acallaris, Astynome, Teucer	Theia
6352	905	935	Alpha Abia	Abia	Alien world	FALSE	FALSE	FALSE	FALSE	FALSE			Theia
6353	905	935	Beta Abia	Abia	Terran planet	FALSE	FALSE	FALSE	FALSE	FALSE			Theia
6354	905	935	Gamma Abia	Abia	Alien world	FALSE	FALSE	FALSE	FALSE	FALSE			Theia
6355	905	935	Delta Abia	Abia	Alien world	FALSE	FALSE	FALSE	FALSE	FALSE			Theia
6356	905	935	Abia campus	Abia	Heroes Academy	FALSE	FALSE	FALSE	FALSE	FALSE			Theia
6357	934	912	Dascylus	Dascylus	Sun	TRUE	TRUE	FALSE	FALSE	FALSE		Teucer	Theia
6358	934	912	Alpha Dascylus	Dascylus	Terran planet	FALSE	FALSE	FALSE	FALSE	FALSE			Theia
6359	934	912	Madam Mirielle	Dascylus	Fortune Teller	FALSE	FALSE	FALSE	FALSE	FALSE			Theia
6360	934	912	Chi Dascylus	Dascylus	Barren rock	FALSE	FALSE	FALSE	FALSE	FALSE	moon		Theia
6361	934	912	Phi Dascylus	Dascylus	Artificial moon	FALSE	FALSE	FALSE	FALSE	FALSE	moon		Theia
6362	951	979	Caerus	Caerus	Sun	TRUE	TRUE	FALSE	FALSE	FALSE		Teucer	Theia
6363	951	979	Alpha Caerus	Caerus	Alien world	FALSE	FALSE	FALSE	FALSE	FALSE			Theia
6364	951	979	Beta Caerus	Caerus	Terran planet	FALSE	FALSE	FALSE	FALSE	FALSE			Theia